67.0 APEX_CODE,FINEST;APEX_PROFILING,INFO;CALLOUT,INFO;DATA_ACCESS,INFO;DB,INFO;NBA,INFO;SYSTEM,DEBUG;VALIDATION,INFO;VISUALFORCE,FINER;WAVE,INFO;WORKFLOW,INFO
13:58:44.0 (310352)|USER_INFO|[EXTERNAL]|005Pj00000cEmDO|nuvei_connect_webhook@00d30000000pe7xeau.org.force.com|(GMT+00:00) Greenwich Mean Time (GMT)|GMTZ
13:58:44.0 (366732)|EXECUTION_STARTED
13:58:44.0 (389642)|CODE_UNIT_STARTED|[EXTERNAL]|01pPj00000hVazJ|NuveiConnectWebhookQueueable
13:58:44.0 (721394)|HEAP_ALLOCATE|[95]|Bytes:3
13:58:44.0 (817225)|HEAP_ALLOCATE|[100]|Bytes:152
13:58:44.0 (828825)|HEAP_ALLOCATE|[417]|Bytes:408
13:58:44.0 (835935)|HEAP_ALLOCATE|[430]|Bytes:408
13:58:44.0 (850735)|HEAP_ALLOCATE|[317]|Bytes:6
13:58:44.0 (857715)|HEAP_ALLOCATE|[EXTERNAL]|Bytes:5
13:58:44.0 (893415)|SYSTEM_METHOD_ENTRY|[14]|QueueableContextImpl.QueueableContextImpl()
13:58:44.0 (910915)|STATEMENT_EXECUTE|[14]
13:58:44.0 (931826)|SYSTEM_METHOD_EXIT|[14]|QueueableContextImpl
13:58:44.0 (939216)|HEAP_ALLOCATE|[EXTERNAL]|Bytes:8
13:58:44.0 (965396)|HEAP_ALLOCATE|[EXTERNAL]|Bytes:4
13:58:44.0 (1012666)|VARIABLE_SCOPE_BEGIN|[21]|this|System.QueueableContextImpl|true|false
13:58:44.0 (1159637)|VARIABLE_ASSIGNMENT|[21]|this|{}|0x463ad65b
13:58:44.0 (1164877)|VARIABLE_SCOPE_BEGIN|[21]|jobId|Id|false|false
13:58:44.0 (1334828)|VARIABLE_ASSIGNMENT|[21]|jobId|"707Pj000040J7yGIAS"
13:58:44.0 (7820487)|HEAP_ALLOCATE|[EXTERNAL]|Bytes:5
13:58:44.0 (7844137)|METHOD_ENTRY|[12]|01pPj00000hVazJ|NuveiConnectWebhookQueueable.NuveiConnectWebhookQueueable()
13:58:44.0 (7848997)|STATEMENT_EXECUTE|[12]
13:58:44.0 (7852357)|STATEMENT_EXECUTE|[12]
13:58:44.0 (7868927)|HEAP_ALLOCATE|[68]|Bytes:5
13:58:44.0 (7907927)|HEAP_ALLOCATE|[74]|Bytes:5
13:58:44.0 (7912337)|HEAP_ALLOCATE|[82]|Bytes:7
13:58:44.0 (8048648)|HEAP_ALLOCATE|[EXTERNAL]|Bytes:5
13:58:44.0 (8059378)|METHOD_EXIT|[12]|NuveiConnectWebhookQueueable
13:58:44.0 (8065478)|HEAP_ALLOCATE|[EXTERNAL]|Bytes:12
13:58:44.0 (8066908)|HEAP_ALLOCATE|[EXTERNAL]|Bytes:8
13:58:44.0 (8072628)|VARIABLE_SCOPE_BEGIN|[21]|this|NuveiConnectWebhookQueueable|true|false
13:58:44.0 (8191769)|VARIABLE_ASSIGNMENT|[21]|this|{"inboundLogId":"a57Pj000003W2o9IAC","rawBody":"{\"eventType\":\"APPLICATION_SUBMITTED\",\"applicationId\":\"NC178792551537\",\"applicationStatus\":\"SUBMITTED\",\"remark\":\"\",\"applicationData\":\"{\\\"autoSubmit\\\":true,\\\"taxDetails\\\":{\\\"taxIdentificationType\\\":\\\"VAT\\\",\\\"taxIdentificationNumber\\\":\\\"32153891-2-43\\\"},\\\"salesProfile\\\":{\\\"refundPolicy\\\":\\\"WITHIN_30_DAYS\\\",\\\"targetMarkets\\\":[\\\"US\\\"],\\\"recurringBilling\\\":false,\\\"highestTicketSize\\\":10000,\\\"averageRefundRatio\\\":3,\\\"expectedSalesValue\\\":{\\\"period\\\":\\\"MONTHLY\\\",\\\"expectedRevenue\\\":807000},\\\"processingCurrencies\\\":[\\\"GBP\\\"],\\\"averageChargebackRatio\\\":0.5,\\\"averageTransactionValue\\\":1750,\\\"currentProcessingPayments\\\":{\\\"documents\\\":[{\\\"documentName\\\":\\\"processing_statement.pdf\\\",\\\"documentType\\\":\\\"PROCESSING_STATEMENTS\\\"}],\\\"currentProcessorName\\\":\\\"Nuvei\\\",\\\"yearsWithCurrentProcessor\\\":1},\\\"percentageMotoTransactions\\\":0,\\\"averageOrderFulfillmentTime\\\":\\\"6_15_DAYS\\\",\\\"percentageOnlineTransactions\\\":100,\\\"percentageInStoreTransactions\\\":0},\\\"bankingInformation\\\":[{\\\"iban\\\":\\\"BE81915297405324\\\",\\\"documents\\\":[{\\\"documentName\\\":\\\"bank_statement.pdf\\\",\\\"documentType\\\":\\\"BANK_STATEMENT\\\"}],\\\"swiftCode\\\":\\\"OONXBEBBXXX\\\",\\\"bankCountry\\\":\\\"BE\\\",\\\"accountCurrency\\\":\\\"EUR\\\",\\\"accountHolderName\\\":\\\"Syntech Solutions\\\"},{\\\"iban\\\":\\\"LT423250060942172047\\\",\\\"documents\\\":[{\\\"documentName\\\":\\\"bank_statement.pdf\\\",\\\"documentType\\\":\\\"BANK_STATEMENT\\\"}],\\\"swiftCode\\\":\\\"REVOLT21\\\",\\\"bankCountry\\\":\\\"LT\\\",\\\"accountCurrency\\\":\\\"GBP\\\",\\\"accountHolderName\\\":\\\"Syntech Solutions Kft\\\"}],\\\"businessInformation\\\":{\\\"addresses\\\":[{\\\"city\\\":\\\"Budapest\\\",\\\"country\\\":\\\"HU\\\",\\\"postalCode\\\":\\\"1203\\\",\\\"addressType\\\":\\\"BUSINESS_ADDRESS\\\",\\\"addressLine1\\\":\\\"Kinizsi utca 20. Fsz.1. ajto\\\",\\\"stateOrProvince\\\":\\\"HU-BU\\\"},{\\\"city\\\":\\\"Budapest\\\",\\\"country\\\":\\\"HU\\\",\\\"postalCode\\\":\\\"1203\\\",\\\"addressType\\\":\\\"TRADING_ADDRESS\\\",\\\"addressLine1\\\":\\\"Kinizsi utca 20. Fsz.1. ajto\\\",\\\"stateOrProvince\\\":\\\"HU-BU\\\"}],\\\"legalName\\\":\\\"Syntech Solutions Kft.\\\",\\\"websiteUrl\\\":\\\"http://cosmedicalsupply.com\\\",\\\"businessType\\\":\\\"LIMITED_COMPANY\\\",\\\"doingBusinessAs\\\":\\\"Syntech Solutions\\\",\\\"businessStartDate\\\":\\\"2022-12-01\\\",\\\"contactInformation\\\":{\\\"lastName\\\":\\\"Applications\\\",\\\"firstName\\\":\\\"Areto Payments\\\",\\\"businessEmail\\\":\\\"applications@aretopayment.com\\\",\\\"contactNumber\\\":\\\"+18553106344\\\"},\\\"productDescription\\\":\\\"Wholesale of Medical Supplies\\\",\\\"merchantCategoryCode\\\":\\\"5047\\\",\\\"businessRegistrationNumber\\\":\\\"01-09-409373\\\"},\\\"additionalInformation\\\":{\\\"portalAdminEmail\\\":\\\"ivo@gmail.com\\\",\\\"portalAdminLastName\\\":\\\"Nik\\\",\\\"applicationSignatory\\\":{\\\"dateOfBirth\\\":\\\"1968-10-13\\\",\\\"legalLastName\\\":\\\"Tsekov\\\",\\\"legalFirstName\\\":\\\"Vladimir Tsvetanov\\\"},\\\"portalAdminFirstName\\\":\\\"Ivo\\\",\\\"applicationSignedDate\\\":\\\"2026-08-28\\\",\\\"consentToPrivacyPolicy\\\":true,\\\"portalAdminContactNumber\\\":\\\"+18553106344\\\",\\\"notificationSubscribers\\\":[]},\\\"businessOwnerInformation\\\":[{\\\"email\\\":\\\"vladimir.tsekov@yahoo.com\\\",\\\"ownerRole\\\":\\\"DIRECTOR_OWNER\\\",\\\"dateOfBirth\\\":\\\"1968-10-13\\\",\\\"homeAddress\\\":{\\\"city\\\":\\\"Varna\\\",\\\"country\\\":\\\"BG\\\",\\\"postalCode\\\":\\\"9000\\\",\\\"addressLine1\\\":\\\"4, Stenka Razin Str.\\\",\\\"stateOrProvince\\\":\\\"BG-03\\\"},\\\"nationality\\\":\\\"BG\\\",\\\"contactNumber\\\":\\\"+359889532567\\\",\\\"legalLastName\\\":\\\"Tsekov\\\",\\\"legalFirstName\\\":\\\"Vladimir Tsvetanov\\\",\\\"isBeneficialOwner\\\":true,\\\"isAuthorizedSignatory\\\":true,\\\"percentageOfOwnership\\\":100}],\\\"partnerAccountId\\\":\\\"b66725b6-7725-45ff-ad1e-cfad3939695f\\\",\\\"metadata\\\":{\\\"partnerId\\\":\\\"ff1abfba-c5b4-428c-b328-48062944b956\\\",\\\"partnerExternalId\\\":\\\"b5abf69f-0859-4b57-87e2-3ed82e041291\\\",\\\"businessChannel\\\":\\\"API\\\"}}\"}"}|0x64500757
13:58:44.0 (8222779)|VARIABLE_SCOPE_BEGIN|[21]|ctx|System.QueueableContext|true|false
13:58:44.0 (8237739)|VARIABLE_ASSIGNMENT|[21]|ctx|{"jobId":"707Pj000040J7yGIAS"}|0x463ad65b
13:58:44.0 (8245539)|HEAP_ALLOCATE|[22]|Bytes:5
13:58:44.0 (8248039)|STATEMENT_EXECUTE|[21]
13:58:44.0 (8248699)|STATEMENT_EXECUTE|[22]
13:58:44.0 (8256899)|VARIABLE_SCOPE_BEGIN|[22]|appId|String|false|false
13:58:44.0 (8261939)|VARIABLE_ASSIGNMENT|[22]|appId|null
13:58:44.0 (8263429)|STATEMENT_EXECUTE|[23]
13:58:44.0 (8263899)|STATEMENT_EXECUTE|[23]
13:58:44.0 (8264649)|STATEMENT_EXECUTE|[24]
13:58:44.0 (8316320)|HEAP_ALLOCATE|[24]|Bytes:24
13:58:44.0 (8322890)|SYSTEM_METHOD_ENTRY|[1]|JSON.JSON()
13:58:44.0 (8324500)|STATEMENT_EXECUTE|[1]
13:58:44.0 (8328200)|SYSTEM_METHOD_EXIT|[1]|JSON
13:58:44.0 (8338070)|METHOD_ENTRY|[24]||System.JSON.deserializeUntyped(String)
13:58:44.0 (8751012)|METHOD_EXIT|[24]||System.JSON.deserializeUntyped(String)
13:58:44.0 (8757772)|VARIABLE_SCOPE_BEGIN|[24]|envelope|Map<String,ANY>|true|false
13:58:44.0 (8786472)|VARIABLE_ASSIGNMENT|[24]|envelope|{"eventType":"APPLICATION_SUBMITTE (1 more) ...","applicationId":"NC178792551537","applicationStatus":"SUBMITTED","remark":"","applicationData":"{\"autoSubmit\":true,\" (3040 more) ..."}|0x462377a3
13:58:44.0 (8789222)|STATEMENT_EXECUTE|[25]
13:58:44.0 (8790652)|HEAP_ALLOCATE|[25]|Bytes:15
13:58:44.0 (8811073)|VARIABLE_SCOPE_BEGIN|[25]|appDataStr|String|false|false
13:58:44.0 (8814323)|VARIABLE_ASSIGNMENT|[25]|appDataStr|"{\"autoSubmit\":true,\" (3040 more) ..."
13:58:44.0 (8815783)|STATEMENT_EXECUTE|[26]
13:58:44.0 (8818113)|METHOD_ENTRY|[26]||System.JSON.deserializeUntyped(String)
13:58:44.0 (11018736)|METHOD_EXIT|[26]||System.JSON.deserializeUntyped(String)
13:58:44.0 (11024866)|VARIABLE_SCOPE_BEGIN|[26]|appData|Map<String,ANY>|true|false
13:58:44.0 (11038976)|HEAP_ALLOCATE|[EXTERNAL]|Bytes:8
13:58:44.0 (11044346)|HEAP_ALLOCATE|[EXTERNAL]|Bytes:8
13:58:44.0 (11050516)|HEAP_ALLOCATE|[EXTERNAL]|Bytes:8
13:58:44.0 (11058426)|HEAP_ALLOCATE|[EXTERNAL]|Bytes:8
13:58:44.0 (11063776)|HEAP_ALLOCATE|[EXTERNAL]|Bytes:8
13:58:44.0 (11065826)|HEAP_ALLOCATE|[EXTERNAL]|Bytes:12
13:58:44.0 (11072406)|HEAP_ALLOCATE|[EXTERNAL]|Bytes:12
13:58:44.0 (11082046)|HEAP_ALLOCATE|[EXTERNAL]|Bytes:4
13:58:44.0 (11090086)|HEAP_ALLOCATE|[EXTERNAL]|Bytes:8
13:58:44.0 (11097736)|VARIABLE_ASSIGNMENT|[26]|appData|"Map of size 9 too large to display"|0x23d90657
13:58:44.0 (11099966)|STATEMENT_EXECUTE|[27]
13:58:44.0 (11101616)|HEAP_ALLOCATE|[27]|Bytes:13
13:58:44.0 (11117336)|HEAP_ALLOCATE|[EXTERNAL]|Bytes:-4
13:58:44.0 (11119476)|STATEMENT_EXECUTE|[28]
13:58:44.0 (11120446)|HEAP_ALLOCATE|[28]|Bytes:17
13:58:44.0 (11126496)|HEAP_ALLOCATE|[EXTERNAL]|Bytes:-4
13:58:44.0 (11128006)|STATEMENT_EXECUTE|[29]
13:58:44.0 (11135326)|VARIABLE_ASSIGNMENT|[29]|appId|"NC178792551537"
13:58:44.0 (11136866)|STATEMENT_EXECUTE|[31]
13:58:44.0 (11140726)|METHOD_ENTRY|[33]||System.JSON.serialize(Object)
13:58:44.0 (12522675)|METHOD_EXIT|[33]||System.JSON.serialize(Object)
13:58:44.0 (12528175)|HEAP_ALLOCATE|[34]|Bytes:46
13:58:44.0 (15691323)|HEAP_ALLOCATE|[34]|Bytes:33
13:58:44.0 (15707433)|SYSTEM_METHOD_ENTRY|[1]|Type.Type()
13:58:44.0 (15710503)|STATEMENT_EXECUTE|[1]
13:58:44.0 (15715263)|SYSTEM_METHOD_EXIT|[1]|Type
13:58:44.0 (15729893)|HEAP_ALLOCATE|[34]|Bytes:8
13:58:44.0 (15737503)|HEAP_ALLOCATE|[34]|Bytes:8
13:58:44.0 (15742203)|VARIABLE_SCOPE_BEGIN|[4]|this|System.Type|true|false
13:58:44.0 (15764764)|VARIABLE_ASSIGNMENT|[4]|this|{}|0x6eda564f
13:58:44.0 (15768444)|VARIABLE_SCOPE_BEGIN|[4]|apextype|java:common.apex.runtime.ApexObjectType|true|false
13:58:44.0 (15807734)|VARIABLE_ASSIGNMENT|[4]|apextype|"NuveiConnectWebhookHandler.NuveiConnectRequest"|0x41cdce76
13:58:44.0 (15833294)|HEAP_ALLOCATE|[34]|Bytes:8
13:58:44.0 (15842264)|METHOD_ENTRY|[32]||System.JSON.deserialize(String, System.Type)
13:58:44.0 (20172939)|METHOD_EXIT|[32]||System.JSON.deserialize(String, System.Type)
13:58:44.0 (20183069)|VARIABLE_SCOPE_BEGIN|[31]|ncReq|NuveiConnectWebhookHandler.NuveiConnectRequest|true|false
13:58:44.0 (20240860)|VARIABLE_ASSIGNMENT|[31]|ncReq|{"additionalInformation":"0x11359e0b","applicationId":"NC178792551537","applicationStatus":"SUBMITTED","bankingInformation":"0x45ddfc8f","businessInformation":"0x46f42a12","businessOwnerInformation":"0x59e8fca4","metadata":"0x6410e454","salesProfile":"0x4e0345dd","taxDetails":"0x29c042b5"}|0x375386f5
13:58:44.0 (20244900)|STATEMENT_EXECUTE|[37]
13:58:44.0 (20259120)|VARIABLE_SCOPE_BEGIN|[157]|NuveiConnectWebhookHandler.EU_COUNTRIES|Set<String>|true|true
13:58:44.0 (20262360)|VARIABLE_SCOPE_BEGIN|[156]|NuveiConnectWebhookHandler.GIBRALTAR_COUNTRIES|Set<String>|true|true
13:58:44.0 (20266460)|VARIABLE_SCOPE_BEGIN|[240]|NuveiConnectWebhookHandler.ISO_TO_COUNTRY_NAME|Map<String,String>|true|true
13:58:44.0 (20269340)|VARIABLE_SCOPE_BEGIN|[92]|NuveiConnectWebhookHandler.NC_TO_NC_NORMALIZED|Map<String,String>|true|true
13:58:44.0 (20271960)|VARIABLE_SCOPE_BEGIN|[124]|NuveiConnectWebhookHandler.NC_TO_SF_COMPANY_TYPE|Map<String,String>|true|true
13:58:44.0 (20275640)|VARIABLE_SCOPE_BEGIN|[199]|NuveiConnectWebhookHandler.NC_TO_SF_FULFILLMENT|Map<String,String>|true|true
13:58:44.0 (20278400)|VARIABLE_SCOPE_BEGIN|[67]|NuveiConnectWebhookHandler.NC_TO_SF_STATUS|Map<String,String>|true|true
13:58:44.0 (20281060)|VARIABLE_SCOPE_BEGIN|[213]|NuveiConnectWebhookHandler.NC_TO_SF_UK_STATE|Map<String,String>|true|true
13:58:44.0 (20284400)|VARIABLE_SCOPE_BEGIN|[64]|NuveiConnectWebhookHandler.RT_EL_NC|Id|false|true
13:58:44.0 (20287320)|VARIABLE_SCOPE_BEGIN|[155]|NuveiConnectWebhookHandler.UK_COUNTRIES|Set<String>|true|true
13:58:44.0 (20309590)|VARIABLE_SCOPE_BEGIN|[174]|NuveiConnectWebhookHandler.complianceRtIdByDevName|Map<String,Id>|true|true
13:58:44.0 (20315220)|HEAP_ALLOCATE|[38]|Bytes:255
13:58:44.0 (20318670)|HEAP_ALLOCATE|[38]|Bytes:152
13:58:44.0 (20320240)|HEAP_ALLOCATE|[38]|Bytes:63
13:58:44.0 (20331290)|METHOD_ENTRY|[2]|01pPj00000cpZZ8|NuveiConnectWebhookHandler.NuveiConnectWebhookHandler()
13:58:44.0 (20333960)|STATEMENT_EXECUTE|[2]
13:58:44.0 (20335420)|STATEMENT_EXECUTE|[2]
13:58:44.0 (20338610)|HEAP_ALLOCATE|[64]|Bytes:5
13:58:44.0 (20340120)|STATEMENT_EXECUTE|[64]
13:58:44.0 (20341710)|HEAP_ALLOCATE|[64]|Bytes:16
13:58:44.0 (20343220)|HEAP_ALLOCATE|[64]|Bytes:12
13:58:44.0 (20398511)|VARIABLE_SCOPE_BEGIN|[4]|RecordTypeHelper.recordTypeIdCache|Map<String,Id>|true|true
13:58:44.0 (20403131)|HEAP_ALLOCATE|[64]|Bytes:1
13:58:44.0 (20413421)|METHOD_ENTRY|[1]|01pPj00000GPILX|RecordTypeHelper.RecordTypeHelper()
13:58:44.0 (20415441)|STATEMENT_EXECUTE|[1]
13:58:44.0 (20416341)|STATEMENT_EXECUTE|[1]
13:58:44.0 (21644098)|SYSTEM_MODE_ENTER|false
13:58:44.0 (21684478)|HEAP_ALLOCATE|[4]|Bytes:5
13:58:44.0 (21699578)|STATEMENT_EXECUTE|[4]
13:58:44.0 (21745628)|HEAP_ALLOCATE|[4]|Bytes:4
13:58:44.0 (21830639)|VARIABLE_ASSIGNMENT|[4]|RecordTypeHelper.recordTypeIdCache|{}|0x43bb309c
13:58:44.0 (21840709)|SYSTEM_MODE_EXIT|false
13:58:44.0 (21864249)|METHOD_EXIT|[1]|RecordTypeHelper
13:58:44.0 (21903999)|METHOD_ENTRY|[64]|01pPj00000GPILX|RecordTypeHelper.getRecordTypeIdByName(String, String)
13:58:44.0 (21948030)|VARIABLE_SCOPE_BEGIN|[7]|objectName|String|false|false
13:58:44.0 (21963420)|VARIABLE_ASSIGNMENT|[7]|objectName|"Execution_Log__c"
13:58:44.0 (21966030)|VARIABLE_SCOPE_BEGIN|[7]|recordTypeName|String|false|false
13:58:44.0 (21969370)|VARIABLE_ASSIGNMENT|[7]|recordTypeName|"NuveiConnect"
13:58:44.0 (21982480)|SYSTEM_MODE_ENTER|false
13:58:44.0 (21985690)|HEAP_ALLOCATE|[9]|Bytes:5
13:58:44.0 (21988080)|STATEMENT_EXECUTE|[7]
13:58:44.0 (22073430)|STATEMENT_EXECUTE|[9]
13:58:44.0 (22074430)|STATEMENT_EXECUTE|[13]
13:58:44.0 (22077590)|HEAP_ALLOCATE|[13]|Bytes:1
13:58:44.0 (22111711)|HEAP_ALLOCATE|[13]|Bytes:29
13:58:44.0 (22114871)|VARIABLE_SCOPE_BEGIN|[13]|cacheKey|String|false|false
13:58:44.0 (22121201)|VARIABLE_ASSIGNMENT|[13]|cacheKey|"Execution_Log__c.Nuv (9 more) ..."
13:58:44.0 (22154501)|STATEMENT_EXECUTE|[14]
13:58:44.0 (22155131)|STATEMENT_EXECUTE|[20]
13:58:44.0 (22161531)|VARIABLE_SCOPE_BEGIN|[20]|recordTypeId|Id|false|false
13:58:44.0 (22166311)|VARIABLE_ASSIGNMENT|[20]|recordTypeId|null
13:58:44.0 (22168001)|STATEMENT_EXECUTE|[21]
13:58:44.0 (75301884)|HEAP_ALLOCATE|[21]|Bytes:10316
13:58:44.0 (75375095)|VARIABLE_SCOPE_BEGIN|[21]|sObjType|Schema.SObjectType|true|false
13:58:44.0 (75438875)|VARIABLE_ASSIGNMENT|[21]|sObjType|"common.apex.runtime.impl.ApexSObjectTypeToken@4b03c7dd"|0x4b03c7dd
13:58:44.0 (75444195)|STATEMENT_EXECUTE|[22]
13:58:44.0 (75445005)|STATEMENT_EXECUTE|[23]
13:58:44.0 (75841337)|HEAP_ALLOCATE|[23]|Bytes:4
13:58:44.0 (76846193)|HEAP_ALLOCATE|[23]|Bytes:16
13:58:44.0 (76899694)|VARIABLE_SCOPE_BEGIN|[23]|rtInfo|Schema.RecordTypeInfo|true|false
13:58:44.0 (76954574)|VARIABLE_ASSIGNMENT|[23]|rtInfo|"common.api.soap.wsdl.RecordTypeInfo@329090a7"|0x1bfd20a
13:58:44.0 (76958324)|STATEMENT_EXECUTE|[24]
13:58:44.0 (76959084)|STATEMENT_EXECUTE|[25]
13:58:44.0 (76970794)|HEAP_ALLOCATE|[25]|Bytes:4
13:58:44.0 (76981464)|VARIABLE_ASSIGNMENT|[25]|recordTypeId|"012Pj000009QWwjIAG"
13:58:44.0 (76983934)|STATEMENT_EXECUTE|[29]
13:58:44.0 (77029505)|HEAP_ALLOCATE|[EXTERNAL]|Bytes:-4
13:58:44.0 (77033095)|STATEMENT_EXECUTE|[30]
13:58:44.0 (77047945)|SYSTEM_MODE_EXIT|false
13:58:44.0 (77059515)|METHOD_EXIT|[64]|01pPj00000GPILX|RecordTypeHelper.getRecordTypeIdByName(String, String)
13:58:44.0 (77099625)|VARIABLE_ASSIGNMENT|[64]|NuveiConnectWebhookHandler.RT_EL_NC|"012Pj000009QWwjIAG"
13:58:44.0 (77101165)|STATEMENT_EXECUTE|[67]
13:58:44.0 (77123285)|HEAP_ALLOCATE|[67]|Bytes:4
13:58:44.0 (77134605)|HEAP_ALLOCATE|[69]|Bytes:9
13:58:44.0 (77136845)|HEAP_ALLOCATE|[69]|Bytes:17
13:58:44.0 (77149965)|HEAP_ALLOCATE|[70]|Bytes:14
13:58:44.0 (77151495)|HEAP_ALLOCATE|[70]|Bytes:22
13:58:44.0 (77154455)|HEAP_ALLOCATE|[71]|Bytes:11
13:58:44.0 (77155735)|HEAP_ALLOCATE|[71]|Bytes:19
13:58:44.0 (77158315)|HEAP_ALLOCATE|[72]|Bytes:9
13:58:44.0 (77159495)|HEAP_ALLOCATE|[72]|Bytes:17
13:58:44.0 (77161885)|HEAP_ALLOCATE|[73]|Bytes:25
13:58:44.0 (77162985)|HEAP_ALLOCATE|[73]|Bytes:33
13:58:44.0 (77165385)|HEAP_ALLOCATE|[74]|Bytes:16
13:58:44.0 (77166455)|HEAP_ALLOCATE|[74]|Bytes:24
13:58:44.0 (77169855)|HEAP_ALLOCATE|[75]|Bytes:22
13:58:44.0 (77170985)|HEAP_ALLOCATE|[75]|Bytes:30
13:58:44.0 (77173325)|HEAP_ALLOCATE|[76]|Bytes:8
13:58:44.0 (77174455)|HEAP_ALLOCATE|[76]|Bytes:16
13:58:44.0 (77176835)|HEAP_ALLOCATE|[77]|Bytes:8
13:58:44.0 (77177925)|HEAP_ALLOCATE|[77]|Bytes:16
13:58:44.0 (77180255)|HEAP_ALLOCATE|[78]|Bytes:9
13:58:44.0 (77181325)|HEAP_ALLOCATE|[78]|Bytes:17
13:58:44.0 (77183815)|HEAP_ALLOCATE|[81]|Bytes:21
13:58:44.0 (77186306)|HEAP_ALLOCATE|[82]|Bytes:19
13:58:44.0 (77188706)|HEAP_ALLOCATE|[83]|Bytes:20
13:58:44.0 (77191646)|HEAP_ALLOCATE|[84]|Bytes:34
13:58:44.0 (77194346)|HEAP_ALLOCATE|[85]|Bytes:20
13:58:44.0 (77196896)|HEAP_ALLOCATE|[86]|Bytes:31
13:58:44.0 (77214566)|VARIABLE_ASSIGNMENT|[67]|NuveiConnectWebhookHandler.NC_TO_SF_STATUS|"Map of size 16 too large to display"|0x50ac8fa6
13:58:44.0 (77216846)|STATEMENT_EXECUTE|[92]
13:58:44.0 (77222926)|HEAP_ALLOCATE|[92]|Bytes:4
13:58:44.0 (77240356)|VARIABLE_ASSIGNMENT|[92]|NuveiConnectWebhookHandler.NC_TO_NC_NORMALIZED|"Map of size 6 too large to display"|0x4f33df
13:58:44.0 (77241866)|STATEMENT_EXECUTE|[124]
13:58:44.0 (77243386)|HEAP_ALLOCATE|[125]|Bytes:4
13:58:44.0 (77245366)|HEAP_ALLOCATE|[126]|Bytes:33
13:58:44.0 (77246666)|HEAP_ALLOCATE|[126]|Bytes:19
13:58:44.0 (77251786)|HEAP_ALLOCATE|[127]|Bytes:15
13:58:44.0 (77253276)|HEAP_ALLOCATE|[127]|Bytes:7
13:58:44.0 (77255906)|HEAP_ALLOCATE|[128]|Bytes:22
13:58:44.0 (77257166)|HEAP_ALLOCATE|[128]|Bytes:14
13:58:44.0 (77259666)|HEAP_ALLOCATE|[129]|Bytes:11
13:58:44.0 (77261516)|HEAP_ALLOCATE|[129]|Bytes:11
13:58:44.0 (77264056)|HEAP_ALLOCATE|[130]|Bytes:29
13:58:44.0 (77265336)|HEAP_ALLOCATE|[130]|Bytes:29
13:58:44.0 (77267886)|HEAP_ALLOCATE|[131]|Bytes:26
13:58:44.0 (77269156)|HEAP_ALLOCATE|[131]|Bytes:26
13:58:44.0 (77271996)|HEAP_ALLOCATE|[132]|Bytes:33
13:58:44.0 (77273176)|HEAP_ALLOCATE|[132]|Bytes:10
13:58:44.0 (77275506)|HEAP_ALLOCATE|[133]|Bytes:5
13:58:44.0 (77276716)|HEAP_ALLOCATE|[133]|Bytes:5
13:58:44.0 (77279126)|HEAP_ALLOCATE|[134]|Bytes:15
13:58:44.0 (77281516)|HEAP_ALLOCATE|[135]|Bytes:26
13:58:44.0 (77284266)|HEAP_ALLOCATE|[136]|Bytes:28
13:58:44.0 (77286836)|HEAP_ALLOCATE|[137]|Bytes:5
13:58:44.0 (77289216)|HEAP_ALLOCATE|[141]|Bytes:11
13:58:44.0 (77290306)|HEAP_ALLOCATE|[141]|Bytes:11
13:58:44.0 (77293106)|HEAP_ALLOCATE|[142]|Bytes:19
13:58:44.0 (77295666)|HEAP_ALLOCATE|[143]|Bytes:11
13:58:44.0 (77296826)|HEAP_ALLOCATE|[143]|Bytes:11
13:58:44.0 (77299436)|HEAP_ALLOCATE|[144]|Bytes:15
13:58:44.0 (77300696)|HEAP_ALLOCATE|[144]|Bytes:15
13:58:44.0 (77302996)|HEAP_ALLOCATE|[145]|Bytes:10
13:58:44.0 (77305646)|HEAP_ALLOCATE|[146]|Bytes:10
13:58:44.0 (77311466)|VARIABLE_ASSIGNMENT|[124]|NuveiConnectWebhookHandler.NC_TO_SF_COMPANY_TYPE|"Map of size 18 too large to display"|0x42385261
13:58:44.0 (77312966)|STATEMENT_EXECUTE|[155]
13:58:44.0 (77319206)|HEAP_ALLOCATE|[155]|Bytes:4
13:58:44.0 (77376327)|HEAP_ALLOCATE|[155]|Bytes:14
13:58:44.0 (77417357)|VARIABLE_ASSIGNMENT|[155]|NuveiConnectWebhookHandler.UK_COUNTRIES|["United Kingdom"]|0x1c433ebd
13:58:44.0 (77419387)|STATEMENT_EXECUTE|[156]
13:58:44.0 (77420697)|HEAP_ALLOCATE|[156]|Bytes:4
13:58:44.0 (77428077)|HEAP_ALLOCATE|[156]|Bytes:9
13:58:44.0 (77435727)|VARIABLE_ASSIGNMENT|[156]|NuveiConnectWebhookHandler.GIBRALTAR_COUNTRIES|["Gibraltar"]|0x3c4e6cf1
13:58:44.0 (77437367)|STATEMENT_EXECUTE|[157]
13:58:44.0 (77438467)|HEAP_ALLOCATE|[157]|Bytes:4
13:58:44.0 (77444527)|HEAP_ALLOCATE|[158]|Bytes:7
13:58:44.0 (77447417)|HEAP_ALLOCATE|[158]|Bytes:6
13:58:44.0 (77450167)|HEAP_ALLOCATE|[158]|Bytes:5
13:58:44.0 (77452717)|HEAP_ALLOCATE|[158]|Bytes:5
13:58:44.0 (77455157)|HEAP_ALLOCATE|[158]|Bytes:15
13:58:44.0 (77457647)|HEAP_ALLOCATE|[158]|Bytes:7
13:58:44.0 (77460247)|HEAP_ALLOCATE|[158]|Bytes:7
13:58:44.0 (77462607)|HEAP_ALLOCATE|[159]|Bytes:6
13:58:44.0 (77465157)|HEAP_ALLOCATE|[159]|Bytes:8
13:58:44.0 (77467507)|HEAP_ALLOCATE|[159]|Bytes:6
13:58:44.0 (77469827)|HEAP_ALLOCATE|[159]|Bytes:7
13:58:44.0 (77472447)|HEAP_ALLOCATE|[159]|Bytes:7
13:58:44.0 (77474957)|HEAP_ALLOCATE|[159]|Bytes:6
13:58:44.0 (77477917)|HEAP_ALLOCATE|[159]|Bytes:7
13:58:44.0 (77480517)|HEAP_ALLOCATE|[160]|Bytes:11
13:58:44.0 (77482937)|HEAP_ALLOCATE|[160]|Bytes:10
13:58:44.0 (77485817)|HEAP_ALLOCATE|[160]|Bytes:14
13:58:44.0 (77488387)|HEAP_ALLOCATE|[160]|Bytes:7
13:58:44.0 (77490717)|HEAP_ALLOCATE|[160]|Bytes:7
13:58:44.0 (77495167)|HEAP_ALLOCATE|[160]|Bytes:8
13:58:44.0 (77497617)|HEAP_ALLOCATE|[161]|Bytes:6
13:58:44.0 (77500007)|HEAP_ALLOCATE|[161]|Bytes:6
13:58:44.0 (77502467)|HEAP_ALLOCATE|[161]|Bytes:5
13:58:44.0 (77504847)|HEAP_ALLOCATE|[161]|Bytes:7
13:58:44.0 (77507117)|HEAP_ALLOCATE|[161]|Bytes:6
13:58:44.0 (77510117)|HEAP_ALLOCATE|[161]|Bytes:9
13:58:44.0 (77512537)|HEAP_ALLOCATE|[161]|Bytes:8
13:58:44.0 (77515027)|HEAP_ALLOCATE|[162]|Bytes:8
13:58:44.0 (77517467)|HEAP_ALLOCATE|[162]|Bytes:7
13:58:44.0 (77567838)|VARIABLE_ASSIGNMENT|[157]|NuveiConnectWebhookHandler.EU_COUNTRIES|"List of size 29 too large to display"|0x653f5576
13:58:44.0 (77569638)|STATEMENT_EXECUTE|[199]
13:58:44.0 (77572418)|HEAP_ALLOCATE|[200]|Bytes:4
13:58:44.0 (77574498)|HEAP_ALLOCATE|[201]|Bytes:8
13:58:44.0 (77575698)|HEAP_ALLOCATE|[201]|Bytes:8
13:58:44.0 (77583848)|HEAP_ALLOCATE|[202]|Bytes:9
13:58:44.0 (77586678)|HEAP_ALLOCATE|[203]|Bytes:7
13:58:44.0 (77589048)|HEAP_ALLOCATE|[204]|Bytes:8
13:58:44.0 (77590158)|HEAP_ALLOCATE|[204]|Bytes:12
13:58:44.0 (77592458)|HEAP_ALLOCATE|[205]|Bytes:8
13:58:44.0 (77594798)|HEAP_ALLOCATE|[206]|Bytes:12
13:58:44.0 (77597218)|HEAP_ALLOCATE|[207]|Bytes:9
13:58:44.0 (77598268)|HEAP_ALLOCATE|[207]|Bytes:19
13:58:44.0 (77600568)|HEAP_ALLOCATE|[208]|Bytes:12
13:58:44.0 (77601618)|HEAP_ALLOCATE|[208]|Bytes:17
13:58:44.0 (77604318)|HEAP_ALLOCATE|[209]|Bytes:12
13:58:44.0 (77611678)|VARIABLE_ASSIGNMENT|[199]|NuveiConnectWebhookHandler.NC_TO_SF_FULFILLMENT|"Map of size 9 too large to display"|0x9ef9629
13:58:44.0 (77613338)|STATEMENT_EXECUTE|[213]
13:58:44.0 (77614688)|HEAP_ALLOCATE|[213]|Bytes:4
13:58:44.0 (77616558)|HEAP_ALLOCATE|[214]|Bytes:6
13:58:44.0 (77617808)|HEAP_ALLOCATE|[214]|Bytes:17
13:58:44.0 (77622718)|HEAP_ALLOCATE|[215]|Bytes:6
13:58:44.0 (77625288)|HEAP_ALLOCATE|[216]|Bytes:6
13:58:44.0 (77626508)|HEAP_ALLOCATE|[216]|Bytes:8
13:58:44.0 (77628898)|HEAP_ALLOCATE|[217]|Bytes:6
13:58:44.0 (77629978)|HEAP_ALLOCATE|[217]|Bytes:16
13:58:44.0 (77646198)|VARIABLE_ASSIGNMENT|[213]|NuveiConnectWebhookHandler.NC_TO_SF_UK_STATE|{"GB-ENG":"England and Wales","GB-WLS":"England and Wales","GB-SCT":"Scotland","GB-NIR":"Northern Ireland"}|0x3bba3b9
13:58:44.0 (77647978)|STATEMENT_EXECUTE|[240]
13:58:44.0 (77649128)|HEAP_ALLOCATE|[241]|Bytes:4
13:58:44.0 (77650918)|HEAP_ALLOCATE|[242]|Bytes:2
13:58:44.0 (77652048)|HEAP_ALLOCATE|[242]|Bytes:11
13:58:44.0 (77656858)|HEAP_ALLOCATE|[242]|Bytes:2
13:58:44.0 (77658118)|HEAP_ALLOCATE|[242]|Bytes:7
13:58:44.0 (77660778)|HEAP_ALLOCATE|[243]|Bytes:2
13:58:44.0 (77662168)|HEAP_ALLOCATE|[243]|Bytes:7
13:58:44.0 (77664568)|HEAP_ALLOCATE|[243]|Bytes:2
13:58:44.0 (77665888)|HEAP_ALLOCATE|[243]|Bytes:7
13:58:44.0 (77668298)|HEAP_ALLOCATE|[244]|Bytes:2
13:58:44.0 (77669518)|HEAP_ALLOCATE|[244]|Bytes:6
13:58:44.0 (77672098)|HEAP_ALLOCATE|[244]|Bytes:2
13:58:44.0 (77673528)|HEAP_ALLOCATE|[244]|Bytes:19
13:58:44.0 (77676108)|HEAP_ALLOCATE|[245]|Bytes:2
13:58:44.0 (77677138)|HEAP_ALLOCATE|[245]|Bytes:9
13:58:44.0 (77679758)|HEAP_ALLOCATE|[245]|Bytes:2
13:58:44.0 (77680838)|HEAP_ALLOCATE|[245]|Bytes:7
13:58:44.0 (77683208)|HEAP_ALLOCATE|[246]|Bytes:2
13:58:44.0 (77684338)|HEAP_ALLOCATE|[246]|Bytes:9
13:58:44.0 (77686759)|HEAP_ALLOCATE|[246]|Bytes:2
13:58:44.0 (77689559)|HEAP_ALLOCATE|[247]|Bytes:2
13:58:44.0 (77690689)|HEAP_ALLOCATE|[247]|Bytes:10
13:58:44.0 (77693129)|HEAP_ALLOCATE|[247]|Bytes:2
13:58:44.0 (77694209)|HEAP_ALLOCATE|[247]|Bytes:7
13:58:44.0 (77696619)|HEAP_ALLOCATE|[248]|Bytes:2
13:58:44.0 (77697829)|HEAP_ALLOCATE|[248]|Bytes:7
13:58:44.0 (77700519)|HEAP_ALLOCATE|[248]|Bytes:2
13:58:44.0 (77704309)|HEAP_ALLOCATE|[248]|Bytes:10
13:58:44.0 (77706809)|HEAP_ALLOCATE|[249]|Bytes:2
13:58:44.0 (77707839)|HEAP_ALLOCATE|[249]|Bytes:8
13:58:44.0 (77710279)|HEAP_ALLOCATE|[249]|Bytes:2
13:58:44.0 (77711459)|HEAP_ALLOCATE|[249]|Bytes:7
13:58:44.0 (77713919)|HEAP_ALLOCATE|[250]|Bytes:2
13:58:44.0 (77716519)|HEAP_ALLOCATE|[250]|Bytes:2
13:58:44.0 (77717779)|HEAP_ALLOCATE|[250]|Bytes:6
13:58:44.0 (77720459)|HEAP_ALLOCATE|[251]|Bytes:2
13:58:44.0 (77721599)|HEAP_ALLOCATE|[251]|Bytes:5
13:58:44.0 (77724009)|HEAP_ALLOCATE|[251]|Bytes:2
13:58:44.0 (77725239)|HEAP_ALLOCATE|[251]|Bytes:6
13:58:44.0 (77727629)|HEAP_ALLOCATE|[252]|Bytes:2
13:58:44.0 (77728849)|HEAP_ALLOCATE|[252]|Bytes:7
13:58:44.0 (77731489)|HEAP_ALLOCATE|[252]|Bytes:2
13:58:44.0 (77732739)|HEAP_ALLOCATE|[252]|Bytes:22
13:58:44.0 (77735179)|HEAP_ALLOCATE|[253]|Bytes:2
13:58:44.0 (77736439)|HEAP_ALLOCATE|[253]|Bytes:8
13:58:44.0 (77738909)|HEAP_ALLOCATE|[253]|Bytes:2
13:58:44.0 (77740089)|HEAP_ALLOCATE|[253]|Bytes:6
13:58:44.0 (77742549)|HEAP_ALLOCATE|[254]|Bytes:2
13:58:44.0 (77743739)|HEAP_ALLOCATE|[254]|Bytes:6
13:58:44.0 (77746439)|HEAP_ALLOCATE|[254]|Bytes:2
13:58:44.0 (77749239)|HEAP_ALLOCATE|[255]|Bytes:2
13:58:44.0 (77750539)|HEAP_ALLOCATE|[255]|Bytes:12
13:58:44.0 (77752909)|HEAP_ALLOCATE|[255]|Bytes:2
13:58:44.0 (77754149)|HEAP_ALLOCATE|[255]|Bytes:7
13:58:44.0 (77756689)|HEAP_ALLOCATE|[256]|Bytes:2
13:58:44.0 (77757779)|HEAP_ALLOCATE|[256]|Bytes:8
13:58:44.0 (77763209)|HEAP_ALLOCATE|[256]|Bytes:2
13:58:44.0 (77764459)|HEAP_ALLOCATE|[256]|Bytes:8
13:58:44.0 (77766869)|HEAP_ALLOCATE|[257]|Bytes:2
13:58:44.0 (77768159)|HEAP_ALLOCATE|[257]|Bytes:6
13:58:44.0 (77770539)|HEAP_ALLOCATE|[257]|Bytes:2
13:58:44.0 (77771689)|HEAP_ALLOCATE|[257]|Bytes:10
13:58:44.0 (77774189)|HEAP_ALLOCATE|[258]|Bytes:2
13:58:44.0 (77775499)|HEAP_ALLOCATE|[258]|Bytes:24
13:58:44.0 (77778069)|HEAP_ALLOCATE|[258]|Bytes:2
13:58:44.0 (77779089)|HEAP_ALLOCATE|[258]|Bytes:4
13:58:44.0 (77781499)|HEAP_ALLOCATE|[259]|Bytes:2
13:58:44.0 (77782639)|HEAP_ALLOCATE|[259]|Bytes:5
13:58:44.0 (77785169)|HEAP_ALLOCATE|[259]|Bytes:2
13:58:44.0 (77786349)|HEAP_ALLOCATE|[259]|Bytes:5
13:58:44.0 (77788749)|HEAP_ALLOCATE|[260]|Bytes:2
13:58:44.0 (77789909)|HEAP_ALLOCATE|[260]|Bytes:8
13:58:44.0 (77792299)|HEAP_ALLOCATE|[260]|Bytes:2
13:58:44.0 (77793559)|HEAP_ALLOCATE|[260]|Bytes:7
13:58:44.0 (77796069)|HEAP_ALLOCATE|[261]|Bytes:2
13:58:44.0 (77797239)|HEAP_ALLOCATE|[261]|Bytes:5
13:58:44.0 (77799629)|HEAP_ALLOCATE|[261]|Bytes:2
13:58:44.0 (77800909)|HEAP_ALLOCATE|[261]|Bytes:25
13:58:44.0 (77803389)|HEAP_ALLOCATE|[262]|Bytes:2
13:58:44.0 (77804579)|HEAP_ALLOCATE|[262]|Bytes:10
13:58:44.0 (77806979)|HEAP_ALLOCATE|[262]|Bytes:2
13:58:44.0 (77809769)|HEAP_ALLOCATE|[263]|Bytes:2
13:58:44.0 (77810899)|HEAP_ALLOCATE|[263]|Bytes:4
13:58:44.0 (77813269)|HEAP_ALLOCATE|[263]|Bytes:2
13:58:44.0 (77815919)|HEAP_ALLOCATE|[264]|Bytes:2
13:58:44.0 (77818519)|HEAP_ALLOCATE|[264]|Bytes:2
13:58:44.0 (77821229)|HEAP_ALLOCATE|[265]|Bytes:2
13:58:44.0 (77822359)|HEAP_ALLOCATE|[265]|Bytes:8
13:58:44.0 (77824859)|HEAP_ALLOCATE|[265]|Bytes:2
13:58:44.0 (77826159)|HEAP_ALLOCATE|[265]|Bytes:8
13:58:44.0 (77828629)|HEAP_ALLOCATE|[266]|Bytes:2
13:58:44.0 (77829779)|HEAP_ALLOCATE|[266]|Bytes:18
13:58:44.0 (77832709)|HEAP_ALLOCATE|[266]|Bytes:2
13:58:44.0 (77833869)|HEAP_ALLOCATE|[266]|Bytes:10
13:58:44.0 (77836409)|HEAP_ALLOCATE|[267]|Bytes:2
13:58:44.0 (77837629)|HEAP_ALLOCATE|[267]|Bytes:7
13:58:44.0 (77840119)|HEAP_ALLOCATE|[267]|Bytes:2
13:58:44.0 (77841229)|HEAP_ALLOCATE|[267]|Bytes:5
13:58:44.0 (77843609)|HEAP_ALLOCATE|[268]|Bytes:2
13:58:44.0 (77844799)|HEAP_ALLOCATE|[268]|Bytes:11
13:58:44.0 (77847089)|HEAP_ALLOCATE|[268]|Bytes:2
13:58:44.0 (77848269)|HEAP_ALLOCATE|[268]|Bytes:17
13:58:44.0 (77850729)|HEAP_ALLOCATE|[269]|Bytes:2
13:58:44.0 (77851909)|HEAP_ALLOCATE|[269]|Bytes:7
13:58:44.0 (77854270)|HEAP_ALLOCATE|[269]|Bytes:2
13:58:44.0 (77856750)|HEAP_ALLOCATE|[270]|Bytes:2
13:58:44.0 (77858070)|HEAP_ALLOCATE|[270]|Bytes:8
13:58:44.0 (77860440)|HEAP_ALLOCATE|[270]|Bytes:2
13:58:44.0 (77861610)|HEAP_ALLOCATE|[270]|Bytes:4
13:58:44.0 (77864020)|HEAP_ALLOCATE|[271]|Bytes:2
13:58:44.0 (77866540)|HEAP_ALLOCATE|[271]|Bytes:2
13:58:44.0 (77869230)|HEAP_ALLOCATE|[272]|Bytes:2
13:58:44.0 (77870360)|HEAP_ALLOCATE|[272]|Bytes:5
13:58:44.0 (77872660)|HEAP_ALLOCATE|[272]|Bytes:2
13:58:44.0 (77873680)|HEAP_ALLOCATE|[272]|Bytes:6
13:58:44.0 (77876120)|HEAP_ALLOCATE|[273]|Bytes:2
13:58:44.0 (77877380)|HEAP_ALLOCATE|[273]|Bytes:7
13:58:44.0 (77879820)|HEAP_ALLOCATE|[273]|Bytes:2
13:58:44.0 (77882390)|HEAP_ALLOCATE|[274]|Bytes:2
13:58:44.0 (77883430)|HEAP_ALLOCATE|[274]|Bytes:5
13:58:44.0 (77885870)|HEAP_ALLOCATE|[274]|Bytes:2
13:58:44.0 (77888410)|HEAP_ALLOCATE|[275]|Bytes:2
13:58:44.0 (77889470)|HEAP_ALLOCATE|[275]|Bytes:7
13:58:44.0 (77891910)|HEAP_ALLOCATE|[275]|Bytes:2
13:58:44.0 (77893070)|HEAP_ALLOCATE|[275]|Bytes:9
13:58:44.0 (77895370)|HEAP_ALLOCATE|[276]|Bytes:2
13:58:44.0 (77896410)|HEAP_ALLOCATE|[276]|Bytes:6
13:58:44.0 (77898760)|HEAP_ALLOCATE|[276]|Bytes:2
13:58:44.0 (77899820)|HEAP_ALLOCATE|[276]|Bytes:13
13:58:44.0 (77902160)|HEAP_ALLOCATE|[277]|Bytes:2
13:58:44.0 (77903230)|HEAP_ALLOCATE|[277]|Bytes:6
13:58:44.0 (77905620)|HEAP_ALLOCATE|[277]|Bytes:2
13:58:44.0 (77906790)|HEAP_ALLOCATE|[277]|Bytes:5
13:58:44.0 (77909160)|HEAP_ALLOCATE|[278]|Bytes:2
13:58:44.0 (77910280)|HEAP_ALLOCATE|[278]|Bytes:8
13:58:44.0 (77912590)|HEAP_ALLOCATE|[278]|Bytes:2
13:58:44.0 (77913630)|HEAP_ALLOCATE|[278]|Bytes:9
13:58:44.0 (77916120)|HEAP_ALLOCATE|[279]|Bytes:2
13:58:44.0 (77918960)|HEAP_ALLOCATE|[279]|Bytes:2
13:58:44.0 (77920220)|HEAP_ALLOCATE|[279]|Bytes:7
13:58:44.0 (77922560)|HEAP_ALLOCATE|[280]|Bytes:2
13:58:44.0 (77923590)|HEAP_ALLOCATE|[280]|Bytes:5
13:58:44.0 (77926010)|HEAP_ALLOCATE|[280]|Bytes:2
13:58:44.0 (77927060)|HEAP_ALLOCATE|[280]|Bytes:9
13:58:44.0 (77929480)|HEAP_ALLOCATE|[281]|Bytes:2
13:58:44.0 (77930670)|HEAP_ALLOCATE|[281]|Bytes:4
13:58:44.0 (77932930)|HEAP_ALLOCATE|[281]|Bytes:2
13:58:44.0 (77933990)|HEAP_ALLOCATE|[281]|Bytes:4
13:58:44.0 (77936360)|HEAP_ALLOCATE|[282]|Bytes:2
13:58:44.0 (77939090)|HEAP_ALLOCATE|[282]|Bytes:2
13:58:44.0 (77940110)|HEAP_ALLOCATE|[282]|Bytes:6
13:58:44.0 (77942380)|HEAP_ALLOCATE|[283]|Bytes:2
13:58:44.0 (77945080)|HEAP_ALLOCATE|[283]|Bytes:2
13:58:44.0 (77946320)|HEAP_ALLOCATE|[283]|Bytes:11
13:58:44.0 (77948740)|HEAP_ALLOCATE|[284]|Bytes:2
13:58:44.0 (77949820)|HEAP_ALLOCATE|[284]|Bytes:7
13:58:44.0 (77952340)|HEAP_ALLOCATE|[284]|Bytes:2
13:58:44.0 (77953490)|HEAP_ALLOCATE|[284]|Bytes:5
13:58:44.0 (77955940)|HEAP_ALLOCATE|[285]|Bytes:2
13:58:44.0 (77957210)|HEAP_ALLOCATE|[285]|Bytes:6
13:58:44.0 (77959420)|HEAP_ALLOCATE|[285]|Bytes:2
13:58:44.0 (77960600)|HEAP_ALLOCATE|[285]|Bytes:10
13:58:44.0 (77962890)|HEAP_ALLOCATE|[286]|Bytes:2
13:58:44.0 (77964150)|HEAP_ALLOCATE|[286]|Bytes:5
13:58:44.0 (77966550)|HEAP_ALLOCATE|[286]|Bytes:2
13:58:44.0 (77967680)|HEAP_ALLOCATE|[286]|Bytes:8
13:58:44.0 (77970090)|HEAP_ALLOCATE|[287]|Bytes:2
13:58:44.0 (77971400)|HEAP_ALLOCATE|[287]|Bytes:11
13:58:44.0 (77973750)|HEAP_ALLOCATE|[287]|Bytes:2
13:58:44.0 (77975020)|HEAP_ALLOCATE|[287]|Bytes:11
13:58:44.0 (77977450)|HEAP_ALLOCATE|[288]|Bytes:2
13:58:44.0 (77978910)|HEAP_ALLOCATE|[288]|Bytes:6
13:58:44.0 (77981320)|HEAP_ALLOCATE|[288]|Bytes:2
13:58:44.0 (77982430)|HEAP_ALLOCATE|[288]|Bytes:6
13:58:44.0 (77984950)|HEAP_ALLOCATE|[289]|Bytes:2
13:58:44.0 (77986020)|HEAP_ALLOCATE|[289]|Bytes:10
13:58:44.0 (77988430)|HEAP_ALLOCATE|[289]|Bytes:2
13:58:44.0 (77989600)|HEAP_ALLOCATE|[289]|Bytes:4
13:58:44.0 (77992090)|HEAP_ALLOCATE|[290]|Bytes:2
13:58:44.0 (77995950)|HEAP_ALLOCATE|[290]|Bytes:2
13:58:44.0 (77996990)|HEAP_ALLOCATE|[290]|Bytes:7
13:58:44.0 (77999330)|HEAP_ALLOCATE|[291]|Bytes:2
13:58:44.0 (78000380)|HEAP_ALLOCATE|[291]|Bytes:7
13:58:44.0 (78003070)|HEAP_ALLOCATE|[291]|Bytes:2
13:58:44.0 (78004150)|HEAP_ALLOCATE|[291]|Bytes:7
13:58:44.0 (78006550)|HEAP_ALLOCATE|[292]|Bytes:2
13:58:44.0 (78007820)|HEAP_ALLOCATE|[292]|Bytes:5
13:58:44.0 (78010120)|HEAP_ALLOCATE|[292]|Bytes:2
13:58:44.0 (78011190)|HEAP_ALLOCATE|[292]|Bytes:13
13:58:44.0 (78013610)|HEAP_ALLOCATE|[293]|Bytes:2
13:58:44.0 (78016250)|HEAP_ALLOCATE|[293]|Bytes:2
13:58:44.0 (78018950)|HEAP_ALLOCATE|[294]|Bytes:2
13:58:44.0 (78020010)|HEAP_ALLOCATE|[294]|Bytes:9
13:58:44.0 (78022381)|HEAP_ALLOCATE|[294]|Bytes:2
13:58:44.0 (78023461)|HEAP_ALLOCATE|[294]|Bytes:10
13:58:44.0 (78025821)|HEAP_ALLOCATE|[295]|Bytes:2
13:58:44.0 (78027011)|HEAP_ALLOCATE|[295]|Bytes:6
13:58:44.0 (78029481)|HEAP_ALLOCATE|[295]|Bytes:2
13:58:44.0 (78030571)|HEAP_ALLOCATE|[295]|Bytes:8
13:58:44.0 (78032901)|HEAP_ALLOCATE|[296]|Bytes:2
13:58:44.0 (78034081)|HEAP_ALLOCATE|[296]|Bytes:8
13:58:44.0 (78036471)|HEAP_ALLOCATE|[296]|Bytes:2
13:58:44.0 (78037551)|HEAP_ALLOCATE|[296]|Bytes:4
13:58:44.0 (78040181)|HEAP_ALLOCATE|[297]|Bytes:2
13:58:44.0 (78042781)|HEAP_ALLOCATE|[297]|Bytes:2
13:58:44.0 (78043991)|HEAP_ALLOCATE|[297]|Bytes:16
13:58:44.0 (78046411)|HEAP_ALLOCATE|[298]|Bytes:2
13:58:44.0 (78047461)|HEAP_ALLOCATE|[298]|Bytes:10
13:58:44.0 (78049871)|HEAP_ALLOCATE|[298]|Bytes:2
13:58:44.0 (78051081)|HEAP_ALLOCATE|[298]|Bytes:9
13:58:44.0 (78053761)|HEAP_ALLOCATE|[299]|Bytes:2
13:58:44.0 (78054871)|HEAP_ALLOCATE|[299]|Bytes:6
13:58:44.0 (78057161)|HEAP_ALLOCATE|[299]|Bytes:2
13:58:44.0 (78058321)|HEAP_ALLOCATE|[299]|Bytes:10
13:58:44.0 (78060811)|HEAP_ALLOCATE|[300]|Bytes:2
13:58:44.0 (78061931)|HEAP_ALLOCATE|[300]|Bytes:7
13:58:44.0 (78064301)|HEAP_ALLOCATE|[300]|Bytes:2
13:58:44.0 (78065321)|HEAP_ALLOCATE|[300]|Bytes:6
13:58:44.0 (78067771)|HEAP_ALLOCATE|[301]|Bytes:2
13:58:44.0 (78068831)|HEAP_ALLOCATE|[301]|Bytes:8
13:58:44.0 (78071321)|HEAP_ALLOCATE|[301]|Bytes:2
13:58:44.0 (78072571)|HEAP_ALLOCATE|[301]|Bytes:10
13:58:44.0 (78074941)|HEAP_ALLOCATE|[302]|Bytes:2
13:58:44.0 (78075991)|HEAP_ALLOCATE|[302]|Bytes:7
13:58:44.0 (78078361)|HEAP_ALLOCATE|[302]|Bytes:2
13:58:44.0 (78079471)|HEAP_ALLOCATE|[302]|Bytes:10
13:58:44.0 (78081901)|HEAP_ALLOCATE|[303]|Bytes:2
13:58:44.0 (78086871)|HEAP_ALLOCATE|[303]|Bytes:15
13:58:44.0 (78089341)|HEAP_ALLOCATE|[303]|Bytes:2
13:58:44.0 (78090381)|HEAP_ALLOCATE|[303]|Bytes:7
13:58:44.0 (78092821)|HEAP_ALLOCATE|[304]|Bytes:2
13:58:44.0 (78093851)|HEAP_ALLOCATE|[304]|Bytes:5
13:58:44.0 (78096301)|HEAP_ALLOCATE|[304]|Bytes:2
13:58:44.0 (78097421)|HEAP_ALLOCATE|[304]|Bytes:5
13:58:44.0 (78099811)|HEAP_ALLOCATE|[305]|Bytes:2
13:58:44.0 (78100811)|HEAP_ALLOCATE|[305]|Bytes:11
13:58:44.0 (78103211)|HEAP_ALLOCATE|[305]|Bytes:2
13:58:44.0 (78104291)|HEAP_ALLOCATE|[305]|Bytes:9
13:58:44.0 (78106621)|HEAP_ALLOCATE|[306]|Bytes:2
13:58:44.0 (78107741)|HEAP_ALLOCATE|[306]|Bytes:5
13:58:44.0 (78110191)|HEAP_ALLOCATE|[306]|Bytes:2
13:58:44.0 (78111371)|HEAP_ALLOCATE|[306]|Bytes:7
13:58:44.0 (78113891)|HEAP_ALLOCATE|[307]|Bytes:2
13:58:44.0 (78116621)|HEAP_ALLOCATE|[307]|Bytes:2
13:58:44.0 (78117901)|HEAP_ALLOCATE|[307]|Bytes:4
13:58:44.0 (78120341)|HEAP_ALLOCATE|[308]|Bytes:2
13:58:44.0 (78121491)|HEAP_ALLOCATE|[308]|Bytes:8
13:58:44.0 (78123781)|HEAP_ALLOCATE|[308]|Bytes:2
13:58:44.0 (78125071)|HEAP_ALLOCATE|[308]|Bytes:5
13:58:44.0 (78127541)|HEAP_ALLOCATE|[309]|Bytes:2
13:58:44.0 (78128891)|HEAP_ALLOCATE|[309]|Bytes:18
13:58:44.0 (78131271)|HEAP_ALLOCATE|[309]|Bytes:2
13:58:44.0 (78132361)|HEAP_ALLOCATE|[309]|Bytes:6
13:58:44.0 (78134631)|HEAP_ALLOCATE|[310]|Bytes:2
13:58:44.0 (78135821)|HEAP_ALLOCATE|[310]|Bytes:16
13:58:44.0 (78138071)|HEAP_ALLOCATE|[310]|Bytes:2
13:58:44.0 (78139231)|HEAP_ALLOCATE|[310]|Bytes:8
13:58:44.0 (78141611)|HEAP_ALLOCATE|[311]|Bytes:2
13:58:44.0 (78142801)|HEAP_ALLOCATE|[311]|Bytes:4
13:58:44.0 (78145311)|HEAP_ALLOCATE|[311]|Bytes:2
13:58:44.0 (78146631)|HEAP_ALLOCATE|[311]|Bytes:15
13:58:44.0 (78149041)|HEAP_ALLOCATE|[312]|Bytes:2
13:58:44.0 (78151701)|HEAP_ALLOCATE|[312]|Bytes:2
13:58:44.0 (78154491)|HEAP_ALLOCATE|[313]|Bytes:2
13:58:44.0 (78155561)|HEAP_ALLOCATE|[313]|Bytes:5
13:58:44.0 (78158031)|HEAP_ALLOCATE|[313]|Bytes:2
13:58:44.0 (78160591)|HEAP_ALLOCATE|[314]|Bytes:2
13:58:44.0 (78161731)|HEAP_ALLOCATE|[314]|Bytes:6
13:58:44.0 (78164001)|HEAP_ALLOCATE|[314]|Bytes:2
13:58:44.0 (78165151)|HEAP_ALLOCATE|[314]|Bytes:6
13:58:44.0 (78167671)|HEAP_ALLOCATE|[315]|Bytes:2
13:58:44.0 (78168841)|HEAP_ALLOCATE|[315]|Bytes:5
13:58:44.0 (78171231)|HEAP_ALLOCATE|[315]|Bytes:2
13:58:44.0 (78172451)|HEAP_ALLOCATE|[315]|Bytes:10
13:58:44.0 (78174811)|HEAP_ALLOCATE|[316]|Bytes:2
13:58:44.0 (78175981)|HEAP_ALLOCATE|[316]|Bytes:21
13:58:44.0 (78178491)|HEAP_ALLOCATE|[316]|Bytes:2
13:58:44.0 (78179651)|HEAP_ALLOCATE|[316]|Bytes:12
13:58:44.0 (78182031)|HEAP_ALLOCATE|[317]|Bytes:2
13:58:44.0 (78183231)|HEAP_ALLOCATE|[317]|Bytes:7
13:58:44.0 (78185611)|HEAP_ALLOCATE|[317]|Bytes:2
13:58:44.0 (78186771)|HEAP_ALLOCATE|[317]|Bytes:6
13:58:44.0 (78189142)|HEAP_ALLOCATE|[318]|Bytes:2
13:58:44.0 (78190282)|HEAP_ALLOCATE|[318]|Bytes:10
13:58:44.0 (78192712)|HEAP_ALLOCATE|[318]|Bytes:2
13:58:44.0 (78193742)|HEAP_ALLOCATE|[318]|Bytes:12
13:58:44.0 (78196102)|HEAP_ALLOCATE|[319]|Bytes:2
13:58:44.0 (78197292)|HEAP_ALLOCATE|[319]|Bytes:9
13:58:44.0 (78199652)|HEAP_ALLOCATE|[319]|Bytes:2
13:58:44.0 (78202392)|HEAP_ALLOCATE|[320]|Bytes:2
13:58:44.0 (78204862)|HEAP_ALLOCATE|[320]|Bytes:2
13:58:44.0 (78206012)|HEAP_ALLOCATE|[320]|Bytes:15
13:58:44.0 (78208412)|HEAP_ALLOCATE|[321]|Bytes:2
13:58:44.0 (78209602)|HEAP_ALLOCATE|[321]|Bytes:7
13:58:44.0 (78211982)|HEAP_ALLOCATE|[321]|Bytes:2
13:58:44.0 (78213072)|HEAP_ALLOCATE|[321]|Bytes:12
13:58:44.0 (78215362)|HEAP_ALLOCATE|[322]|Bytes:2
13:58:44.0 (78216372)|HEAP_ALLOCATE|[322]|Bytes:11
13:58:44.0 (78218812)|HEAP_ALLOCATE|[322]|Bytes:2
13:58:44.0 (78221352)|HEAP_ALLOCATE|[323]|Bytes:2
13:58:44.0 (78222622)|HEAP_ALLOCATE|[323]|Bytes:9
13:58:44.0 (78224992)|HEAP_ALLOCATE|[323]|Bytes:2
13:58:44.0 (78226342)|HEAP_ALLOCATE|[323]|Bytes:19
13:58:44.0 (78228852)|HEAP_ALLOCATE|[324]|Bytes:2
13:58:44.0 (78230162)|HEAP_ALLOCATE|[324]|Bytes:9
13:58:44.0 (78232572)|HEAP_ALLOCATE|[324]|Bytes:2
13:58:44.0 (78233792)|HEAP_ALLOCATE|[324]|Bytes:30
13:58:44.0 (78236382)|HEAP_ALLOCATE|[325]|Bytes:2
13:58:44.0 (78237532)|HEAP_ALLOCATE|[325]|Bytes:5
13:58:44.0 (78239902)|HEAP_ALLOCATE|[325]|Bytes:2
13:58:44.0 (78241062)|HEAP_ALLOCATE|[325]|Bytes:8
13:58:44.0 (78243452)|HEAP_ALLOCATE|[326]|Bytes:2
13:58:44.0 (78244572)|HEAP_ALLOCATE|[326]|Bytes:9
13:58:44.0 (78246992)|HEAP_ALLOCATE|[326]|Bytes:2
13:58:44.0 (78249842)|HEAP_ALLOCATE|[327]|Bytes:2
13:58:44.0 (78252472)|HEAP_ALLOCATE|[327]|Bytes:2
13:58:44.0 (78253572)|HEAP_ALLOCATE|[327]|Bytes:5
13:58:44.0 (78255922)|HEAP_ALLOCATE|[328]|Bytes:2
13:58:44.0 (78257032)|HEAP_ALLOCATE|[328]|Bytes:6
13:58:44.0 (78259382)|HEAP_ALLOCATE|[328]|Bytes:2
13:58:44.0 (78260632)|HEAP_ALLOCATE|[328]|Bytes:10
13:58:44.0 (78263102)|HEAP_ALLOCATE|[329]|Bytes:2
13:58:44.0 (78264292)|HEAP_ALLOCATE|[329]|Bytes:8
13:58:44.0 (78266682)|HEAP_ALLOCATE|[329]|Bytes:2
13:58:44.0 (78267872)|HEAP_ALLOCATE|[329]|Bytes:8
13:58:44.0 (78270322)|HEAP_ALLOCATE|[330]|Bytes:2
13:58:44.0 (78272972)|HEAP_ALLOCATE|[330]|Bytes:2
13:58:44.0 (78274062)|HEAP_ALLOCATE|[330]|Bytes:4
13:58:44.0 (78276582)|HEAP_ALLOCATE|[331]|Bytes:2
13:58:44.0 (78277742)|HEAP_ALLOCATE|[331]|Bytes:5
13:58:44.0 (78280162)|HEAP_ALLOCATE|[331]|Bytes:2
13:58:44.0 (78281682)|HEAP_ALLOCATE|[331]|Bytes:19
13:58:44.0 (78284072)|HEAP_ALLOCATE|[332]|Bytes:2
13:58:44.0 (78285092)|HEAP_ALLOCATE|[332]|Bytes:7
13:58:44.0 (78287362)|HEAP_ALLOCATE|[332]|Bytes:2
13:58:44.0 (78288462)|HEAP_ALLOCATE|[332]|Bytes:6
13:58:44.0 (78290962)|HEAP_ALLOCATE|[333]|Bytes:2
13:58:44.0 (78292052)|HEAP_ALLOCATE|[333]|Bytes:12
13:58:44.0 (78294412)|HEAP_ALLOCATE|[333]|Bytes:2
13:58:44.0 (78295422)|HEAP_ALLOCATE|[333]|Bytes:6
13:58:44.0 (78297862)|HEAP_ALLOCATE|[334]|Bytes:2
13:58:44.0 (78300852)|HEAP_ALLOCATE|[334]|Bytes:6
13:58:44.0 (78303382)|HEAP_ALLOCATE|[334]|Bytes:2
13:58:44.0 (78304802)|HEAP_ALLOCATE|[334]|Bytes:7
13:58:44.0 (78307212)|HEAP_ALLOCATE|[335]|Bytes:2
13:58:44.0 (78308342)|HEAP_ALLOCATE|[335]|Bytes:20
13:58:44.0 (78310742)|HEAP_ALLOCATE|[335]|Bytes:2
13:58:44.0 (78313442)|HEAP_ALLOCATE|[336]|Bytes:2
13:58:44.0 (78315942)|HEAP_ALLOCATE|[336]|Bytes:2
13:58:44.0 (78317152)|HEAP_ALLOCATE|[336]|Bytes:24
13:58:44.0 (78319612)|HEAP_ALLOCATE|[337]|Bytes:2
13:58:44.0 (78320772)|HEAP_ALLOCATE|[337]|Bytes:7
13:58:44.0 (78323022)|HEAP_ALLOCATE|[337]|Bytes:2
13:58:44.0 (78324122)|HEAP_ALLOCATE|[337]|Bytes:10
13:58:44.0 (78326412)|HEAP_ALLOCATE|[338]|Bytes:2
13:58:44.0 (78327582)|HEAP_ALLOCATE|[338]|Bytes:7
13:58:44.0 (78333112)|HEAP_ALLOCATE|[338]|Bytes:2
13:58:44.0 (78334422)|HEAP_ALLOCATE|[338]|Bytes:23
13:58:44.0 (78336812)|HEAP_ALLOCATE|[339]|Bytes:2
13:58:44.0 (78337992)|HEAP_ALLOCATE|[339]|Bytes:9
13:58:44.0 (78340462)|HEAP_ALLOCATE|[339]|Bytes:2
13:58:44.0 (78341542)|HEAP_ALLOCATE|[339]|Bytes:7
13:58:44.0 (78343902)|HEAP_ALLOCATE|[340]|Bytes:2
13:58:44.0 (78344932)|HEAP_ALLOCATE|[340]|Bytes:5
13:58:44.0 (78347352)|HEAP_ALLOCATE|[340]|Bytes:2
13:58:44.0 (78348362)|HEAP_ALLOCATE|[340]|Bytes:6
13:58:44.0 (78350782)|HEAP_ALLOCATE|[341]|Bytes:2
13:58:44.0 (78351842)|HEAP_ALLOCATE|[341]|Bytes:8
13:58:44.0 (78376483)|VARIABLE_ASSIGNMENT|[240]|NuveiConnectWebhookHandler.ISO_TO_COUNTRY_NAME|"Map of size 199 too large to display"|0x334bc36b
13:58:44.0 (78379013)|STATEMENT_EXECUTE|[1681]
13:58:44.0 (78379723)|STATEMENT_EXECUTE|[1700]
13:58:44.0 (78380283)|STATEMENT_EXECUTE|[1714]
13:58:44.0 (78380813)|STATEMENT_EXECUTE|[1721]
13:58:44.0 (78381333)|STATEMENT_EXECUTE|[1731]
13:58:44.0 (78381833)|STATEMENT_EXECUTE|[1744]
13:58:44.0 (78382343)|STATEMENT_EXECUTE|[1754]
13:58:44.0 (78382883)|STATEMENT_EXECUTE|[1770]
13:58:44.0 (78383383)|STATEMENT_EXECUTE|[1775]
13:58:44.0 (78383783)|STATEMENT_EXECUTE|[1781]
13:58:44.0 (78384313)|STATEMENT_EXECUTE|[1790]
13:58:44.0 (78389653)|STATEMENT_EXECUTE|[1797]
13:58:44.0 (78390543)|STATEMENT_EXECUTE|[1806]
13:58:44.0 (78406193)|METHOD_EXIT|[2]|NuveiConnectWebhookHandler
13:58:44.0 (78427553)|METHOD_ENTRY|[38]|01pPj00000cpZZ8|NuveiConnectWebhookHandler.processWebhook(NuveiConnectWebhookHandler.NuveiConnectRequest)
13:58:44.0 (78596944)|VARIABLE_SCOPE_BEGIN|[380]|req|NuveiConnectWebhookHandler.NuveiConnectRequest|true|false
13:58:44.0 (78652174)|VARIABLE_ASSIGNMENT|[380]|req|{"additionalInformation":"0x11359e0b","applicationId":"NC178792551537","applicationStatus":"SUBMITTED","bankingInformation":"0x45ddfc8f","businessInformation":"0x46f42a12","businessOwnerInformation":"0x59e8fca4","metadata":"0x6410e454","salesProfile":"0x4e0345dd","taxDetails":"0x29c042b5"}|0x375386f5
13:58:44.0 (78664024)|HEAP_ALLOCATE|[381]|Bytes:5
13:58:44.0 (78665984)|STATEMENT_EXECUTE|[380]
13:58:44.0 (78666574)|STATEMENT_EXECUTE|[381]
13:58:44.0 (78680094)|HEAP_ALLOCATE|[381]|Bytes:20
13:58:44.0 (78701475)|CONSTRUCTOR_ENTRY|[381]|01pPj00000cpZZ8|<init>()|NuveiConnectWebhookHandler.WebhookResult
13:58:44.0 (78767925)|VARIABLE_SCOPE_BEGIN|[1806]|this|NuveiConnectWebhookHandler.WebhookResult|true|false
13:58:44.0 (78809205)|VARIABLE_ASSIGNMENT|[1806]|this|{}|0x1459b0fe
13:58:44.0 (78824895)|STATEMENT_EXECUTE|[1806]
13:58:44.0 (78825415)|STATEMENT_EXECUTE|[1807]
13:58:44.0 (78829505)|HEAP_ALLOCATE|[1807]|Bytes:5
13:58:44.0 (78846625)|VARIABLE_ASSIGNMENT|[1807]|this.success|false|0x1459b0fe
13:58:44.0 (78848315)|STATEMENT_EXECUTE|[1808]
13:58:44.0 (78848825)|STATEMENT_EXECUTE|[1809]
13:58:44.0 (78849255)|STATEMENT_EXECUTE|[1810]
13:58:44.0 (78854195)|CONSTRUCTOR_EXIT|[381]|01pPj00000cpZZ8|<init>()|NuveiConnectWebhookHandler.WebhookResult
13:58:44.0 (78857146)|VARIABLE_SCOPE_BEGIN|[381]|result|NuveiConnectWebhookHandler.WebhookResult|true|false
13:58:44.0 (78864536)|VARIABLE_ASSIGNMENT|[381]|result|{"success":false}|0x1459b0fe
13:58:44.0 (78865986)|STATEMENT_EXECUTE|[383]
13:58:44.0 (78866516)|STATEMENT_EXECUTE|[383]
13:58:44.0 (78867226)|STATEMENT_EXECUTE|[389]
13:58:44.0 (78868786)|HEAP_ALLOCATE|[389]|Bytes:359
13:58:44.0 (78874146)|HEAP_ALLOCATE|[389]|Bytes:4
13:58:44.0 (78878386)|HEAP_ALLOCATE|[389]|Bytes:7
13:58:44.0 (79629590)|SOQL_EXECUTE_BEGIN|[389]|Aggregations:0|SELECT Id, Name, Account__c, Compliance_Status__c, Technical_Onboarding_Status__c, Nuvei_Connect_Status__c, Nuvei_Connect_Last_Webhook__c, Manual_MCC_Code__c, Url__c, From_Reseller__c, EU_Indirect_Orchestration__c, City_field__c, Primary_Contact__c, Descriptor__c, Descriptor_Type__c FROM Compliance__c WHERE Nuvei_Connect_Application_ID__c = :tmpVar1 LIMIT 1
13:58:44.0 (93783593)|SOQL_EXECUTE_END|[389]|Rows:0
13:58:44.0 (93816103)|HEAP_ALLOCATE|[389]|Bytes:4
13:58:44.0 (93828594)|HEAP_ALLOCATE|[389]|Bytes:0
13:58:44.0 (93902464)|HEAP_ALLOCATE|[389]|Bytes:4
13:58:44.0 (93921904)|VARIABLE_SCOPE_BEGIN|[389]|existing|List<Compliance__c>|true|false
13:58:44.0 (93944304)|VARIABLE_ASSIGNMENT|[389]|existing|[]|0x7b4ffca5
13:58:44.0 (94015155)|STATEMENT_EXECUTE|[413]
13:58:44.0 (94016345)|STATEMENT_EXECUTE|[414]
13:58:44.0 (94028325)|METHOD_ENTRY|[414]|01pPj00000cpZZ8|NuveiConnectWebhookHandler.createAllObjects(NuveiConnectWebhookHandler.NuveiConnectRequest)
13:58:44.0 (94044885)|VARIABLE_SCOPE_BEGIN|[547]|req|NuveiConnectWebhookHandler.NuveiConnectRequest|true|false
13:58:44.0 (94098765)|VARIABLE_ASSIGNMENT|[547]|req|{"additionalInformation":"0x11359e0b","applicationId":"NC178792551537","applicationStatus":"SUBMITTED","bankingInformation":"0x45ddfc8f","businessInformation":"0x46f42a12","businessOwnerInformation":"0x59e8fca4","metadata":"0x6410e454","salesProfile":"0x4e0345dd","taxDetails":"0x29c042b5"}|0x375386f5
13:58:44.0 (94113455)|HEAP_ALLOCATE|[548]|Bytes:5
13:58:44.0 (94115665)|STATEMENT_EXECUTE|[547]
13:58:44.0 (94116315)|STATEMENT_EXECUTE|[548]
13:58:44.0 (94122005)|METHOD_ENTRY|[548]|01pPj00000cpZZ8|NuveiConnectWebhookHandler.buildAccount(NuveiConnectWebhookHandler.NuveiConnectRequest)
13:58:44.0 (94145145)|VARIABLE_SCOPE_BEGIN|[780]|req|NuveiConnectWebhookHandler.NuveiConnectRequest|true|false
13:58:44.0 (94158536)|VARIABLE_ASSIGNMENT|[780]|req|{"additionalInformation":"0x11359e0b","applicationId":"NC178792551537","applicationStatus":"SUBMITTED","bankingInformation":"0x45ddfc8f","businessInformation":"0x46f42a12","businessOwnerInformation":"0x59e8fca4","metadata":"0x6410e454","salesProfile":"0x4e0345dd","taxDetails":"0x29c042b5"}|0x375386f5
13:58:44.0 (94162746)|HEAP_ALLOCATE|[781]|Bytes:5
13:58:44.0 (94164256)|STATEMENT_EXECUTE|[780]
13:58:44.0 (94164846)|STATEMENT_EXECUTE|[781]
13:58:44.0 (94170666)|VARIABLE_SCOPE_BEGIN|[781]|bi|NuveiConnectWebhookHandler.BusinessInformationWrapper|true|false
13:58:44.0 (94197406)|VARIABLE_ASSIGNMENT|[781]|bi|{"addresses":"0x7d594e5b","businessRegistrationNumber":"01-09-409373","businessStartDate":"2022-12-01","businessType":"LIMITED_COMPANY","contactInformation":"0x3d2b1a9","doingBusinessAs":"Syntech Solutions","legalName":"Syntech Solutions Kf (2 more) ...","merchantCategoryCode":"5047","productDescription":"Wholesale of Medical (9 more) ...","websiteUrl":"http://cosmedicalsup (7 more) ..."}|0x46f42a12
13:58:44.0 (94199976)|STATEMENT_EXECUTE|[782]
13:58:44.0 (94212986)|HEAP_ALLOCATE|[782]|Bytes:4
13:58:44.0 (94281076)|VARIABLE_SCOPE_BEGIN|[782]|acc|Account|true|false
13:58:44.0 (94288686)|VARIABLE_ASSIGNMENT|[782]|acc|{}|0x2a567f7d
13:58:44.0 (94290346)|STATEMENT_EXECUTE|[783]
13:58:44.0 (94804989)|VARIABLE_ASSIGNMENT|[783]|this.Name|"Syntech Solutions Kf (2 more) ..."|0x2a567f7d
13:58:44.0 (94809209)|STATEMENT_EXECUTE|[784]
13:58:44.0 (94829760)|VARIABLE_ASSIGNMENT|[784]|this.AccountNumber|"01-09-409373"|0x2a567f7d
13:58:44.0 (94870870)|STATEMENT_EXECUTE|[785]
13:58:44.0 (94871480)|STATEMENT_EXECUTE|[786]
13:58:44.0 (94885510)|VARIABLE_ASSIGNMENT|[786]|this.Website|"http://cosmedicalsup (7 more) ..."|0x2a567f7d
13:58:44.0 (94888890)|STATEMENT_EXECUTE|[788]
13:58:44.0 (94889600)|STATEMENT_EXECUTE|[789]
13:58:44.0 (94902160)|VARIABLE_ASSIGNMENT|[789]|this.Phone|"+18553106344"|0x2a567f7d
13:58:44.0 (94903880)|STATEMENT_EXECUTE|[791]
13:58:44.0 (94906700)|HEAP_ALLOCATE|[791]|Bytes:8
13:58:44.0 (94917720)|VARIABLE_ASSIGNMENT|[791]|this.Type|"Merchant"|0x2a567f7d
13:58:44.0 (94919370)|STATEMENT_EXECUTE|[792]
13:58:44.0 (94926530)|METHOD_EXIT|[548]|01pPj00000cpZZ8|NuveiConnectWebhookHandler.buildAccount(NuveiConnectWebhookHandler.NuveiConnectRequest)
13:58:44.0 (94930500)|VARIABLE_SCOPE_BEGIN|[548]|acc|Account|true|false
13:58:44.0 (94939440)|VARIABLE_ASSIGNMENT|[548]|acc|{"Name":"Syntech Solutions Kf (2 more) ...","AccountNumber":"01-09-409373","Website":"http://cosmedicalsup (7 more) ...","Phone":"+18553106344","Type":"Merchant"}|0x2a567f7d
13:58:44.0 (94941470)|STATEMENT_EXECUTE|[549]
13:58:44.0 (94961890)|HEAP_ALLOCATE|[549]|Bytes:8
13:58:44.0 (94972860)|DML_BEGIN|[549]|Op:Insert|Type:Account|Rows:1
13:58:44.0 (95029981)|HEAP_ALLOCATE|[EXTERNAL]|Bytes:8
13:58:44.0 (114319805)|CODE_UNIT_STARTED|[EXTERNAL]|Flow:Account
13:58:44.0 (114340425)|CODE_UNIT_FINISHED|Flow:Account
13:58:44.133 (133797790)|ENTERING_MANAGED_PKG|MC4SF
13:58:44.133 (134175132)|ENTERING_MANAGED_PKG|MC4SF
13:58:44.133 (137755363)|ENTERING_MANAGED_PKG|MC4SF
13:58:44.133 (137796724)|ENTERING_MANAGED_PKG|MC4SF
13:58:44.141 (141805548)|CUMULATIVE_LIMIT_USAGE
13:58:44.141 (141805548)|LIMIT_USAGE_FOR_NS|(default)|
  Number of SOQL queries: 1 out of 200
  Number of query rows: 0 out of 50000
  Number of SOSL queries: 0 out of 20
  Number of DML statements: 1 out of 150
  Number of Publish Immediate DML: 0 out of 150
  Number of DML rows: 1 out of 10000
  Maximum CPU time: 0 out of 60000
  Maximum heap size: 0 out of 12000000
  Number of callouts: 0 out of 0
  Number of Email Invocations: 0 out of 10
  Number of future calls: 0 out of 50
  Number of queueable jobs added to the queue: 0 out of 1
  Number of Mobile Apex push calls: 0 out of 10

13:58:44.141 (141805548)|LIMIT_USAGE_FOR_NS|MC4SF|
  Number of SOQL queries: 0 out of 200
  Number of query rows: 0 out of 50000
  Number of SOSL queries: 0 out of 20
  Number of DML statements: 0 out of 150
  Number of Publish Immediate DML: 0 out of 150
  Number of DML rows: 0 out of 10000
  Maximum CPU time: 0 out of 60000
  Maximum heap size: 0 out of 12000000
  Number of callouts: 0 out of 0
  Number of Email Invocations: 0 out of 10
  Number of future calls: 0 out of 50
  Number of queueable jobs added to the queue: 0 out of 1
  Number of Mobile Apex push calls: 0 out of 10

13:58:44.141 (141805548)|CUMULATIVE_LIMIT_USAGE_END

13:58:44.144 (144429583)|ENTERING_MANAGED_PKG|pw_cc
13:58:44.144 (144731175)|ENTERING_MANAGED_PKG|pw_cc
13:58:44.144 (144762095)|ENTERING_MANAGED_PKG|pw_cc
13:58:44.144 (144823425)|ENTERING_MANAGED_PKG|pw_cc
13:58:44.144 (144831615)|ENTERING_MANAGED_PKG|pw_cc
13:58:44.144 (144883496)|ENTERING_MANAGED_PKG|pw_cc
13:58:44.144 (144941986)|ENTERING_MANAGED_PKG|pw_cc
13:58:44.144 (146362584)|ENTERING_MANAGED_PKG|pw_cc
13:58:44.144 (147672132)|ENTERING_MANAGED_PKG|pw_cc
13:58:44.144 (147738982)|ENTERING_MANAGED_PKG|pw_cc
13:58:44.144 (147757682)|ENTERING_MANAGED_PKG|pw_cc
13:58:44.144 (147769002)|ENTERING_MANAGED_PKG|pw_cc
13:58:44.144 (147791043)|ENTERING_MANAGED_PKG|pw_cc
13:58:44.144 (147872623)|ENTERING_MANAGED_PKG|pw_cc
13:58:44.144 (147897543)|ENTERING_MANAGED_PKG|pw_cc
13:58:44.144 (147912563)|ENTERING_MANAGED_PKG|pw_cc
13:58:44.144 (147961704)|ENTERING_MANAGED_PKG|pw_cc
13:58:44.144 (149183421)|ENTERING_MANAGED_PKG|pw_cc
13:58:44.144 (149244861)|ENTERING_MANAGED_PKG|pw_cc
13:58:44.144 (149254341)|ENTERING_MANAGED_PKG|pw_cc
13:58:44.144 (149267711)|ENTERING_MANAGED_PKG|pw_cc
13:58:44.144 (149533603)|ENTERING_MANAGED_PKG|pw_cc
13:58:44.144 (149572673)|ENTERING_MANAGED_PKG|pw_cc
13:58:44.144 (149751104)|ENTERING_MANAGED_PKG|pw_cc
13:58:44.144 (149763894)|ENTERING_MANAGED_PKG|pw_cc
13:58:44.144 (149844325)|ENTERING_MANAGED_PKG|pw_cc
13:58:44.144 (149853255)|ENTERING_MANAGED_PKG|pw_cc
13:58:44.144 (149911195)|ENTERING_MANAGED_PKG|pw_cc
13:58:44.144 (149918995)|ENTERING_MANAGED_PKG|pw_cc
13:58:44.144 (149989665)|ENTERING_MANAGED_PKG|pw_cc
13:58:44.144 (149997375)|ENTERING_MANAGED_PKG|pw_cc
13:58:44.144 (150068456)|ENTERING_MANAGED_PKG|pw_cc
13:58:44.144 (150076046)|ENTERING_MANAGED_PKG|pw_cc
13:58:44.144 (150218467)|ENTERING_MANAGED_PKG|pw_cc
13:58:44.144 (150355447)|ENTERING_MANAGED_PKG|pw_cc
13:58:44.144 (150631239)|ENTERING_MANAGED_PKG|pw_cc
13:58:44.144 (151180672)|SOQL_EXECUTE_BEGIN|[199]|Aggregations:0|SELECT Name, TrimmedName__c, IsoCode_2__c, IsoCode_3__c, AllowOnlyListedStates__c, IsStateMandatory__c, UseStateCode__c FROM CountryObject__c WHERE (Enabled__c = TRUE AND (Name = :tmpVar1 OR TrimmedName__c = :tmpVar2 OR IsoCode_2__c = :tmpVar3 OR IsoCode_3__c = :tmpVar4))
13:58:44.144 (156360453)|SOQL_EXECUTE_END|[199]|Rows:0
13:58:44.156 (156794076)|CUMULATIVE_LIMIT_USAGE
13:58:44.156 (156794076)|LIMIT_USAGE_FOR_NS|(default)|
  Number of SOQL queries: 1 out of 200
  Number of query rows: 0 out of 50000
  Number of SOSL queries: 0 out of 20
  Number of DML statements: 1 out of 150
  Number of Publish Immediate DML: 0 out of 150
  Number of DML rows: 1 out of 10000
  Maximum CPU time: 0 out of 60000
  Maximum heap size: 0 out of 12000000
  Number of callouts: 0 out of 0
  Number of Email Invocations: 0 out of 10
  Number of future calls: 0 out of 50
  Number of queueable jobs added to the queue: 0 out of 1
  Number of Mobile Apex push calls: 0 out of 10

13:58:44.156 (156794076)|LIMIT_USAGE_FOR_NS|MC4SF|
  Number of SOQL queries: 0 out of 200
  Number of query rows: 0 out of 50000
  Number of SOSL queries: 0 out of 20
  Number of DML statements: 0 out of 150
  Number of Publish Immediate DML: 0 out of 150
  Number of DML rows: 0 out of 10000
  Maximum CPU time: 0 out of 60000
  Maximum heap size: 0 out of 12000000
  Number of callouts: 0 out of 0
  Number of Email Invocations: 0 out of 10
  Number of future calls: 0 out of 50
  Number of queueable jobs added to the queue: 0 out of 1
  Number of Mobile Apex push calls: 0 out of 10

13:58:44.156 (156794076)|LIMIT_USAGE_FOR_NS|pw_cc|
  Number of SOQL queries: 1 out of 200
  Number of query rows: 0 out of 50000
  Number of SOSL queries: 0 out of 20
  Number of DML statements: 0 out of 150
  Number of Publish Immediate DML: 0 out of 150
  Number of DML rows: 0 out of 10000
  Maximum CPU time: 0 out of 60000
  Maximum heap size: 0 out of 12000000
  Number of callouts: 0 out of 0
  Number of Email Invocations: 0 out of 10
  Number of future calls: 0 out of 50
  Number of queueable jobs added to the queue: 0 out of 1
  Number of Mobile Apex push calls: 0 out of 10

13:58:44.156 (156794076)|CUMULATIVE_LIMIT_USAGE_END

13:58:44.159 (159700303)|ENTERING_MANAGED_PKG|SFSSDupeCatcher
13:58:44.159 (160008505)|ENTERING_MANAGED_PKG|SFSSDupeCatcher
13:58:44.159 (160426717)|ENTERING_MANAGED_PKG|SFSSDupeCatcher
13:58:44.159 (160739729)|ENTERING_MANAGED_PKG|SFSSDupeCatcher
13:58:44.159 (160828560)|ENTERING_MANAGED_PKG|SFSSDupeCatcher
13:58:44.159 (161105772)|ENTERING_MANAGED_PKG|SFSSDupeCatcher
13:58:44.159 (161140552)|ENTERING_MANAGED_PKG|SFSSDupeCatcher
13:58:44.159 (161160902)|ENTERING_MANAGED_PKG|SFSSDupeCatcher
13:58:44.159 (161187922)|ENTERING_MANAGED_PKG|SFSSDupeCatcher
13:58:44.159 (161225662)|ENTERING_MANAGED_PKG|SFSSDupeCatcher
13:58:44.159 (161610005)|SOQL_EXECUTE_BEGIN|[3131]|Aggregations:0|SELECT body, name FROM StaticResource WHERE Name = :tmpVar1 LIMIT 1
13:58:44.159 (165202806)|SOQL_EXECUTE_END|[3131]|Rows:0
13:58:44.159 (165414227)|ENTERING_MANAGED_PKG|SFSSDupeCatcher
13:58:44.159 (165430747)|ENTERING_MANAGED_PKG|SFSSDupeCatcher
13:58:44.159 (166836155)|ENTERING_MANAGED_PKG|SFSSDupeCatcher
13:58:44.159 (167343208)|ENTERING_MANAGED_PKG|SFSSDupeCatcher
13:58:44.159 (168642176)|ENTERING_MANAGED_PKG|SFSSDupeCatcher
13:58:44.159 (169209289)|ENTERING_MANAGED_PKG|SFSSDupeCatcher
13:58:44.159 (169306590)|ENTERING_MANAGED_PKG|SFSSDupeCatcher
13:58:44.159 (169317920)|ENTERING_MANAGED_PKG|SFSSDupeCatcher
13:58:44.159 (169329100)|ENTERING_MANAGED_PKG|SFSSDupeCatcher
13:58:44.159 (169426710)|ENTERING_MANAGED_PKG|SFSSDupeCatcher
13:58:44.159 (169440510)|ENTERING_MANAGED_PKG|SFSSDupeCatcher
13:58:44.159 (169448880)|ENTERING_MANAGED_PKG|SFSSDupeCatcher
13:58:44.159 (169487751)|ENTERING_MANAGED_PKG|SFSSDupeCatcher
13:58:44.159 (169740702)|SOQL_EXECUTE_BEGIN|[3131]|Aggregations:0|SELECT body, name FROM StaticResource WHERE Name = :tmpVar1 LIMIT 1
13:58:44.159 (174003997)|SOQL_EXECUTE_END|[3131]|Rows:0
13:58:44.159 (174094768)|ENTERING_MANAGED_PKG|SFSSDupeCatcher
13:58:44.159 (174156558)|ENTERING_MANAGED_PKG|SFSSDupeCatcher
13:58:44.159 (174391389)|ENTERING_MANAGED_PKG|SFSSDupeCatcher
13:58:44.159 (174432860)|ENTERING_MANAGED_PKG|SFSSDupeCatcher
13:58:44.159 (174443690)|ENTERING_MANAGED_PKG|SFSSDupeCatcher
13:58:44.159 (174483340)|ENTERING_MANAGED_PKG|SFSSDupeCatcher
13:58:44.159 (174495330)|ENTERING_MANAGED_PKG|SFSSDupeCatcher
13:58:44.159 (176080370)|ENTERING_MANAGED_PKG|SFSSDupeCatcher
13:58:44.159 (176097740)|ENTERING_MANAGED_PKG|SFSSDupeCatcher
13:58:44.159 (176106630)|ENTERING_MANAGED_PKG|SFSSDupeCatcher
13:58:44.159 (176143730)|ENTERING_MANAGED_PKG|SFSSDupeCatcher
13:58:44.159 (176373971)|SOQL_EXECUTE_BEGIN|[3131]|Aggregations:0|SELECT body, name FROM StaticResource WHERE Name = :tmpVar1 LIMIT 1
13:58:44.159 (179570260)|SOQL_EXECUTE_END|[3131]|Rows:0
13:58:44.159 (179626651)|ENTERING_MANAGED_PKG|SFSSDupeCatcher
13:58:44.159 (179675631)|ENTERING_MANAGED_PKG|SFSSDupeCatcher
13:58:44.159 (179878842)|ENTERING_MANAGED_PKG|SFSSDupeCatcher
13:58:44.159 (179915023)|ENTERING_MANAGED_PKG|SFSSDupeCatcher
13:58:44.159 (179924853)|ENTERING_MANAGED_PKG|SFSSDupeCatcher
13:58:44.159 (179973843)|ENTERING_MANAGED_PKG|SFSSDupeCatcher
13:58:44.159 (180002793)|ENTERING_MANAGED_PKG|SFSSDupeCatcher
13:58:44.159 (180688407)|SOQL_EXECUTE_BEGIN|[50]|Aggregations:0|SELECT Id, Name, Match_On_Insert_Action__c, Match_On_Update_Action__c, Create_Tasks_for_Warnings__c, Blocked_Duplicates__c, Merged_Duplicates__C, Converted_Duplicates__c, Error_Message__c, Scenario_Type__c, Deployed__c, Bypass_Security__c, Person_Account_Filter__c, OwnerID, CreatedById FROM Scenario__c WHERE (Deployed__c = TRUE AND Match_On_Insert_Action__c != 'Report Duplicate') LIMIT 100
13:58:44.159 (188161701)|SOQL_EXECUTE_END|[50]|Rows:3
13:58:44.159 (188419542)|ENTERING_MANAGED_PKG|SFSSDupeCatcher
13:58:44.159 (188435723)|ENTERING_MANAGED_PKG|SFSSDupeCatcher
13:58:44.159 (188467513)|ENTERING_MANAGED_PKG|SFSSDupeCatcher
13:58:44.159 (188491413)|ENTERING_MANAGED_PKG|SFSSDupeCatcher
13:58:44.159 (188806495)|ENTERING_MANAGED_PKG|SFSSDupeCatcher
13:58:44.159 (189331628)|SOQL_EXECUTE_BEGIN|[34]|Aggregations:0|SELECT Name, Id, Mapping_Approach__c, Match_Field__c, Target_Match_Field__c, First_N_Letters__c, Match_Blanks__c, Scenario__c FROM Scenario_Rule__c LIMIT :tmpVar1
13:58:44.159 (195454944)|SOQL_EXECUTE_END|[34]|Rows:7
13:58:44.159 (196114868)|ENTERING_MANAGED_PKG|SFSSDupeCatcher
13:58:44.159 (196335629)|ENTERING_MANAGED_PKG|SFSSDupeCatcher
13:58:44.159 (196367669)|ENTERING_MANAGED_PKG|SFSSDupeCatcher
13:58:44.159 (196418930)|ENTERING_MANAGED_PKG|SFSSDupeCatcher
13:58:44.159 (196458110)|ENTERING_MANAGED_PKG|SFSSDupeCatcher
13:58:44.159 (196471900)|ENTERING_MANAGED_PKG|SFSSDupeCatcher
13:58:44.159 (196481000)|ENTERING_MANAGED_PKG|SFSSDupeCatcher
13:58:44.159 (196519070)|ENTERING_MANAGED_PKG|SFSSDupeCatcher
13:58:44.159 (196731462)|SOQL_EXECUTE_BEGIN|[3131]|Aggregations:0|SELECT body, name FROM StaticResource WHERE Name = :tmpVar1 LIMIT 1
13:58:44.159 (199523908)|SOQL_EXECUTE_END|[3131]|Rows:0
13:58:44.159 (199581279)|ENTERING_MANAGED_PKG|SFSSDupeCatcher
13:58:44.159 (199646169)|ENTERING_MANAGED_PKG|SFSSDupeCatcher
13:58:44.200 (200037591)|CUMULATIVE_LIMIT_USAGE
13:58:44.200 (200037591)|LIMIT_USAGE_FOR_NS|(default)|
  Number of SOQL queries: 1 out of 200
  Number of query rows: 0 out of 50000
  Number of SOSL queries: 0 out of 20
  Number of DML statements: 1 out of 150
  Number of Publish Immediate DML: 0 out of 150
  Number of DML rows: 1 out of 10000
  Maximum CPU time: 86 out of 60000
  Maximum heap size: 0 out of 12000000
  Number of callouts: 0 out of 0
  Number of Email Invocations: 0 out of 10
  Number of future calls: 0 out of 50
  Number of queueable jobs added to the queue: 0 out of 1
  Number of Mobile Apex push calls: 0 out of 10

13:58:44.200 (200037591)|LIMIT_USAGE_FOR_NS|MC4SF|
  Number of SOQL queries: 0 out of 200
  Number of query rows: 0 out of 50000
  Number of SOSL queries: 0 out of 20
  Number of DML statements: 0 out of 150
  Number of Publish Immediate DML: 0 out of 150
  Number of DML rows: 0 out of 10000
  Maximum CPU time: 0 out of 60000
  Maximum heap size: 0 out of 12000000
  Number of callouts: 0 out of 0
  Number of Email Invocations: 0 out of 10
  Number of future calls: 0 out of 50
  Number of queueable jobs added to the queue: 0 out of 1
  Number of Mobile Apex push calls: 0 out of 10

13:58:44.200 (200037591)|LIMIT_USAGE_FOR_NS|pw_cc|
  Number of SOQL queries: 1 out of 200
  Number of query rows: 0 out of 50000
  Number of SOSL queries: 0 out of 20
  Number of DML statements: 0 out of 150
  Number of Publish Immediate DML: 0 out of 150
  Number of DML rows: 0 out of 10000
  Maximum CPU time: 0 out of 60000
  Maximum heap size: 0 out of 12000000
  Number of callouts: 0 out of 0
  Number of Email Invocations: 0 out of 10
  Number of future calls: 0 out of 50
  Number of queueable jobs added to the queue: 0 out of 1
  Number of Mobile Apex push calls: 0 out of 10

13:58:44.200 (200037591)|LIMIT_USAGE_FOR_NS|SFSSDupeCatcher|
  Number of SOQL queries: 6 out of 200
  Number of query rows: 10 out of 50000
  Number of SOSL queries: 0 out of 20
  Number of DML statements: 0 out of 150
  Number of Publish Immediate DML: 0 out of 150
  Number of DML rows: 0 out of 10000
  Maximum CPU time: 0 out of 60000
  Maximum heap size: 0 out of 12000000
  Number of callouts: 0 out of 0
  Number of Email Invocations: 0 out of 10
  Number of future calls: 0 out of 50
  Number of queueable jobs added to the queue: 0 out of 1
  Number of Mobile Apex push calls: 0 out of 10

13:58:44.200 (200037591)|CUMULATIVE_LIMIT_USAGE_END

13:58:44.0 (251562595)|CODE_UNIT_STARTED|[EXTERNAL]|Validation:Account:new
13:58:44.0 (251657936)|VALIDATION_RULE|03d5Y000001MOXK|Check_Company_Id_Value
13:58:44.0 (251842007)|VALIDATION_FORMULA|AND(
	(LID__LinkedIn_Company_Id__c <> NULL),
	NOT(ISNUMBER(LID__LinkedIn_Company_Id__c))
)|LID__LinkedIn_Company_Id__c=null
13:58:44.0 (251858787)|VALIDATION_PASS
13:58:44.0 (251869097)|CODE_UNIT_FINISHED|Validation:Account:new
13:58:44.340 (340618412)|ENTERING_MANAGED_PKG|SFSSDupeCatcher
13:58:44.340 (340747213)|ENTERING_MANAGED_PKG|SFSSDupeCatcher
13:58:44.340 (341019404)|ENTERING_MANAGED_PKG|SFSSDupeCatcher
13:58:44.340 (341086375)|ENTERING_MANAGED_PKG|SFSSDupeCatcher
13:58:44.340 (341158725)|ENTERING_MANAGED_PKG|SFSSDupeCatcher
13:58:44.340 (341178355)|ENTERING_MANAGED_PKG|SFSSDupeCatcher
13:58:44.340 (341187935)|ENTERING_MANAGED_PKG|SFSSDupeCatcher
13:58:44.340 (341216775)|ENTERING_MANAGED_PKG|SFSSDupeCatcher
13:58:44.340 (341675018)|SOQL_EXECUTE_BEGIN|[3131]|Aggregations:0|SELECT body, name FROM StaticResource WHERE Name = :tmpVar1 LIMIT 1
13:58:44.340 (345326390)|SOQL_EXECUTE_END|[3131]|Rows:0
13:58:44.340 (345433200)|ENTERING_MANAGED_PKG|SFSSDupeCatcher
13:58:44.340 (345562011)|ENTERING_MANAGED_PKG|SFSSDupeCatcher
13:58:44.340 (346002393)|ENTERING_MANAGED_PKG|SFSSDupeCatcher
13:58:44.340 (346250955)|ENTERING_MANAGED_PKG|SFSSDupeCatcher
13:58:44.340 (346293555)|ENTERING_MANAGED_PKG|SFSSDupeCatcher
13:58:44.340 (346305795)|ENTERING_MANAGED_PKG|SFSSDupeCatcher
13:58:44.340 (346436286)|ENTERING_MANAGED_PKG|SFSSDupeCatcher
13:58:44.340 (346450826)|ENTERING_MANAGED_PKG|SFSSDupeCatcher
13:58:44.340 (346460296)|ENTERING_MANAGED_PKG|SFSSDupeCatcher
13:58:44.340 (346497806)|ENTERING_MANAGED_PKG|SFSSDupeCatcher
13:58:44.340 (346687947)|SOQL_EXECUTE_BEGIN|[3131]|Aggregations:0|SELECT body, name FROM StaticResource WHERE Name = :tmpVar1 LIMIT 1
13:58:44.340 (349522844)|SOQL_EXECUTE_END|[3131]|Rows:0
13:58:44.340 (349582014)|ENTERING_MANAGED_PKG|SFSSDupeCatcher
13:58:44.340 (349632745)|ENTERING_MANAGED_PKG|SFSSDupeCatcher
13:58:44.340 (349849776)|ENTERING_MANAGED_PKG|SFSSDupeCatcher
13:58:44.340 (349871066)|ENTERING_MANAGED_PKG|SFSSDupeCatcher
13:58:44.340 (349880006)|ENTERING_MANAGED_PKG|SFSSDupeCatcher
13:58:44.340 (349916136)|ENTERING_MANAGED_PKG|SFSSDupeCatcher
13:58:44.340 (349925536)|ENTERING_MANAGED_PKG|SFSSDupeCatcher
13:58:44.340 (349992917)|ENTERING_MANAGED_PKG|SFSSDupeCatcher
13:58:44.340 (350004227)|ENTERING_MANAGED_PKG|SFSSDupeCatcher
13:58:44.340 (350012337)|ENTERING_MANAGED_PKG|SFSSDupeCatcher
13:58:44.340 (350042767)|ENTERING_MANAGED_PKG|SFSSDupeCatcher
13:58:44.340 (350195778)|SOQL_EXECUTE_BEGIN|[3131]|Aggregations:0|SELECT body, name FROM StaticResource WHERE Name = :tmpVar1 LIMIT 1
13:58:44.340 (352891434)|SOQL_EXECUTE_END|[3131]|Rows:0
13:58:44.340 (352948724)|ENTERING_MANAGED_PKG|SFSSDupeCatcher
13:58:44.340 (352997164)|ENTERING_MANAGED_PKG|SFSSDupeCatcher
13:58:44.340 (353188885)|ENTERING_MANAGED_PKG|SFSSDupeCatcher
13:58:44.340 (353228746)|ENTERING_MANAGED_PKG|SFSSDupeCatcher
13:58:44.340 (353250906)|ENTERING_MANAGED_PKG|SFSSDupeCatcher
13:58:44.340 (353276116)|ENTERING_MANAGED_PKG|SFSSDupeCatcher
13:58:44.340 (353292416)|ENTERING_MANAGED_PKG|SFSSDupeCatcher
13:58:44.340 (353747769)|SOQL_EXECUTE_BEGIN|[105]|Aggregations:0|SELECT Id, Name, Match_On_Insert_Action__c, Match_On_Update_Action__c, Create_Tasks_for_Warnings__c, Blocked_Duplicates__c, Merged_Duplicates__C, Converted_Duplicates__c, Error_Message__c, Scenario_Type__c, Deployed__c, Bypass_Security__c, Person_Account_Filter__c, OwnerID, CreatedById FROM Scenario__c WHERE Deployed__c = TRUE LIMIT 100
13:58:44.340 (356824397)|SOQL_EXECUTE_END|[105]|Rows:3
13:58:44.340 (356983238)|ENTERING_MANAGED_PKG|SFSSDupeCatcher
13:58:44.340 (356996268)|ENTERING_MANAGED_PKG|SFSSDupeCatcher
13:58:44.340 (357017398)|ENTERING_MANAGED_PKG|SFSSDupeCatcher
13:58:44.340 (357036009)|ENTERING_MANAGED_PKG|SFSSDupeCatcher
13:58:44.340 (357319430)|SOQL_EXECUTE_BEGIN|[34]|Aggregations:0|SELECT Name, Id, Mapping_Approach__c, Match_Field__c, Target_Match_Field__c, First_N_Letters__c, Match_Blanks__c, Scenario__c FROM Scenario_Rule__c LIMIT :tmpVar1
13:58:44.340 (359489393)|SOQL_EXECUTE_END|[34]|Rows:7
13:58:44.340 (359901636)|ENTERING_MANAGED_PKG|SFSSDupeCatcher
13:58:44.340 (360111437)|ENTERING_MANAGED_PKG|SFSSDupeCatcher
13:58:44.340 (360140677)|ENTERING_MANAGED_PKG|SFSSDupeCatcher
13:58:44.340 (360152407)|ENTERING_MANAGED_PKG|SFSSDupeCatcher
13:58:44.340 (360160267)|ENTERING_MANAGED_PKG|SFSSDupeCatcher
13:58:44.340 (360190477)|ENTERING_MANAGED_PKG|SFSSDupeCatcher
13:58:44.340 (360334148)|SOQL_EXECUTE_BEGIN|[3131]|Aggregations:0|SELECT body, name FROM StaticResource WHERE Name = :tmpVar1 LIMIT 1
13:58:44.340 (362840463)|SOQL_EXECUTE_END|[3131]|Rows:0
13:58:44.340 (362894543)|ENTERING_MANAGED_PKG|SFSSDupeCatcher
13:58:44.340 (362946034)|ENTERING_MANAGED_PKG|SFSSDupeCatcher
13:58:44.363 (363246136)|CUMULATIVE_LIMIT_USAGE
13:58:44.363 (363246136)|LIMIT_USAGE_FOR_NS|(default)|
  Number of SOQL queries: 1 out of 200
  Number of query rows: 0 out of 50000
  Number of SOSL queries: 0 out of 20
  Number of DML statements: 1 out of 150
  Number of Publish Immediate DML: 0 out of 150
  Number of DML rows: 1 out of 10000
  Maximum CPU time: 112 out of 60000
  Maximum heap size: 0 out of 12000000
  Number of callouts: 0 out of 0
  Number of Email Invocations: 0 out of 10
  Number of future calls: 0 out of 50
  Number of queueable jobs added to the queue: 0 out of 1
  Number of Mobile Apex push calls: 0 out of 10

13:58:44.363 (363246136)|LIMIT_USAGE_FOR_NS|MC4SF|
  Number of SOQL queries: 0 out of 200
  Number of query rows: 0 out of 50000
  Number of SOSL queries: 0 out of 20
  Number of DML statements: 0 out of 150
  Number of Publish Immediate DML: 0 out of 150
  Number of DML rows: 0 out of 10000
  Maximum CPU time: 0 out of 60000
  Maximum heap size: 0 out of 12000000
  Number of callouts: 0 out of 0
  Number of Email Invocations: 0 out of 10
  Number of future calls: 0 out of 50
  Number of queueable jobs added to the queue: 0 out of 1
  Number of Mobile Apex push calls: 0 out of 10

13:58:44.363 (363246136)|LIMIT_USAGE_FOR_NS|pw_cc|
  Number of SOQL queries: 1 out of 200
  Number of query rows: 0 out of 50000
  Number of SOSL queries: 0 out of 20
  Number of DML statements: 0 out of 150
  Number of Publish Immediate DML: 0 out of 150
  Number of DML rows: 0 out of 10000
  Maximum CPU time: 0 out of 60000
  Maximum heap size: 0 out of 12000000
  Number of callouts: 0 out of 0
  Number of Email Invocations: 0 out of 10
  Number of future calls: 0 out of 50
  Number of queueable jobs added to the queue: 0 out of 1
  Number of Mobile Apex push calls: 0 out of 10

13:58:44.363 (363246136)|LIMIT_USAGE_FOR_NS|SFSSDupeCatcher|
  Number of SOQL queries: 12 out of 200
  Number of query rows: 20 out of 50000
  Number of SOSL queries: 0 out of 20
  Number of DML statements: 0 out of 150
  Number of Publish Immediate DML: 0 out of 150
  Number of DML rows: 0 out of 10000
  Maximum CPU time: 0 out of 60000
  Maximum heap size: 0 out of 12000000
  Number of callouts: 0 out of 0
  Number of Email Invocations: 0 out of 10
  Number of future calls: 0 out of 50
  Number of queueable jobs added to the queue: 0 out of 1
  Number of Mobile Apex push calls: 0 out of 10

13:58:44.363 (363246136)|CUMULATIVE_LIMIT_USAGE_END

13:58:44.365 (365900981)|ENTERING_MANAGED_PKG|DOZISF
13:58:44.365 (369010799)|ENTERING_MANAGED_PKG|DOZISF
13:58:44.365 (370366067)|ENTERING_MANAGED_PKG|DOZISF
13:58:44.365 (370399557)|ENTERING_MANAGED_PKG|DOZISF
13:58:44.365 (370423497)|ENTERING_MANAGED_PKG|DOZISF
13:58:44.372 (372392029)|CUMULATIVE_LIMIT_USAGE
13:58:44.372 (372392029)|LIMIT_USAGE_FOR_NS|(default)|
  Number of SOQL queries: 1 out of 200
  Number of query rows: 0 out of 50000
  Number of SOSL queries: 0 out of 20
  Number of DML statements: 1 out of 150
  Number of Publish Immediate DML: 0 out of 150
  Number of DML rows: 1 out of 10000
  Maximum CPU time: 112 out of 60000
  Maximum heap size: 0 out of 12000000
  Number of callouts: 0 out of 0
  Number of Email Invocations: 0 out of 10
  Number of future calls: 0 out of 50
  Number of queueable jobs added to the queue: 0 out of 1
  Number of Mobile Apex push calls: 0 out of 10

13:58:44.372 (372392029)|LIMIT_USAGE_FOR_NS|MC4SF|
  Number of SOQL queries: 0 out of 200
  Number of query rows: 0 out of 50000
  Number of SOSL queries: 0 out of 20
  Number of DML statements: 0 out of 150
  Number of Publish Immediate DML: 0 out of 150
  Number of DML rows: 0 out of 10000
  Maximum CPU time: 0 out of 60000
  Maximum heap size: 0 out of 12000000
  Number of callouts: 0 out of 0
  Number of Email Invocations: 0 out of 10
  Number of future calls: 0 out of 50
  Number of queueable jobs added to the queue: 0 out of 1
  Number of Mobile Apex push calls: 0 out of 10

13:58:44.372 (372392029)|LIMIT_USAGE_FOR_NS|pw_cc|
  Number of SOQL queries: 1 out of 200
  Number of query rows: 0 out of 50000
  Number of SOSL queries: 0 out of 20
  Number of DML statements: 0 out of 150
  Number of Publish Immediate DML: 0 out of 150
  Number of DML rows: 0 out of 10000
  Maximum CPU time: 0 out of 60000
  Maximum heap size: 0 out of 12000000
  Number of callouts: 0 out of 0
  Number of Email Invocations: 0 out of 10
  Number of future calls: 0 out of 50
  Number of queueable jobs added to the queue: 0 out of 1
  Number of Mobile Apex push calls: 0 out of 10

13:58:44.372 (372392029)|LIMIT_USAGE_FOR_NS|SFSSDupeCatcher|
  Number of SOQL queries: 12 out of 200
  Number of query rows: 20 out of 50000
  Number of SOSL queries: 0 out of 20
  Number of DML statements: 0 out of 150
  Number of Publish Immediate DML: 0 out of 150
  Number of DML rows: 0 out of 10000
  Maximum CPU time: 0 out of 60000
  Maximum heap size: 0 out of 12000000
  Number of callouts: 0 out of 0
  Number of Email Invocations: 0 out of 10
  Number of future calls: 0 out of 50
  Number of queueable jobs added to the queue: 0 out of 1
  Number of Mobile Apex push calls: 0 out of 10

13:58:44.372 (372392029)|CUMULATIVE_LIMIT_USAGE_END

13:58:44.373 (373706667)|ENTERING_MANAGED_PKG|slackv2
13:58:44.373 (373885408)|ENTERING_MANAGED_PKG|slackv2
13:58:44.373 (373899828)|ENTERING_MANAGED_PKG|slackv2
13:58:44.373 (375287296)|ENTERING_MANAGED_PKG|slackv2
13:58:44.373 (375329246)|ENTERING_MANAGED_PKG|slackv2
13:58:44.373 (375778269)|ENTERING_MANAGED_PKG|slackv2
13:58:44.373 (375918300)|ENTERING_MANAGED_PKG|slackv2
13:58:44.373 (375932860)|ENTERING_MANAGED_PKG|slackv2
13:58:44.373 (701683903)|ENTERING_MANAGED_PKG|slackv2
13:58:44.373 (701844904)|ENTERING_MANAGED_PKG|slackv2
13:58:44.373 (737200713)|ENTERING_MANAGED_PKG|slackv2
13:58:44.373 (737433135)|ENTERING_MANAGED_PKG|slackv2
13:58:44.373 (737594036)|ENTERING_MANAGED_PKG|slackv2
13:58:44.373 (737607716)|ENTERING_MANAGED_PKG|slackv2
13:58:44.373 (737896117)|ENTERING_MANAGED_PKG|slackv2
13:58:44.373 (745622273)|SOQL_EXECUTE_BEGIN|[10]|Aggregations:0|SELECT Id, InstanceName, IsSandbox FROM Organization LIMIT 1
13:58:44.373 (750814234)|SOQL_EXECUTE_END|[10]|Rows:1
13:58:44.373 (751981261)|ENTERING_MANAGED_PKG|slackv2
13:58:44.373 (752189592)|ENTERING_MANAGED_PKG|slackv2
13:58:44.373 (752417034)|VARIABLE_ASSIGNMENT|[EXTERNAL]|this|"common.apex.runtime.impl.ExecutionException"|0x63e98740
13:58:44.373 (752450744)|VARIABLE_ASSIGNMENT|[EXTERNAL]|message|"Insufficient \"Read\"  (31 more) ..."
13:58:44.373 (752468494)|VARIABLE_ASSIGNMENT|[EXTERNAL]|cause|"common.apex.runtime.impl.ExecutionException: Script-thrown exception"|0x2933e551
13:58:44.373 (752477074)|HEAP_ALLOCATE|[85]|Bytes:11
13:58:44.373 (752483894)|HEAP_ALLOCATE|[85]|Bytes:33
13:58:44.373 (752485454)|HEAP_ALLOCATE|[85]|Bytes:30
13:58:44.373 (752486684)|HEAP_ALLOCATE|[85]|Bytes:12
13:58:44.373 (752582705)|SYSTEM_METHOD_ENTRY|[EXTERNAL]|Collections.Collections()
13:58:44.373 (752584955)|STATEMENT_EXECUTE|[EXTERNAL]
13:58:44.373 (752587785)|ENTERING_MANAGED_PKG|java__util
13:58:44.373 (752594435)|HEAP_ALLOCATE|[4623]|Bytes:4
13:58:44.373 (752615735)|ENTERING_MANAGED_PKG|java__util
13:58:44.373 (752629425)|ENTERING_MANAGED_PKG|java__util
13:58:44.373 (752636275)|ENTERING_MANAGED_PKG|java__util
13:58:44.373 (752648185)|HEAP_ALLOCATE|[4749]|Bytes:8
13:58:44.373 (752652175)|ENTERING_MANAGED_PKG|java__util
13:58:44.373 (752658595)|ENTERING_MANAGED_PKG|java__util
13:58:44.373 (752662675)|ENTERING_MANAGED_PKG|java__util
13:58:44.373 (752673615)|HEAP_ALLOCATE|[4853]|Bytes:12
13:58:44.373 (752677745)|ENTERING_MANAGED_PKG|java__util
13:58:44.373 (752683975)|ENTERING_MANAGED_PKG|java__util
13:58:44.373 (752718755)|SYSTEM_METHOD_EXIT|[EXTERNAL]|Collections
13:58:44.373 (752747636)|ENTERING_MANAGED_PKG|java__util
13:58:44.373 (752805836)|HEAP_ALLOCATE|[820]|Bytes:19
13:58:44.373 (752808716)|HEAP_ALLOCATE|[820]|Bytes:16
13:58:44.373 (752810276)|HEAP_ALLOCATE|[820]|Bytes:19
13:58:44.373 (752839636)|HEAP_ALLOCATE|[820]|Bytes:19
13:58:44.373 (752840916)|HEAP_ALLOCATE|[820]|Bytes:16
13:58:44.373 (752842106)|HEAP_ALLOCATE|[820]|Bytes:19
13:58:44.373 (752850006)|HEAP_ALLOCATE|[820]|Bytes:19
13:58:44.373 (752851276)|HEAP_ALLOCATE|[820]|Bytes:6
13:58:44.373 (752852566)|HEAP_ALLOCATE|[820]|Bytes:19
13:58:44.373 (752859916)|HEAP_ALLOCATE|[820]|Bytes:19
13:58:44.373 (752861006)|HEAP_ALLOCATE|[820]|Bytes:6
13:58:44.373 (752862106)|HEAP_ALLOCATE|[820]|Bytes:19
13:58:44.373 (752869806)|HEAP_ALLOCATE|[820]|Bytes:24
13:58:44.373 (752870906)|HEAP_ALLOCATE|[820]|Bytes:6
13:58:44.373 (752871986)|HEAP_ALLOCATE|[820]|Bytes:24
13:58:44.373 (752891376)|HEAP_ALLOCATE|[820]|Bytes:34
13:58:44.373 (752892476)|HEAP_ALLOCATE|[820]|Bytes:6
13:58:44.373 (752893566)|HEAP_ALLOCATE|[820]|Bytes:34
13:58:44.373 (752932057)|HEAP_ALLOCATE|[820]|Bytes:18
13:58:44.373 (752933257)|HEAP_ALLOCATE|[820]|Bytes:14
13:58:44.373 (752934307)|HEAP_ALLOCATE|[820]|Bytes:18
13:58:44.373 (752936847)|HEAP_ALLOCATE|[820]|Bytes:18
13:58:44.373 (752938047)|HEAP_ALLOCATE|[820]|Bytes:44
13:58:44.373 (752939227)|HEAP_ALLOCATE|[820]|Bytes:18
13:58:44.373 (752941147)|HEAP_ALLOCATE|[820]|Bytes:18
13:58:44.373 (752942367)|HEAP_ALLOCATE|[820]|Bytes:78
13:58:44.373 (752943447)|HEAP_ALLOCATE|[820]|Bytes:18
13:58:44.373 (752945227)|HEAP_ALLOCATE|[820]|Bytes:18
13:58:44.373 (752946317)|HEAP_ALLOCATE|[820]|Bytes:70
13:58:44.373 (752947377)|HEAP_ALLOCATE|[820]|Bytes:18
13:58:44.373 (752949157)|HEAP_ALLOCATE|[820]|Bytes:26
13:58:44.373 (752950407)|HEAP_ALLOCATE|[820]|Bytes:11
13:58:44.373 (752951487)|HEAP_ALLOCATE|[820]|Bytes:26
13:58:44.373 (752953317)|HEAP_ALLOCATE|[820]|Bytes:26
13:58:44.373 (752954517)|HEAP_ALLOCATE|[820]|Bytes:14
13:58:44.373 (752955587)|HEAP_ALLOCATE|[820]|Bytes:26
13:58:44.373 (752957377)|HEAP_ALLOCATE|[820]|Bytes:17
13:58:44.373 (752958617)|HEAP_ALLOCATE|[820]|Bytes:109
13:58:44.373 (752959727)|HEAP_ALLOCATE|[820]|Bytes:17
13:58:44.373 (752961487)|HEAP_ALLOCATE|[820]|Bytes:30
13:58:44.373 (752962667)|HEAP_ALLOCATE|[820]|Bytes:6
13:58:44.373 (752963727)|HEAP_ALLOCATE|[820]|Bytes:30
13:58:44.373 (753171098)|ENTERING_MANAGED_PKG|slackv2
13:58:44.373 (753437810)|ENTERING_MANAGED_PKG|slackv2
13:58:44.373 (754369945)|DML_BEGIN|[186]|Op:Insert|Type:slackv2__Subscription_Error__e|Rows:1
13:58:44.373 (762879675)|DML_END|[186]
13:58:44.763 (763010435)|CUMULATIVE_LIMIT_USAGE
13:58:44.763 (763010435)|LIMIT_USAGE_FOR_NS|(default)|
  Number of SOQL queries: 1 out of 200
  Number of query rows: 0 out of 50000
  Number of SOSL queries: 0 out of 20
  Number of DML statements: 1 out of 150
  Number of Publish Immediate DML: 0 out of 150
  Number of DML rows: 1 out of 10000
  Maximum CPU time: 145 out of 60000
  Maximum heap size: 0 out of 12000000
  Number of callouts: 0 out of 0
  Number of Email Invocations: 0 out of 10
  Number of future calls: 0 out of 50
  Number of queueable jobs added to the queue: 0 out of 1
  Number of Mobile Apex push calls: 0 out of 10

13:58:44.763 (763010435)|LIMIT_USAGE_FOR_NS|MC4SF|
  Number of SOQL queries: 0 out of 200
  Number of query rows: 0 out of 50000
  Number of SOSL queries: 0 out of 20
  Number of DML statements: 0 out of 150
  Number of Publish Immediate DML: 0 out of 150
  Number of DML rows: 0 out of 10000
  Maximum CPU time: 0 out of 60000
  Maximum heap size: 0 out of 12000000
  Number of callouts: 0 out of 0
  Number of Email Invocations: 0 out of 10
  Number of future calls: 0 out of 50
  Number of queueable jobs added to the queue: 0 out of 1
  Number of Mobile Apex push calls: 0 out of 10

13:58:44.763 (763010435)|LIMIT_USAGE_FOR_NS|pw_cc|
  Number of SOQL queries: 1 out of 200
  Number of query rows: 0 out of 50000
  Number of SOSL queries: 0 out of 20
  Number of DML statements: 0 out of 150
  Number of Publish Immediate DML: 0 out of 150
  Number of DML rows: 0 out of 10000
  Maximum CPU time: 0 out of 60000
  Maximum heap size: 0 out of 12000000
  Number of callouts: 0 out of 0
  Number of Email Invocations: 0 out of 10
  Number of future calls: 0 out of 50
  Number of queueable jobs added to the queue: 0 out of 1
  Number of Mobile Apex push calls: 0 out of 10

13:58:44.763 (763010435)|LIMIT_USAGE_FOR_NS|SFSSDupeCatcher|
  Number of SOQL queries: 12 out of 200
  Number of query rows: 20 out of 50000
  Number of SOSL queries: 0 out of 20
  Number of DML statements: 0 out of 150
  Number of Publish Immediate DML: 0 out of 150
  Number of DML rows: 0 out of 10000
  Maximum CPU time: 0 out of 60000
  Maximum heap size: 0 out of 12000000
  Number of callouts: 0 out of 0
  Number of Email Invocations: 0 out of 10
  Number of future calls: 0 out of 50
  Number of queueable jobs added to the queue: 0 out of 1
  Number of Mobile Apex push calls: 0 out of 10

13:58:44.763 (763010435)|LIMIT_USAGE_FOR_NS|slackv2|
  Number of SOQL queries: 1 out of 200
  Number of query rows: 1 out of 50000
  Number of SOSL queries: 0 out of 20
  Number of DML statements: 0 out of 150
  Number of Publish Immediate DML: 1 out of 150
  Number of DML rows: 0 out of 10000
  Maximum CPU time: 0 out of 60000
  Maximum heap size: 0 out of 12000000
  Number of callouts: 0 out of 0
  Number of Email Invocations: 0 out of 10
  Number of future calls: 0 out of 50
  Number of queueable jobs added to the queue: 0 out of 1
  Number of Mobile Apex push calls: 0 out of 10

13:58:44.763 (763010435)|CUMULATIVE_LIMIT_USAGE_END

13:58:44.765 (765452010)|ENTERING_MANAGED_PKG|sw_connector
13:58:44.765 (767957415)|ENTERING_MANAGED_PKG|sw_connector
13:58:44.765 (770098338)|ENTERING_MANAGED_PKG|sw_connector
13:58:44.765 (772909855)|ENTERING_MANAGED_PKG|sw_connector
13:58:44.765 (773151976)|ENTERING_MANAGED_PKG|sw_connector
13:58:44.773 (773668359)|CUMULATIVE_LIMIT_USAGE
13:58:44.773 (773668359)|LIMIT_USAGE_FOR_NS|(default)|
  Number of SOQL queries: 1 out of 200
  Number of query rows: 0 out of 50000
  Number of SOSL queries: 0 out of 20
  Number of DML statements: 1 out of 150
  Number of Publish Immediate DML: 0 out of 150
  Number of DML rows: 1 out of 10000
  Maximum CPU time: 145 out of 60000
  Maximum heap size: 0 out of 12000000
  Number of callouts: 0 out of 0
  Number of Email Invocations: 0 out of 10
  Number of future calls: 0 out of 50
  Number of queueable jobs added to the queue: 0 out of 1
  Number of Mobile Apex push calls: 0 out of 10

13:58:44.773 (773668359)|LIMIT_USAGE_FOR_NS|MC4SF|
  Number of SOQL queries: 0 out of 200
  Number of query rows: 0 out of 50000
  Number of SOSL queries: 0 out of 20
  Number of DML statements: 0 out of 150
  Number of Publish Immediate DML: 0 out of 150
  Number of DML rows: 0 out of 10000
  Maximum CPU time: 0 out of 60000
  Maximum heap size: 0 out of 12000000
  Number of callouts: 0 out of 0
  Number of Email Invocations: 0 out of 10
  Number of future calls: 0 out of 50
  Number of queueable jobs added to the queue: 0 out of 1
  Number of Mobile Apex push calls: 0 out of 10

13:58:44.773 (773668359)|LIMIT_USAGE_FOR_NS|pw_cc|
  Number of SOQL queries: 1 out of 200
  Number of query rows: 0 out of 50000
  Number of SOSL queries: 0 out of 20
  Number of DML statements: 0 out of 150
  Number of Publish Immediate DML: 0 out of 150
  Number of DML rows: 0 out of 10000
  Maximum CPU time: 0 out of 60000
  Maximum heap size: 0 out of 12000000
  Number of callouts: 0 out of 0
  Number of Email Invocations: 0 out of 10
  Number of future calls: 0 out of 50
  Number of queueable jobs added to the queue: 0 out of 1
  Number of Mobile Apex push calls: 0 out of 10

13:58:44.773 (773668359)|LIMIT_USAGE_FOR_NS|SFSSDupeCatcher|
  Number of SOQL queries: 12 out of 200
  Number of query rows: 20 out of 50000
  Number of SOSL queries: 0 out of 20
  Number of DML statements: 0 out of 150
  Number of Publish Immediate DML: 0 out of 150
  Number of DML rows: 0 out of 10000
  Maximum CPU time: 0 out of 60000
  Maximum heap size: 0 out of 12000000
  Number of callouts: 0 out of 0
  Number of Email Invocations: 0 out of 10
  Number of future calls: 0 out of 50
  Number of queueable jobs added to the queue: 0 out of 1
  Number of Mobile Apex push calls: 0 out of 10

13:58:44.773 (773668359)|LIMIT_USAGE_FOR_NS|slackv2|
  Number of SOQL queries: 1 out of 200
  Number of query rows: 1 out of 50000
  Number of SOSL queries: 0 out of 20
  Number of DML statements: 0 out of 150
  Number of Publish Immediate DML: 1 out of 150
  Number of DML rows: 0 out of 10000
  Maximum CPU time: 0 out of 60000
  Maximum heap size: 0 out of 12000000
  Number of callouts: 0 out of 0
  Number of Email Invocations: 0 out of 10
  Number of future calls: 0 out of 50
  Number of queueable jobs added to the queue: 0 out of 1
  Number of Mobile Apex push calls: 0 out of 10

13:58:44.773 (773668359)|CUMULATIVE_LIMIT_USAGE_END

13:58:44.0 (775345499)|CODE_UNIT_STARTED|[EXTERNAL]|Workflow:Account
13:58:44.0 (785799170)|WF_RULE_EVAL_BEGIN|Workflow
13:58:44.0 (785873651)|WF_CRITERIA_BEGIN|[Account: Syntech Solutions Kft. 001Pj00001DndZj]|Account Creation|01Q30000000IkbR|ON_CREATE_ONLY|0
13:58:44.0 (789478362)|WF_RULE_FILTER|[Account : Created By contains naama]
13:58:44.0 (789526473)|WF_RULE_EVAL_VALUE|005Pj00000cEmDO
13:58:44.0 (789553373)|WF_CRITERIA_END|false
13:58:44.0 (789577233)|WF_CRITERIA_BEGIN|[Account: Syntech Solutions Kft. 001Pj00001DndZj]|Live Account|01Q30000000IoMI|ON_CREATE_OR_TRIGGERING_UPDATE|0
13:58:44.0 (789667903)|WF_RULE_FILTER|[Account : Num of Live Opportunites equals 1.0] 
AND [Account : Num of Declined Opportunites equals 0.0]
13:58:44.0 (789679963)|WF_RULE_EVAL_VALUE|0
13:58:44.0 (789682793)|WF_CRITERIA_END|false
13:58:44.0 (789692204)|WF_CRITERIA_BEGIN|[Account: Syntech Solutions Kft. 001Pj00001DndZj]|Xtpayments: Notify new account manager when updated|01Q30000000J2JQ|ON_ALL_CHANGES|0
13:58:44.0 (790025576)|WF_FORMULA|Formula:ENCODED:[treatNullAsNull]ISCHANGED( {!ID:00N30000008sDfB} )|Values:XTPayments_Account_Manager__c=null
13:58:44.0 (790034956)|WF_CRITERIA_END|false
13:58:44.0 (790046426)|WF_CRITERIA_BEGIN|[Account: Syntech Solutions Kft. 001Pj00001DndZj]|Update Account Type-Affiliate/Publisher|01Q30000000J3dy|ON_CREATE_ONLY|0
13:58:44.0 (791438204)|WF_FORMULA|Formula:ENCODED:[treatNullAsNull]NOT(  ISPICKVAL({!ID:00N30000008smHc}, "")) &&  ISPICKVAL({!ID:00N30000008smHc}, "Affiliate/Publisher")|Values:Account_type_helper__c=null
13:58:44.0 (791447124)|WF_CRITERIA_END|false
13:58:44.0 (791462814)|WF_CRITERIA_BEGIN|[Account: Syntech Solutions Kft. 001Pj00001DndZj]|Closed Account|01Q30000000IoMN|ON_CREATE_OR_TRIGGERING_UPDATE|0
13:58:44.0 (791503914)|WF_RULE_FILTER|[Account : Num of Live Opportunites equals 0.0] 
AND [Account : Num of Declined Opportunites equals 1.0]
13:58:44.0 (791533545)|WF_RULE_EVAL_VALUE|0
13:58:44.0 (791535965)|WF_RULE_EVAL_VALUE|0
13:58:44.0 (791538145)|WF_CRITERIA_END|false
13:58:44.0 (791544685)|WF_CRITERIA_BEGIN|[Account: Syntech Solutions Kft. 001Pj00001DndZj]|Update Account Type-Reseller/Partner|01Q30000000J3e3|ON_CREATE_ONLY|0
13:58:44.0 (791657025)|WF_FORMULA|Formula:ENCODED:[treatNullAsNull]NOT(  ISPICKVAL({!ID:00N30000008smHc}, "")) &&  ISPICKVAL({!ID:00N30000008smHc}, "Reseller/Partner")|Values:Account_type_helper__c=null
13:58:44.0 (791661275)|WF_CRITERIA_END|false
13:58:44.0 (791668375)|WF_CRITERIA_BEGIN|[Account: Syntech Solutions Kft. 001Pj00001DndZj]|Update Account Type-Advertiser/Reseller|01Q30000000J3do|ON_CREATE_ONLY|0
13:58:44.0 (791722556)|WF_FORMULA|Formula:ENCODED:[treatNullAsNull]NOT(  ISPICKVAL({!ID:00N30000008smHc}, "")) &&  ISPICKVAL({!ID:00N30000008smHc}, "Merchant/Advertiser")|Values:Account_type_helper__c=null
13:58:44.0 (791725776)|WF_CRITERIA_END|false
13:58:44.0 (791732416)|WF_CRITERIA_BEGIN|[Account: Syntech Solutions Kft. 001Pj00001DndZj]|Clients_Meeting_from_Acc_to_CP3015Y000000guo4|01Q5Y000000q7p0|ON_ALL_CHANGES|0
13:58:44.0 (791764866)|WF_FORMULA|Formula:ENCODED:[treatNullAsNull]true|Values:
13:58:44.0 (791767536)|WF_CRITERIA_END|true
13:58:44.0 (792819622)|WF_SPOOL_ACTION_BEGIN|Workflow
13:58:44.0 (792860932)|WF_ACTION| Flow Trigger: 1;
13:58:44.0 (792871142)|WF_RULE_EVAL_END
13:58:44.794 (794330531)|FLOW_CREATE_INTERVIEW_BEGIN|00D30000000pE7X|3001O000000YS2q|3015Y000000guo4
13:58:44.794 (795506608)|FLOW_CREATE_INTERVIEW_END|7957a578498f5bcdd8e23fa7e3501a0487fc940-3545|Clients Meeting from Acc to CP
13:58:44.0 (795553338)|WF_FLOW_ACTION_BEGIN|09L5Y000000ZQ0V
13:58:44.795 (795977371)|FLOW_START_INTERVIEWS_BEGIN|1
13:58:44.795 (796048051)|FLOW_START_INTERVIEW_BEGIN|7957a578498f5bcdd8e23fa7e3501a0487fc940-3545|Clients Meeting from Acc to CP
13:58:44.795 (817117405)|FLOW_START_INTERVIEW_END|7957a578498f5bcdd8e23fa7e3501a0487fc940-3545|Clients Meeting from Acc to CP
13:58:44.795 (817151466)|FLOW_START_INTERVIEWS_END|1
13:58:44.795 (817194416)|FLOW_INTERVIEW_FINISHED|7957a578498f5bcdd8e23fa7e3501a0487fc940-3545|Clients Meeting from Acc to CP
13:58:44.0 (820226494)|WF_FLOW_ACTION_END|09L5Y000000ZQ0V
13:58:44.0 (820354454)|WF_ACTIONS_END| Flow Trigger: 1;
13:58:44.0 (820361254)|CODE_UNIT_FINISHED|Workflow:Account
13:58:44.0 (820454395)|CODE_UNIT_STARTED|[EXTERNAL]|Flow:Account
13:58:44.0 (828906215)|CODE_UNIT_FINISHED|Flow:Account
13:58:44.0 (828983296)|CODE_UNIT_STARTED|[EXTERNAL]|Flow:Account
13:58:44.0 (837732917)|CODE_UNIT_FINISHED|Flow:Account
13:58:44.0 (841285708)|DML_END|[549]
13:58:44.0 (842138443)|STATEMENT_EXECUTE|[555]
13:58:44.0 (842171503)|VARIABLE_SCOPE_BEGIN|[555]|primaryEmail|String|false|false
13:58:44.0 (842200503)|VARIABLE_ASSIGNMENT|[555]|primaryEmail|"applications@aretopa (9 more) ..."
13:58:44.0 (842202663)|STATEMENT_EXECUTE|[556]
13:58:44.0 (842206723)|VARIABLE_SCOPE_BEGIN|[556]|cPanelEmail|String|false|false
13:58:44.0 (842211013)|VARIABLE_ASSIGNMENT|[556]|cPanelEmail|"ivo@gmail.com"
13:58:44.0 (842212483)|STATEMENT_EXECUTE|[557]
13:58:44.0 (842286014)|HEAP_ALLOCATE|[557]|Bytes:13
13:58:44.0 (842293464)|VARIABLE_SCOPE_BEGIN|[557]|cPanelLower|String|false|false
13:58:44.0 (842296494)|VARIABLE_ASSIGNMENT|[557]|cPanelLower|"ivo@gmail.com"
13:58:44.0 (842298234)|STATEMENT_EXECUTE|[559]
13:58:44.0 (842368144)|HEAP_ALLOCATE|[559]|Bytes:4
13:58:44.0 (842398304)|VARIABLE_SCOPE_BEGIN|[559]|ownerContactsByEmail|Map<String,Contact>|true|false
13:58:44.0 (842416664)|VARIABLE_ASSIGNMENT|[559]|ownerContactsByEmail|{}|0x3ebeb19f
13:58:44.0 (842418904)|STATEMENT_EXECUTE|[560]
13:58:44.0 (842421414)|VARIABLE_SCOPE_BEGIN|[560]|cPanelMatchedOwner|Boolean|false|false
13:58:44.0 (842458245)|HEAP_ALLOCATE|[560]|Bytes:5
13:58:44.0 (842468475)|VARIABLE_ASSIGNMENT|[560]|cPanelMatchedOwner|false
13:58:44.0 (842472245)|STATEMENT_EXECUTE|[562]
13:58:44.0 (842577915)|HEAP_ALLOCATE|[563]|Bytes:5
13:58:44.0 (842592215)|HEAP_ALLOCATE|[563]|Bytes:44
13:58:44.0 (842599236)|VARIABLE_SCOPE_BEGIN|[563]|bo|NuveiConnectWebhookHandler.BusinessOwnerWrapper|true|false
13:58:44.0 (842656026)|VARIABLE_ASSIGNMENT|[563]|bo|{"contactNumber":"+359889532567","dateOfBirth":"1968-10-13","email":"vladimir.tsekov@yaho (5 more) ...","homeAddress":"0x229ce8d6","isAuthorizedSignatory":true,"legalFirstName":"Vladimir Tsvetanov","legalLastName":"Tsekov","nationality":"BG","ownerRole":"DIRECTOR_OWNER","percentageOfOwnership":100}|0x2b2d895e
13:58:44.0 (842660486)|STATEMENT_EXECUTE|[563]
13:58:44.0 (842676556)|STATEMENT_EXECUTE|[564]
13:58:44.0 (842677436)|STATEMENT_EXECUTE|[565]
13:58:44.0 (842684386)|HEAP_ALLOCATE|[565]|Bytes:25
13:58:44.0 (842687726)|VARIABLE_SCOPE_BEGIN|[565]|emailLower|String|false|false
13:58:44.0 (842691336)|VARIABLE_ASSIGNMENT|[565]|emailLower|"vladimir.tsekov@yaho (5 more) ..."
13:58:44.0 (842710666)|STATEMENT_EXECUTE|[566]
13:58:44.0 (842711266)|STATEMENT_EXECUTE|[568]
13:58:44.0 (842728796)|HEAP_ALLOCATE|[568]|Bytes:4
13:58:44.0 (842803577)|VARIABLE_SCOPE_BEGIN|[568]|c|Contact|true|false
13:58:44.0 (842812987)|VARIABLE_ASSIGNMENT|[568]|c|{}|0x7fa5b484
13:58:44.0 (842814977)|STATEMENT_EXECUTE|[569]
13:58:44.0 (843298280)|VARIABLE_ASSIGNMENT|[569]|this.AccountId|"001Pj00001DndZjIAJ"|0x7fa5b484
13:58:44.0 (843303000)|STATEMENT_EXECUTE|[570]
13:58:44.0 (843322980)|VARIABLE_ASSIGNMENT|[570]|this.FirstName|"Vladimir Tsvetanov"|0x7fa5b484
13:58:44.0 (843324830)|STATEMENT_EXECUTE|[571]
13:58:44.0 (843353470)|VARIABLE_ASSIGNMENT|[571]|this.LastName|"Tsekov"|0x7fa5b484
13:58:44.0 (843355790)|STATEMENT_EXECUTE|[574]
13:58:44.0 (843366880)|VARIABLE_ASSIGNMENT|[574]|this.Email|"vladimir.tsekov@yaho (5 more) ..."|0x7fa5b484
13:58:44.0 (843368740)|STATEMENT_EXECUTE|[575]
13:58:44.0 (843378370)|VARIABLE_ASSIGNMENT|[575]|this.Phone|"+359889532567"|0x7fa5b484
13:58:44.0 (843380230)|STATEMENT_EXECUTE|[576]
13:58:44.0 (843400150)|VARIABLE_ASSIGNMENT|[576]|this.Authorized_Signature__c|true|0x7fa5b484
13:58:44.0 (843401970)|STATEMENT_EXECUTE|[578]
13:58:44.0 (843411500)|HEAP_ALLOCATE|[579]|Bytes:8
13:58:44.0 (843435091)|VARIABLE_ASSIGNMENT|[578]|this.Director__c|true|0x7fa5b484
13:58:44.0 (843457501)|STATEMENT_EXECUTE|[581]
13:58:44.0 (843458261)|STATEMENT_EXECUTE|[585]
13:58:44.0 (843474261)|HEAP_ALLOCATE|[EXTERNAL]|Bytes:-4
13:58:44.0 (843484331)|HEAP_ALLOCATE|[563]|Bytes:5
13:58:44.0 (843491391)|VARIABLE_ASSIGNMENT|[563]|bo|null|
13:58:44.0 (843494251)|STATEMENT_EXECUTE|[591]
13:58:44.0 (843496851)|VARIABLE_SCOPE_BEGIN|[591]|primaryCon|Contact|true|false
13:58:44.0 (843500261)|VARIABLE_ASSIGNMENT|[591]|primaryCon|null|
13:58:44.0 (843501661)|STATEMENT_EXECUTE|[592]
13:58:44.0 (843503121)|VARIABLE_SCOPE_BEGIN|[592]|primaryMatchedOwner|Boolean|false|false
13:58:44.0 (843505401)|HEAP_ALLOCATE|[592]|Bytes:5
13:58:44.0 (843508081)|VARIABLE_ASSIGNMENT|[592]|primaryMatchedOwner|false
13:58:44.0 (843521331)|HEAP_ALLOCATE|[594]|Bytes:29
13:58:44.0 (843527561)|STATEMENT_EXECUTE|[593]
13:58:44.0 (843528651)|STATEMENT_EXECUTE|[598]
13:58:44.0 (843529441)|STATEMENT_EXECUTE|[600]
13:58:44.0 (843545811)|VARIABLE_SCOPE_BEGIN|[600]|primaryIsCPanel|Boolean|false|false
13:58:44.0 (843547931)|HEAP_ALLOCATE|[600]|Bytes:5
13:58:44.0 (843550161)|VARIABLE_ASSIGNMENT|[600]|primaryIsCPanel|false
13:58:44.0 (843551541)|STATEMENT_EXECUTE|[603]
13:58:44.0 (843568651)|METHOD_ENTRY|[603]|01pPj00000cpZZ8|NuveiConnectWebhookHandler.buildContact(NuveiConnectWebhookHandler.NuveiConnectRequest, Id, Boolean)
13:58:44.0 (843583361)|VARIABLE_SCOPE_BEGIN|[795]|req|NuveiConnectWebhookHandler.NuveiConnectRequest|true|false
13:58:44.0 (843623652)|VARIABLE_ASSIGNMENT|[795]|req|{"additionalInformation":"0x11359e0b","applicationId":"NC178792551537","applicationStatus":"SUBMITTED","bankingInformation":"0x45ddfc8f","businessInformation":"0x46f42a12","businessOwnerInformation":"0x59e8fca4","metadata":"0x6410e454","salesProfile":"0x4e0345dd","taxDetails":"0x29c042b5"}|0x375386f5
13:58:44.0 (843627942)|VARIABLE_SCOPE_BEGIN|[795]|accountId|Id|false|false
13:58:44.0 (843656852)|VARIABLE_ASSIGNMENT|[795]|accountId|"001Pj00001DndZjIAJ"
13:58:44.0 (843659132)|VARIABLE_SCOPE_BEGIN|[795]|isCPanelAdmin|Boolean|false|false
13:58:44.0 (843661862)|VARIABLE_ASSIGNMENT|[795]|isCPanelAdmin|false
13:58:44.0 (843668222)|HEAP_ALLOCATE|[796]|Bytes:5
13:58:44.0 (843670152)|STATEMENT_EXECUTE|[795]
13:58:44.0 (843670842)|STATEMENT_EXECUTE|[796]
13:58:44.0 (843678412)|HEAP_ALLOCATE|[796]|Bytes:4
13:58:44.0 (843692342)|VARIABLE_SCOPE_BEGIN|[796]|con|Contact|true|false
13:58:44.0 (843697482)|VARIABLE_ASSIGNMENT|[796]|con|{}|0x546f5fb9
13:58:44.0 (843701662)|STATEMENT_EXECUTE|[797]
13:58:44.0 (843721572)|VARIABLE_ASSIGNMENT|[797]|this.AccountId|"001Pj00001DndZjIAJ"|0x546f5fb9
13:58:44.0 (843723612)|STATEMENT_EXECUTE|[799]
13:58:44.0 (843727782)|VARIABLE_SCOPE_BEGIN|[799]|ci|NuveiConnectWebhookHandler.ContactInfoWrapper|true|false
13:58:44.0 (843743462)|VARIABLE_ASSIGNMENT|[799]|ci|{"businessEmail":"applications@aretopa (9 more) ...","contactNumber":"+18553106344","firstName":"Areto Payments","lastName":"Applications"}|0x3d2b1a9
13:58:44.0 (843745672)|STATEMENT_EXECUTE|[800]
13:58:44.0 (843746212)|STATEMENT_EXECUTE|[801]
13:58:44.0 (843756682)|VARIABLE_ASSIGNMENT|[801]|this.FirstName|"Areto Payments"|0x546f5fb9
13:58:44.0 (843758282)|STATEMENT_EXECUTE|[802]
13:58:44.0 (843775003)|VARIABLE_ASSIGNMENT|[802]|this.LastName|"Applications"|0x546f5fb9
13:58:44.0 (843776953)|STATEMENT_EXECUTE|[803]
13:58:44.0 (843785353)|VARIABLE_ASSIGNMENT|[803]|this.Email|"applications@aretopa (9 more) ..."|0x546f5fb9
13:58:44.0 (843787093)|STATEMENT_EXECUTE|[804]
13:58:44.0 (843794843)|VARIABLE_ASSIGNMENT|[804]|this.Phone|"+18553106344"|0x546f5fb9
13:58:44.0 (843812283)|STATEMENT_EXECUTE|[807]
13:58:44.0 (843813093)|STATEMENT_EXECUTE|[816]
13:58:44.0 (843822513)|VARIABLE_ASSIGNMENT|[816]|this.Is_CPanel_Admin__c|false|0x546f5fb9
13:58:44.0 (843824593)|STATEMENT_EXECUTE|[817]
13:58:44.0 (843831243)|METHOD_EXIT|[603]|01pPj00000cpZZ8|NuveiConnectWebhookHandler.buildContact(NuveiConnectWebhookHandler.NuveiConnectRequest, Id, Boolean)
13:58:44.0 (843838513)|VARIABLE_ASSIGNMENT|[603]|primaryCon|{"AccountId":"001Pj00001DndZjIAJ","FirstName":"Areto Payments","LastName":"Applications","Email":"applications@aretopa (9 more) ...","Phone":"+18553106344","Is_CPanel_Admin__c":false}|0x546f5fb9
13:58:44.0 (843841403)|STATEMENT_EXECUTE|[604]
13:58:44.0 (843842443)|STATEMENT_EXECUTE|[609]
13:58:44.0 (843843813)|VARIABLE_SCOPE_BEGIN|[609]|cPanelOnlyCon|Contact|true|false
13:58:44.0 (843846783)|VARIABLE_ASSIGNMENT|[609]|cPanelOnlyCon|null|
13:58:44.0 (843865073)|STATEMENT_EXECUTE|[612]
13:58:44.0 (843865813)|STATEMENT_EXECUTE|[613]
13:58:44.0 (843872943)|METHOD_ENTRY|[613]|01pPj00000cpZZ8|NuveiConnectWebhookHandler.buildCPanelContact(NuveiConnectWebhookHandler.NuveiConnectRequest, Id)
13:58:44.0 (843878123)|VARIABLE_SCOPE_BEGIN|[820]|req|NuveiConnectWebhookHandler.NuveiConnectRequest|true|false
13:58:44.0 (843894883)|VARIABLE_ASSIGNMENT|[820]|req|{"additionalInformation":"0x11359e0b","applicationId":"NC178792551537","applicationStatus":"SUBMITTED","bankingInformation":"0x45ddfc8f","businessInformation":"0x46f42a12","businessOwnerInformation":"0x59e8fca4","metadata":"0x6410e454","salesProfile":"0x4e0345dd","taxDetails":"0x29c042b5"}|0x375386f5
13:58:44.0 (843898153)|VARIABLE_SCOPE_BEGIN|[820]|accountId|Id|false|false
13:58:44.0 (843911223)|VARIABLE_ASSIGNMENT|[820]|accountId|"001Pj00001DndZjIAJ"
13:58:44.0 (843914983)|HEAP_ALLOCATE|[821]|Bytes:5
13:58:44.0 (843916693)|STATEMENT_EXECUTE|[820]
13:58:44.0 (843917373)|STATEMENT_EXECUTE|[821]
13:58:44.0 (843919443)|VARIABLE_SCOPE_BEGIN|[821]|ai|NuveiConnectWebhookHandler.AdditionalInfoWrapper|true|false
13:58:44.0 (843929603)|VARIABLE_ASSIGNMENT|[821]|ai|{"portalAdminContactNumber":"+18553106344","portalAdminEmail":"ivo@gmail.com","portalAdminFirstName":"Ivo","portalAdminLastName":"Nik"}|0x11359e0b
13:58:44.0 (843931813)|STATEMENT_EXECUTE|[822]
13:58:44.0 (843936064)|HEAP_ALLOCATE|[822]|Bytes:4
13:58:44.0 (843943894)|VARIABLE_SCOPE_BEGIN|[822]|con|Contact|true|false
13:58:44.0 (843947494)|VARIABLE_ASSIGNMENT|[822]|con|{}|0x30711240
13:58:44.0 (843949284)|STATEMENT_EXECUTE|[823]
13:58:44.0 (843960494)|VARIABLE_ASSIGNMENT|[823]|this.AccountId|"001Pj00001DndZjIAJ"|0x30711240
13:58:44.0 (843962494)|STATEMENT_EXECUTE|[824]
13:58:44.0 (843970694)|VARIABLE_ASSIGNMENT|[824]|this.FirstName|"Ivo"|0x30711240
13:58:44.0 (843972414)|STATEMENT_EXECUTE|[825]
13:58:44.0 (844001164)|VARIABLE_ASSIGNMENT|[825]|this.LastName|"Nik"|0x30711240
13:58:44.0 (844003414)|STATEMENT_EXECUTE|[828]
13:58:44.0 (844010464)|VARIABLE_ASSIGNMENT|[828]|this.Email|"ivo@gmail.com"|0x30711240
13:58:44.0 (844012174)|STATEMENT_EXECUTE|[829]
13:58:44.0 (844019384)|VARIABLE_ASSIGNMENT|[829]|this.Phone|"+18553106344"|0x30711240
13:58:44.0 (844021034)|STATEMENT_EXECUTE|[830]
13:58:44.0 (844027714)|VARIABLE_ASSIGNMENT|[830]|this.Is_CPanel_Admin__c|true|0x30711240
13:58:44.0 (844029374)|STATEMENT_EXECUTE|[831]
13:58:44.0 (844032384)|METHOD_EXIT|[613]|01pPj00000cpZZ8|NuveiConnectWebhookHandler.buildCPanelContact(NuveiConnectWebhookHandler.NuveiConnectRequest, Id)
13:58:44.0 (844037934)|VARIABLE_ASSIGNMENT|[613]|cPanelOnlyCon|{"AccountId":"001Pj00001DndZjIAJ","FirstName":"Ivo","LastName":"Nik","Email":"ivo@gmail.com","Phone":"+18553106344","Is_CPanel_Admin__c":true}|0x30711240
13:58:44.0 (844040424)|STATEMENT_EXECUTE|[617]
13:58:44.0 (844061294)|HEAP_ALLOCATE|[617]|Bytes:4
13:58:44.0 (844118565)|VARIABLE_SCOPE_BEGIN|[617]|toInsert|List<Contact>|true|false
13:58:44.0 (844123095)|HEAP_ALLOCATE|[EXTERNAL]|Bytes:4
13:58:44.0 (844133375)|VARIABLE_ASSIGNMENT|[617]|toInsert|[]|0x59bd1925
13:58:44.0 (844136315)|STATEMENT_EXECUTE|[618]
13:58:44.0 (844148215)|HEAP_ALLOCATE|[EXTERNAL]|Bytes:4
13:58:44.0 (844151005)|STATEMENT_EXECUTE|[619]
13:58:44.0 (844158395)|HEAP_ALLOCATE|[EXTERNAL]|Bytes:8
13:58:44.0 (844166895)|HEAP_ALLOCATE|[619]|Bytes:198
13:58:44.0 (844179665)|HEAP_ALLOCATE|[619]|Bytes:32
13:58:44.0 (844182555)|HEAP_ALLOCATE|[619]|Bytes:32
13:58:44.0 (844184285)|HEAP_ALLOCATE|[EXTERNAL]|Bytes:4
13:58:44.0 (844185665)|HEAP_ALLOCATE|[619]|Bytes:4
13:58:44.0 (844188025)|STATEMENT_EXECUTE|[620]
13:58:44.0 (844191905)|HEAP_ALLOCATE|[EXTERNAL]|Bytes:4
13:58:44.0 (844198975)|STATEMENT_EXECUTE|[621]
13:58:44.0 (844243835)|DML_BEGIN|[621]|Op:Insert|Type:Contact|Rows:3
13:58:44.0 (844275216)|HEAP_ALLOCATE|[EXTERNAL]|Bytes:16
13:58:44.0 (859416675)|CODE_UNIT_STARTED|[EXTERNAL]|Flow:Contact
13:58:44.0 (859434215)|CODE_UNIT_FINISHED|Flow:Contact
13:58:44.860 (860706153)|ENTERING_MANAGED_PKG|MC4SF
13:58:44.860 (862927986)|SOQL_EXECUTE_BEGIN|[37]|Aggregations:0|SELECT Email2__c FROM MC_Subscriber__c WHERE (Email2__c = :tmpVar1 AND Parent_MC_Subscriber__c = NULL)
13:58:44.860 (871539307)|SOQL_EXECUTE_END|[37]|Rows:0
13:58:44.872 (872023340)|CUMULATIVE_LIMIT_USAGE
13:58:44.872 (872023340)|LIMIT_USAGE_FOR_NS|(default)|
  Number of SOQL queries: 1 out of 200
  Number of query rows: 0 out of 50000
  Number of SOSL queries: 0 out of 20
  Number of DML statements: 2 out of 150
  Number of Publish Immediate DML: 0 out of 150
  Number of DML rows: 4 out of 10000
  Maximum CPU time: 216 out of 60000
  Maximum heap size: 0 out of 12000000
  Number of callouts: 0 out of 0
  Number of Email Invocations: 0 out of 10
  Number of future calls: 0 out of 50
  Number of queueable jobs added to the queue: 0 out of 1
  Number of Mobile Apex push calls: 0 out of 10

13:58:44.872 (872023340)|LIMIT_USAGE_FOR_NS|MC4SF|
  Number of SOQL queries: 1 out of 200
  Number of query rows: 0 out of 50000
  Number of SOSL queries: 0 out of 20
  Number of DML statements: 0 out of 150
  Number of Publish Immediate DML: 0 out of 150
  Number of DML rows: 0 out of 10000
  Maximum CPU time: 0 out of 60000
  Maximum heap size: 0 out of 12000000
  Number of callouts: 0 out of 0
  Number of Email Invocations: 0 out of 10
  Number of future calls: 0 out of 50
  Number of queueable jobs added to the queue: 0 out of 1
  Number of Mobile Apex push calls: 0 out of 10

13:58:44.872 (872023340)|LIMIT_USAGE_FOR_NS|pw_cc|
  Number of SOQL queries: 1 out of 200
  Number of query rows: 0 out of 50000
  Number of SOSL queries: 0 out of 20
  Number of DML statements: 0 out of 150
  Number of Publish Immediate DML: 0 out of 150
  Number of DML rows: 0 out of 10000
  Maximum CPU time: 0 out of 60000
  Maximum heap size: 0 out of 12000000
  Number of callouts: 0 out of 0
  Number of Email Invocations: 0 out of 10
  Number of future calls: 0 out of 50
  Number of queueable jobs added to the queue: 0 out of 1
  Number of Mobile Apex push calls: 0 out of 10

13:58:44.872 (872023340)|LIMIT_USAGE_FOR_NS|SFSSDupeCatcher|
  Number of SOQL queries: 12 out of 200
  Number of query rows: 20 out of 50000
  Number of SOSL queries: 0 out of 20
  Number of DML statements: 0 out of 150
  Number of Publish Immediate DML: 0 out of 150
  Number of DML rows: 0 out of 10000
  Maximum CPU time: 0 out of 60000
  Maximum heap size: 0 out of 12000000
  Number of callouts: 0 out of 0
  Number of Email Invocations: 0 out of 10
  Number of future calls: 0 out of 50
  Number of queueable jobs added to the queue: 0 out of 1
  Number of Mobile Apex push calls: 0 out of 10

13:58:44.872 (872023340)|LIMIT_USAGE_FOR_NS|slackv2|
  Number of SOQL queries: 1 out of 200
  Number of query rows: 1 out of 50000
  Number of SOSL queries: 0 out of 20
  Number of DML statements: 0 out of 150
  Number of Publish Immediate DML: 1 out of 150
  Number of DML rows: 0 out of 10000
  Maximum CPU time: 0 out of 60000
  Maximum heap size: 0 out of 12000000
  Number of callouts: 0 out of 0
  Number of Email Invocations: 0 out of 10
  Number of future calls: 0 out of 50
  Number of queueable jobs added to the queue: 0 out of 1
  Number of Mobile Apex push calls: 0 out of 10

13:58:44.872 (872023340)|CUMULATIVE_LIMIT_USAGE_END

13:58:44.0 (874787246)|CODE_UNIT_STARTED|[EXTERNAL]|01q1O000000k9fB|ContactTrigger on Contact trigger event BeforeInsert|__sfdc_trigger/ContactTrigger
13:58:44.0 (874808776)|HEAP_ALLOCATE|[EXTERNAL]|Bytes:16
13:58:44.0 (874847977)|HEAP_ALLOCATE|[EXTERNAL]|Bytes:8
13:58:44.0 (874857057)|VARIABLE_SCOPE_BEGIN|[1]|this|ContactTrigger|true|false
13:58:44.0 (875017968)|VARIABLE_ASSIGNMENT|[1]|this|{}|0x406be071
13:58:44.0 (875034908)|HEAP_ALLOCATE|[EXTERNAL]|Bytes:8
13:58:44.0 (875039428)|VARIABLE_SCOPE_BEGIN|[1]|this|ContactTrigger|true|false
13:58:44.0 (875046528)|VARIABLE_ASSIGNMENT|[1]|this|{}|0x406be071
13:58:44.0 (875050268)|STATEMENT_EXECUTE|[1]
13:58:44.0 (875051058)|STATEMENT_EXECUTE|[4]
13:58:44.0 (875056648)|HEAP_ALLOCATE|[4]|Bytes:9
13:58:44.0 (875076278)|METHOD_ENTRY|[1]|01p1O000001xhGN|ContactTriggerHandler.ContactTriggerHandler()
13:58:44.0 (875078568)|STATEMENT_EXECUTE|[1]
13:58:44.0 (875080108)|STATEMENT_EXECUTE|[1]
13:58:44.0 (876185454)|SYSTEM_MODE_ENTER|false
13:58:44.0 (876221755)|HEAP_ALLOCATE|[4]|Bytes:5
13:58:44.0 (876227875)|SYSTEM_MODE_EXIT|false
13:58:44.0 (876240315)|METHOD_EXIT|[1]|ContactTriggerHandler
13:58:44.0 (876244285)|HEAP_ALLOCATE|[4]|Bytes:20
13:58:44.0 (876259345)|CONSTRUCTOR_ENTRY|[4]|01p1O000001xhGN|<init>()|ContactTriggerHandler
13:58:44.0 (876290505)|VARIABLE_SCOPE_BEGIN|[1]|this|ContactTriggerHandler|true|false
13:58:44.0 (876312555)|VARIABLE_ASSIGNMENT|[1]|this|{}|0x8ca32c8
13:58:44.0 (876317445)|SYSTEM_MODE_ENTER|false
13:58:44.0 (876319905)|HEAP_ALLOCATE|[EXTERNAL]|Bytes:5
13:58:44.0 (876324125)|HEAP_ALLOCATE|[EXTERNAL]|Bytes:22
13:58:44.0 (876337195)|METHOD_ENTRY|[1]|01p1O000001xhGQ|ITriggerHandlerImpl.ITriggerHandlerImpl()
13:58:44.0 (876339035)|STATEMENT_EXECUTE|[1]
13:58:44.0 (876340305)|STATEMENT_EXECUTE|[1]
13:58:44.0 (876341585)|HEAP_ALLOCATE|[EXTERNAL]|Bytes:5
13:58:44.0 (876346275)|METHOD_EXIT|[1]|ITriggerHandlerImpl
13:58:44.0 (876351285)|CONSTRUCTOR_ENTRY|[EXTERNAL]|01p1O000001xhGQ|<init>()|ITriggerHandlerImpl
13:58:44.0 (876357085)|VARIABLE_SCOPE_BEGIN|[1]|this|ITriggerHandlerImpl|true|false
13:58:44.0 (876363375)|VARIABLE_ASSIGNMENT|[1]|this|{}|0x8ca32c8
13:58:44.0 (876365615)|HEAP_ALLOCATE|[EXTERNAL]|Bytes:5
13:58:44.0 (876375265)|STATEMENT_EXECUTE|[1]
13:58:44.0 (876376265)|HEAP_ALLOCATE|[EXTERNAL]|Bytes:5
13:58:44.0 (876377265)|STATEMENT_EXECUTE|[2]
13:58:44.0 (876377805)|STATEMENT_EXECUTE|[3]
13:58:44.0 (876378595)|STATEMENT_EXECUTE|[4]
13:58:44.0 (876379115)|STATEMENT_EXECUTE|[5]
13:58:44.0 (876383116)|CONSTRUCTOR_EXIT|[EXTERNAL]|01p1O000001xhGQ|<init>()|ITriggerHandlerImpl
13:58:44.0 (876386436)|SYSTEM_MODE_EXIT|false
13:58:44.0 (876387806)|STATEMENT_EXECUTE|[1]
13:58:44.0 (876389166)|SYSTEM_MODE_ENTER|false
13:58:44.0 (876390576)|HEAP_ALLOCATE|[EXTERNAL]|Bytes:5
13:58:44.0 (876392056)|SYSTEM_MODE_EXIT|false
13:58:44.0 (876394766)|CONSTRUCTOR_EXIT|[4]|01p1O000001xhGN|<init>()|ContactTriggerHandler
13:58:44.0 (876416826)|VARIABLE_ASSIGNMENT|[4]|this.handler|0x8ca32c8|0x406be071
13:58:44.0 (876418556)|STATEMENT_EXECUTE|[5]
13:58:44.0 (876431316)|METHOD_ENTRY|[5]|01p1O000001xhGQ|ITriggerHandlerImpl.execute()
13:58:44.0 (876440136)|VARIABLE_SCOPE_BEGIN|[7]|this|ITriggerHandlerImpl|true|false
13:58:44.0 (876445946)|VARIABLE_ASSIGNMENT|[7]|this|{}|0x8ca32c8
13:58:44.0 (876450456)|SYSTEM_MODE_ENTER|false
13:58:44.0 (876452026)|HEAP_ALLOCATE|[8]|Bytes:5
13:58:44.0 (876453776)|STATEMENT_EXECUTE|[7]
13:58:44.0 (876456936)|STATEMENT_EXECUTE|[8]
13:58:44.0 (876457526)|STATEMENT_EXECUTE|[9]
13:58:44.0 (876483986)|STATEMENT_EXECUTE|[11]
13:58:44.0 (876490506)|STATEMENT_EXECUTE|[14]
13:58:44.0 (876492626)|STATEMENT_EXECUTE|[18]
13:58:44.0 (876493956)|STATEMENT_EXECUTE|[19]
13:58:44.0 (876494426)|STATEMENT_EXECUTE|[20]
13:58:44.0 (876502846)|METHOD_ENTRY|[20]|01p1O000001xhGQ|ITriggerHandlerImpl.beforeInsert(Object)
13:58:44.0 (876522346)|VARIABLE_SCOPE_BEGIN|[43]|this|ITriggerHandlerImpl|true|false
13:58:44.0 (876534526)|VARIABLE_ASSIGNMENT|[43]|this|{"newRecordList":"0x702a61c7"}|0x8ca32c8
13:58:44.0 (876538146)|VARIABLE_SCOPE_BEGIN|[43]|params|Object|false|false
13:58:44.0 (876541856)|VARIABLE_ASSIGNMENT|[43]|params|null
13:58:44.0 (876544376)|HEAP_ALLOCATE|[EXTERNAL]|Bytes:5
13:58:44.0 (876545736)|STATEMENT_EXECUTE|[43]
13:58:44.0 (876548386)|METHOD_EXIT|[20]|01p1O000001xhGQ|ITriggerHandlerImpl.beforeInsert(Object)
13:58:44.0 (876551226)|SYSTEM_MODE_EXIT|false
13:58:44.0 (876553837)|METHOD_EXIT|[5]|01p1O000001xhGQ|ITriggerHandlerImpl.execute()
13:58:44.876 (876556377)|CUMULATIVE_LIMIT_USAGE
13:58:44.876 (876556377)|LIMIT_USAGE_FOR_NS|(default)|
  Number of SOQL queries: 1 out of 200
  Number of query rows: 0 out of 50000
  Number of SOSL queries: 0 out of 20
  Number of DML statements: 2 out of 150
  Number of Publish Immediate DML: 0 out of 150
  Number of DML rows: 4 out of 10000
  Maximum CPU time: 216 out of 60000
  Maximum heap size: 0 out of 12000000
  Number of callouts: 0 out of 0
  Number of Email Invocations: 0 out of 10
  Number of future calls: 0 out of 50
  Number of queueable jobs added to the queue: 0 out of 1
  Number of Mobile Apex push calls: 0 out of 10

13:58:44.876 (876556377)|LIMIT_USAGE_FOR_NS|MC4SF|
  Number of SOQL queries: 1 out of 200
  Number of query rows: 0 out of 50000
  Number of SOSL queries: 0 out of 20
  Number of DML statements: 0 out of 150
  Number of Publish Immediate DML: 0 out of 150
  Number of DML rows: 0 out of 10000
  Maximum CPU time: 0 out of 60000
  Maximum heap size: 0 out of 12000000
  Number of callouts: 0 out of 0
  Number of Email Invocations: 0 out of 10
  Number of future calls: 0 out of 50
  Number of queueable jobs added to the queue: 0 out of 1
  Number of Mobile Apex push calls: 0 out of 10

13:58:44.876 (876556377)|LIMIT_USAGE_FOR_NS|pw_cc|
  Number of SOQL queries: 1 out of 200
  Number of query rows: 0 out of 50000
  Number of SOSL queries: 0 out of 20
  Number of DML statements: 0 out of 150
  Number of Publish Immediate DML: 0 out of 150
  Number of DML rows: 0 out of 10000
  Maximum CPU time: 0 out of 60000
  Maximum heap size: 0 out of 12000000
  Number of callouts: 0 out of 0
  Number of Email Invocations: 0 out of 10
  Number of future calls: 0 out of 50
  Number of queueable jobs added to the queue: 0 out of 1
  Number of Mobile Apex push calls: 0 out of 10

13:58:44.876 (876556377)|LIMIT_USAGE_FOR_NS|SFSSDupeCatcher|
  Number of SOQL queries: 12 out of 200
  Number of query rows: 20 out of 50000
  Number of SOSL queries: 0 out of 20
  Number of DML statements: 0 out of 150
  Number of Publish Immediate DML: 0 out of 150
  Number of DML rows: 0 out of 10000
  Maximum CPU time: 0 out of 60000
  Maximum heap size: 0 out of 12000000
  Number of callouts: 0 out of 0
  Number of Email Invocations: 0 out of 10
  Number of future calls: 0 out of 50
  Number of queueable jobs added to the queue: 0 out of 1
  Number of Mobile Apex push calls: 0 out of 10

13:58:44.876 (876556377)|LIMIT_USAGE_FOR_NS|slackv2|
  Number of SOQL queries: 1 out of 200
  Number of query rows: 1 out of 50000
  Number of SOSL queries: 0 out of 20
  Number of DML statements: 0 out of 150
  Number of Publish Immediate DML: 1 out of 150
  Number of DML rows: 0 out of 10000
  Maximum CPU time: 0 out of 60000
  Maximum heap size: 0 out of 12000000
  Number of callouts: 0 out of 0
  Number of Email Invocations: 0 out of 10
  Number of future calls: 0 out of 50
  Number of queueable jobs added to the queue: 0 out of 1
  Number of Mobile Apex push calls: 0 out of 10

13:58:44.876 (876556377)|CUMULATIVE_LIMIT_USAGE_END

13:58:44.0 (876804488)|CODE_UNIT_FINISHED|ContactTrigger on Contact trigger event BeforeInsert|__sfdc_trigger/ContactTrigger
13:58:44.877 (877856944)|ENTERING_MANAGED_PKG|pw_cc
13:58:44.877 (877942025)|ENTERING_MANAGED_PKG|pw_cc
13:58:44.877 (877962645)|ENTERING_MANAGED_PKG|pw_cc
13:58:44.877 (877985945)|CUMULATIVE_LIMIT_USAGE
13:58:44.877 (877985945)|LIMIT_USAGE_FOR_NS|(default)|
  Number of SOQL queries: 1 out of 200
  Number of query rows: 0 out of 50000
  Number of SOSL queries: 0 out of 20
  Number of DML statements: 2 out of 150
  Number of Publish Immediate DML: 0 out of 150
  Number of DML rows: 4 out of 10000
  Maximum CPU time: 216 out of 60000
  Maximum heap size: 0 out of 12000000
  Number of callouts: 0 out of 0
  Number of Email Invocations: 0 out of 10
  Number of future calls: 0 out of 50
  Number of queueable jobs added to the queue: 0 out of 1
  Number of Mobile Apex push calls: 0 out of 10

13:58:44.877 (877985945)|LIMIT_USAGE_FOR_NS|MC4SF|
  Number of SOQL queries: 1 out of 200
  Number of query rows: 0 out of 50000
  Number of SOSL queries: 0 out of 20
  Number of DML statements: 0 out of 150
  Number of Publish Immediate DML: 0 out of 150
  Number of DML rows: 0 out of 10000
  Maximum CPU time: 0 out of 60000
  Maximum heap size: 0 out of 12000000
  Number of callouts: 0 out of 0
  Number of Email Invocations: 0 out of 10
  Number of future calls: 0 out of 50
  Number of queueable jobs added to the queue: 0 out of 1
  Number of Mobile Apex push calls: 0 out of 10

13:58:44.877 (877985945)|LIMIT_USAGE_FOR_NS|pw_cc|
  Number of SOQL queries: 1 out of 200
  Number of query rows: 0 out of 50000
  Number of SOSL queries: 0 out of 20
  Number of DML statements: 0 out of 150
  Number of Publish Immediate DML: 0 out of 150
  Number of DML rows: 0 out of 10000
  Maximum CPU time: 0 out of 60000
  Maximum heap size: 0 out of 12000000
  Number of callouts: 0 out of 0
  Number of Email Invocations: 0 out of 10
  Number of future calls: 0 out of 50
  Number of queueable jobs added to the queue: 0 out of 1
  Number of Mobile Apex push calls: 0 out of 10

13:58:44.877 (877985945)|LIMIT_USAGE_FOR_NS|SFSSDupeCatcher|
  Number of SOQL queries: 12 out of 200
  Number of query rows: 20 out of 50000
  Number of SOSL queries: 0 out of 20
  Number of DML statements: 0 out of 150
  Number of Publish Immediate DML: 0 out of 150
  Number of DML rows: 0 out of 10000
  Maximum CPU time: 0 out of 60000
  Maximum heap size: 0 out of 12000000
  Number of callouts: 0 out of 0
  Number of Email Invocations: 0 out of 10
  Number of future calls: 0 out of 50
  Number of queueable jobs added to the queue: 0 out of 1
  Number of Mobile Apex push calls: 0 out of 10

13:58:44.877 (877985945)|LIMIT_USAGE_FOR_NS|slackv2|
  Number of SOQL queries: 1 out of 200
  Number of query rows: 1 out of 50000
  Number of SOSL queries: 0 out of 20
  Number of DML statements: 0 out of 150
  Number of Publish Immediate DML: 1 out of 150
  Number of DML rows: 0 out of 10000
  Maximum CPU time: 0 out of 60000
  Maximum heap size: 0 out of 12000000
  Number of callouts: 0 out of 0
  Number of Email Invocations: 0 out of 10
  Number of future calls: 0 out of 50
  Number of queueable jobs added to the queue: 0 out of 1
  Number of Mobile Apex push calls: 0 out of 10

13:58:44.877 (877985945)|CUMULATIVE_LIMIT_USAGE_END

13:58:44.879 (879121891)|ENTERING_MANAGED_PKG|SFSSDupeCatcher
13:58:44.879 (879180122)|ENTERING_MANAGED_PKG|SFSSDupeCatcher
13:58:44.879 (879373763)|ENTERING_MANAGED_PKG|SFSSDupeCatcher
13:58:44.879 (879428053)|ENTERING_MANAGED_PKG|SFSSDupeCatcher
13:58:44.879 (879534284)|ENTERING_MANAGED_PKG|SFSSDupeCatcher
13:58:44.879 (879552164)|ENTERING_MANAGED_PKG|SFSSDupeCatcher
13:58:44.879 (879560204)|ENTERING_MANAGED_PKG|SFSSDupeCatcher
13:58:44.879 (879586324)|ENTERING_MANAGED_PKG|SFSSDupeCatcher
13:58:44.879 (879910056)|SOQL_EXECUTE_BEGIN|[3131]|Aggregations:0|SELECT body, name FROM StaticResource WHERE Name = :tmpVar1 LIMIT 1
13:58:44.879 (886430605)|SOQL_EXECUTE_END|[3131]|Rows:0
13:58:44.879 (886515745)|ENTERING_MANAGED_PKG|SFSSDupeCatcher
13:58:44.879 (886622496)|ENTERING_MANAGED_PKG|SFSSDupeCatcher
13:58:44.886 (886883797)|CUMULATIVE_LIMIT_USAGE
13:58:44.886 (886883797)|LIMIT_USAGE_FOR_NS|(default)|
  Number of SOQL queries: 1 out of 200
  Number of query rows: 0 out of 50000
  Number of SOSL queries: 0 out of 20
  Number of DML statements: 2 out of 150
  Number of Publish Immediate DML: 0 out of 150
  Number of DML rows: 4 out of 10000
  Maximum CPU time: 238 out of 60000
  Maximum heap size: 0 out of 12000000
  Number of callouts: 0 out of 0
  Number of Email Invocations: 0 out of 10
  Number of future calls: 0 out of 50
  Number of queueable jobs added to the queue: 0 out of 1
  Number of Mobile Apex push calls: 0 out of 10

13:58:44.886 (886883797)|LIMIT_USAGE_FOR_NS|MC4SF|
  Number of SOQL queries: 1 out of 200
  Number of query rows: 0 out of 50000
  Number of SOSL queries: 0 out of 20
  Number of DML statements: 0 out of 150
  Number of Publish Immediate DML: 0 out of 150
  Number of DML rows: 0 out of 10000
  Maximum CPU time: 0 out of 60000
  Maximum heap size: 0 out of 12000000
  Number of callouts: 0 out of 0
  Number of Email Invocations: 0 out of 10
  Number of future calls: 0 out of 50
  Number of queueable jobs added to the queue: 0 out of 1
  Number of Mobile Apex push calls: 0 out of 10

13:58:44.886 (886883797)|LIMIT_USAGE_FOR_NS|pw_cc|
  Number of SOQL queries: 1 out of 200
  Number of query rows: 0 out of 50000
  Number of SOSL queries: 0 out of 20
  Number of DML statements: 0 out of 150
  Number of Publish Immediate DML: 0 out of 150
  Number of DML rows: 0 out of 10000
  Maximum CPU time: 0 out of 60000
  Maximum heap size: 0 out of 12000000
  Number of callouts: 0 out of 0
  Number of Email Invocations: 0 out of 10
  Number of future calls: 0 out of 50
  Number of queueable jobs added to the queue: 0 out of 1
  Number of Mobile Apex push calls: 0 out of 10

13:58:44.886 (886883797)|LIMIT_USAGE_FOR_NS|SFSSDupeCatcher|
  Number of SOQL queries: 13 out of 200
  Number of query rows: 20 out of 50000
  Number of SOSL queries: 0 out of 20
  Number of DML statements: 0 out of 150
  Number of Publish Immediate DML: 0 out of 150
  Number of DML rows: 0 out of 10000
  Maximum CPU time: 0 out of 60000
  Maximum heap size: 0 out of 12000000
  Number of callouts: 0 out of 0
  Number of Email Invocations: 0 out of 10
  Number of future calls: 0 out of 50
  Number of queueable jobs added to the queue: 0 out of 1
  Number of Mobile Apex push calls: 0 out of 10

13:58:44.886 (886883797)|LIMIT_USAGE_FOR_NS|slackv2|
  Number of SOQL queries: 1 out of 200
  Number of query rows: 1 out of 50000
  Number of SOSL queries: 0 out of 20
  Number of DML statements: 0 out of 150
  Number of Publish Immediate DML: 1 out of 150
  Number of DML rows: 0 out of 10000
  Maximum CPU time: 0 out of 60000
  Maximum heap size: 0 out of 12000000
  Number of callouts: 0 out of 0
  Number of Email Invocations: 0 out of 10
  Number of future calls: 0 out of 50
  Number of queueable jobs added to the queue: 0 out of 1
  Number of Mobile Apex push calls: 0 out of 10

13:58:44.886 (886883797)|CUMULATIVE_LIMIT_USAGE_END

13:58:45.21 (1021545852)|CODE_UNIT_STARTED|[EXTERNAL]|01q1O000000k9fB|ContactTrigger on Contact trigger event AfterInsert|__sfdc_trigger/ContactTrigger
13:58:45.21 (1021614133)|HEAP_ALLOCATE|[EXTERNAL]|Bytes:16
13:58:45.21 (1021777244)|HEAP_ALLOCATE|[EXTERNAL]|Bytes:8
13:58:45.21 (1021794394)|VARIABLE_SCOPE_BEGIN|[1]|this|ContactTrigger|true|false
13:58:45.21 (1021853754)|VARIABLE_ASSIGNMENT|[1]|this|{}|0x14ee0222
13:58:45.21 (1021879014)|HEAP_ALLOCATE|[EXTERNAL]|Bytes:8
13:58:45.21 (1021883524)|VARIABLE_SCOPE_BEGIN|[1]|this|ContactTrigger|true|false
13:58:45.21 (1021889484)|VARIABLE_ASSIGNMENT|[1]|this|{}|0x14ee0222
13:58:45.21 (1021894935)|STATEMENT_EXECUTE|[1]
13:58:45.21 (1021895935)|STATEMENT_EXECUTE|[4]
13:58:45.21 (1021899665)|HEAP_ALLOCATE|[4]|Bytes:20
13:58:45.21 (1021929055)|CONSTRUCTOR_ENTRY|[4]|01p1O000001xhGN|<init>()|ContactTriggerHandler
13:58:45.21 (1021937065)|VARIABLE_SCOPE_BEGIN|[1]|this|ContactTriggerHandler|true|false
13:58:45.21 (1021950375)|VARIABLE_ASSIGNMENT|[1]|this|{}|0x3ddcf1c7
13:58:45.21 (1023159502)|SYSTEM_MODE_ENTER|false
13:58:45.21 (1023186642)|HEAP_ALLOCATE|[EXTERNAL]|Bytes:5
13:58:45.21 (1023208542)|CONSTRUCTOR_ENTRY|[EXTERNAL]|01p1O000001xhGQ|<init>()|ITriggerHandlerImpl
13:58:45.21 (1023214922)|VARIABLE_SCOPE_BEGIN|[1]|this|ITriggerHandlerImpl|true|false
13:58:45.21 (1023388583)|VARIABLE_ASSIGNMENT|[1]|this|{}|0x3ddcf1c7
13:58:45.21 (1023395873)|HEAP_ALLOCATE|[EXTERNAL]|Bytes:5
13:58:45.21 (1023421843)|STATEMENT_EXECUTE|[1]
13:58:45.21 (1023423374)|HEAP_ALLOCATE|[EXTERNAL]|Bytes:5
13:58:45.21 (1023424754)|STATEMENT_EXECUTE|[2]
13:58:45.21 (1023425484)|STATEMENT_EXECUTE|[3]
13:58:45.21 (1023426194)|STATEMENT_EXECUTE|[4]
13:58:45.21 (1023426784)|STATEMENT_EXECUTE|[5]
13:58:45.21 (1023435504)|CONSTRUCTOR_EXIT|[EXTERNAL]|01p1O000001xhGQ|<init>()|ITriggerHandlerImpl
13:58:45.21 (1023442584)|SYSTEM_MODE_EXIT|false
13:58:45.21 (1023447644)|STATEMENT_EXECUTE|[1]
13:58:45.21 (1023451054)|SYSTEM_MODE_ENTER|false
13:58:45.21 (1023452974)|HEAP_ALLOCATE|[EXTERNAL]|Bytes:5
13:58:45.21 (1023454654)|SYSTEM_MODE_EXIT|false
13:58:45.21 (1023459144)|CONSTRUCTOR_EXIT|[4]|01p1O000001xhGN|<init>()|ContactTriggerHandler
13:58:45.21 (1023492414)|VARIABLE_ASSIGNMENT|[4]|this.handler|0x3ddcf1c7|0x14ee0222
13:58:45.21 (1023494714)|STATEMENT_EXECUTE|[5]
13:58:45.21 (1023504704)|METHOD_ENTRY|[5]|01p1O000001xhGQ|ITriggerHandlerImpl.execute()
13:58:45.21 (1023508264)|VARIABLE_SCOPE_BEGIN|[7]|this|ITriggerHandlerImpl|true|false
13:58:45.21 (1023516354)|VARIABLE_ASSIGNMENT|[7]|this|{}|0x3ddcf1c7
13:58:45.21 (1023522644)|SYSTEM_MODE_ENTER|false
13:58:45.21 (1023524374)|HEAP_ALLOCATE|[8]|Bytes:5
13:58:45.21 (1023525984)|STATEMENT_EXECUTE|[7]
13:58:45.21 (1023532824)|STATEMENT_EXECUTE|[8]
13:58:45.21 (1023533524)|STATEMENT_EXECUTE|[9]
13:58:45.21 (1023572534)|STATEMENT_EXECUTE|[11]
13:58:45.21 (1023573394)|STATEMENT_EXECUTE|[12]
13:58:45.21 (1023638865)|STATEMENT_EXECUTE|[14]
13:58:45.21 (1023641805)|STATEMENT_EXECUTE|[28]
13:58:45.21 (1023643675)|STATEMENT_EXECUTE|[29]
13:58:45.21 (1023645505)|STATEMENT_EXECUTE|[30]
13:58:45.21 (1023646175)|STATEMENT_EXECUTE|[31]
13:58:45.21 (1023680865)|METHOD_ENTRY|[31]|01p1O000001xhGN|ContactTriggerHandler.afterInsert(Object)
13:58:45.21 (1023702975)|VARIABLE_SCOPE_BEGIN|[6]|this|ContactTriggerHandler|true|false
13:58:45.21 (1023725865)|VARIABLE_ASSIGNMENT|[6]|this|{"newRecordList":"0x1497f886","newRecordMap":"0x7e914b59"}|0x3ddcf1c7
13:58:45.21 (1023730255)|VARIABLE_SCOPE_BEGIN|[6]|params|Object|false|false
13:58:45.21 (1023734595)|VARIABLE_ASSIGNMENT|[6]|params|null
13:58:45.21 (1023738785)|HEAP_ALLOCATE|[7]|Bytes:5
13:58:45.21 (1023740405)|STATEMENT_EXECUTE|[6]
13:58:45.21 (1023741005)|STATEMENT_EXECUTE|[7]
13:58:45.21 (1023809866)|HEAP_ALLOCATE|[7]|Bytes:70
13:58:45.21 (1023822406)|METHOD_ENTRY|[7]|01p1O000001xhGN|ContactTriggerHandler.updateMerchantBanks(Set<Id>)
13:58:45.21 (1023825636)|VARIABLE_SCOPE_BEGIN|[10]|this|ContactTriggerHandler|true|false
13:58:45.21 (1023834846)|VARIABLE_ASSIGNMENT|[10]|this|{"newRecordList":"0x1497f886","newRecordMap":"0x7e914b59"}|0x3ddcf1c7
13:58:45.21 (1023837876)|VARIABLE_SCOPE_BEGIN|[10]|contIds|Set<Id>|true|false
13:58:45.21 (1023893016)|VARIABLE_ASSIGNMENT|[10]|contIds|["003Pj00001PGTn9IAH","003Pj00001PGTnAIAX","003Pj00001PGTnBIAX"]|0x45727a12
13:58:45.21 (1023897516)|HEAP_ALLOCATE|[11]|Bytes:5
13:58:45.21 (1023899306)|STATEMENT_EXECUTE|[10]
13:58:45.21 (1023899936)|STATEMENT_EXECUTE|[11]
13:58:45.21 (1023922266)|HEAP_ALLOCATE|[11]|Bytes:4
13:58:45.21 (1023926236)|HEAP_ALLOCATE|[11]|Bytes:64
13:58:45.21 (1023931466)|HEAP_ALLOCATE|[11]|Bytes:4
13:58:45.21 (1024407929)|SOQL_EXECUTE_BEGIN|[11]|Aggregations:0|SELECT Id FROM Compliance__c WHERE Primary_Contact__c = :tmpVar1
13:58:45.21 (1041382500)|SOQL_EXECUTE_END|[11]|Rows:0
13:58:45.21 (1041434080)|HEAP_ALLOCATE|[11]|Bytes:4
13:58:45.21 (1041454360)|HEAP_ALLOCATE|[11]|Bytes:0
13:58:45.21 (1041506870)|HEAP_ALLOCATE|[11]|Bytes:4
13:58:45.21 (1041575061)|VARIABLE_SCOPE_BEGIN|[11]|compMap|Map<Id,Compliance__c>|true|false
13:58:45.21 (1041618551)|VARIABLE_ASSIGNMENT|[11]|compMap|{}|0x4dea2bd
13:58:45.21 (1041623311)|STATEMENT_EXECUTE|[12]
13:58:45.21 (1041628401)|HEAP_ALLOCATE|[12]|Bytes:111
13:58:45.21 (1041639811)|HEAP_ALLOCATE|[12]|Bytes:4
13:58:45.21 (1041711652)|HEAP_ALLOCATE|[12]|Bytes:4
13:58:45.21 (1042579087)|SOQL_EXECUTE_BEGIN|[12]|Aggregations:0|SELECT Id, Update_Date__c, Bank_Update_Status_Date_Live__c FROM Merchant_Bank__c WHERE Compliance__c = :tmpVar1
13:58:45.21 (1048293680)|SOQL_EXECUTE_END|[12]|Rows:0
13:58:45.21 (1048324280)|HEAP_ALLOCATE|[12]|Bytes:4
13:58:45.21 (1048337760)|HEAP_ALLOCATE|[12]|Bytes:0
13:58:45.21 (1048415261)|HEAP_ALLOCATE|[12]|Bytes:4
13:58:45.21 (1048437401)|VARIABLE_SCOPE_BEGIN|[12]|bankList|List<Merchant_Bank__c>|true|false
13:58:45.21 (1048464281)|VARIABLE_ASSIGNMENT|[12]|bankList|[]|0x6b4424eb
13:58:45.21 (1048469801)|STATEMENT_EXECUTE|[13]
13:58:45.21 (1048475641)|VARIABLE_SCOPE_BEGIN|[13]|i|Integer|false|false
13:58:45.21 (1048479521)|HEAP_ALLOCATE|[13]|Bytes:4
13:58:45.21 (1048487501)|VARIABLE_ASSIGNMENT|[13]|i|0
13:58:45.21 (1048568862)|STATEMENT_EXECUTE|[13]
13:58:45.21 (1048569922)|STATEMENT_EXECUTE|[17]
13:58:45.21 (1048625932)|HEAP_ALLOCATE|[EXTERNAL]|Bytes:4
13:58:45.21 (1048638882)|METHOD_EXIT|[7]|01p1O000001xhGN|ContactTriggerHandler.updateMerchantBanks(Set<Id>)
13:58:45.21 (1048644592)|METHOD_EXIT|[31]|01p1O000001xhGN|ContactTriggerHandler.afterInsert(Object)
13:58:45.21 (1048671502)|SYSTEM_MODE_EXIT|false
13:58:45.21 (1048683452)|METHOD_EXIT|[5]|01p1O000001xhGQ|ITriggerHandlerImpl.execute()
13:58:45.48 (1048694682)|CUMULATIVE_LIMIT_USAGE
13:58:45.48 (1048694682)|LIMIT_USAGE_FOR_NS|(default)|
  Number of SOQL queries: 3 out of 200
  Number of query rows: 0 out of 50000
  Number of SOSL queries: 0 out of 20
  Number of DML statements: 2 out of 150
  Number of Publish Immediate DML: 0 out of 150
  Number of DML rows: 4 out of 10000
  Maximum CPU time: 238 out of 60000
  Maximum heap size: 0 out of 12000000
  Number of callouts: 0 out of 0
  Number of Email Invocations: 0 out of 10
  Number of future calls: 0 out of 50
  Number of queueable jobs added to the queue: 0 out of 1
  Number of Mobile Apex push calls: 0 out of 10

13:58:45.48 (1048694682)|LIMIT_USAGE_FOR_NS|MC4SF|
  Number of SOQL queries: 1 out of 200
  Number of query rows: 0 out of 50000
  Number of SOSL queries: 0 out of 20
  Number of DML statements: 0 out of 150
  Number of Publish Immediate DML: 0 out of 150
  Number of DML rows: 0 out of 10000
  Maximum CPU time: 0 out of 60000
  Maximum heap size: 0 out of 12000000
  Number of callouts: 0 out of 0
  Number of Email Invocations: 0 out of 10
  Number of future calls: 0 out of 50
  Number of queueable jobs added to the queue: 0 out of 1
  Number of Mobile Apex push calls: 0 out of 10

13:58:45.48 (1048694682)|LIMIT_USAGE_FOR_NS|pw_cc|
  Number of SOQL queries: 1 out of 200
  Number of query rows: 0 out of 50000
  Number of SOSL queries: 0 out of 20
  Number of DML statements: 0 out of 150
  Number of Publish Immediate DML: 0 out of 150
  Number of DML rows: 0 out of 10000
  Maximum CPU time: 0 out of 60000
  Maximum heap size: 0 out of 12000000
  Number of callouts: 0 out of 0
  Number of Email Invocations: 0 out of 10
  Number of future calls: 0 out of 50
  Number of queueable jobs added to the queue: 0 out of 1
  Number of Mobile Apex push calls: 0 out of 10

13:58:45.48 (1048694682)|LIMIT_USAGE_FOR_NS|SFSSDupeCatcher|
  Number of SOQL queries: 13 out of 200
  Number of query rows: 20 out of 50000
  Number of SOSL queries: 0 out of 20
  Number of DML statements: 0 out of 150
  Number of Publish Immediate DML: 0 out of 150
  Number of DML rows: 0 out of 10000
  Maximum CPU time: 0 out of 60000
  Maximum heap size: 0 out of 12000000
  Number of callouts: 0 out of 0
  Number of Email Invocations: 0 out of 10
  Number of future calls: 0 out of 50
  Number of queueable jobs added to the queue: 0 out of 1
  Number of Mobile Apex push calls: 0 out of 10

13:58:45.48 (1048694682)|LIMIT_USAGE_FOR_NS|slackv2|
  Number of SOQL queries: 1 out of 200
  Number of query rows: 1 out of 50000
  Number of SOSL queries: 0 out of 20
  Number of DML statements: 0 out of 150
  Number of Publish Immediate DML: 1 out of 150
  Number of DML rows: 0 out of 10000
  Maximum CPU time: 0 out of 60000
  Maximum heap size: 0 out of 12000000
  Number of callouts: 0 out of 0
  Number of Email Invocations: 0 out of 10
  Number of future calls: 0 out of 50
  Number of queueable jobs added to the queue: 0 out of 1
  Number of Mobile Apex push calls: 0 out of 10

13:58:45.48 (1048694682)|CUMULATIVE_LIMIT_USAGE_END

13:58:45.21 (1048901324)|CODE_UNIT_FINISHED|ContactTrigger on Contact trigger event AfterInsert|__sfdc_trigger/ContactTrigger
13:58:45.50 (1050079500)|ENTERING_MANAGED_PKG|SFSSDupeCatcher
13:58:45.50 (1050166561)|ENTERING_MANAGED_PKG|SFSSDupeCatcher
13:58:45.50 (1050592543)|ENTERING_MANAGED_PKG|SFSSDupeCatcher
13:58:45.50 (1050656564)|ENTERING_MANAGED_PKG|SFSSDupeCatcher
13:58:45.50 (1050729464)|ENTERING_MANAGED_PKG|SFSSDupeCatcher
13:58:45.50 (1050750534)|ENTERING_MANAGED_PKG|SFSSDupeCatcher
13:58:45.50 (1050759904)|ENTERING_MANAGED_PKG|SFSSDupeCatcher
13:58:45.50 (1050797375)|ENTERING_MANAGED_PKG|SFSSDupeCatcher
13:58:45.50 (1051147077)|SOQL_EXECUTE_BEGIN|[3131]|Aggregations:0|SELECT body, name FROM StaticResource WHERE Name = :tmpVar1 LIMIT 1
13:58:45.50 (1055908375)|SOQL_EXECUTE_END|[3131]|Rows:0
13:58:45.50 (1056009736)|ENTERING_MANAGED_PKG|SFSSDupeCatcher
13:58:45.50 (1056101496)|ENTERING_MANAGED_PKG|SFSSDupeCatcher
13:58:45.56 (1056400088)|CUMULATIVE_LIMIT_USAGE
13:58:45.56 (1056400088)|LIMIT_USAGE_FOR_NS|(default)|
  Number of SOQL queries: 3 out of 200
  Number of query rows: 0 out of 50000
  Number of SOSL queries: 0 out of 20
  Number of DML statements: 2 out of 150
  Number of Publish Immediate DML: 0 out of 150
  Number of DML rows: 4 out of 10000
  Maximum CPU time: 261 out of 60000
  Maximum heap size: 0 out of 12000000
  Number of callouts: 0 out of 0
  Number of Email Invocations: 0 out of 10
  Number of future calls: 0 out of 50
  Number of queueable jobs added to the queue: 0 out of 1
  Number of Mobile Apex push calls: 0 out of 10

13:58:45.56 (1056400088)|LIMIT_USAGE_FOR_NS|MC4SF|
  Number of SOQL queries: 1 out of 200
  Number of query rows: 0 out of 50000
  Number of SOSL queries: 0 out of 20
  Number of DML statements: 0 out of 150
  Number of Publish Immediate DML: 0 out of 150
  Number of DML rows: 0 out of 10000
  Maximum CPU time: 0 out of 60000
  Maximum heap size: 0 out of 12000000
  Number of callouts: 0 out of 0
  Number of Email Invocations: 0 out of 10
  Number of future calls: 0 out of 50
  Number of queueable jobs added to the queue: 0 out of 1
  Number of Mobile Apex push calls: 0 out of 10

13:58:45.56 (1056400088)|LIMIT_USAGE_FOR_NS|pw_cc|
  Number of SOQL queries: 1 out of 200
  Number of query rows: 0 out of 50000
  Number of SOSL queries: 0 out of 20
  Number of DML statements: 0 out of 150
  Number of Publish Immediate DML: 0 out of 150
  Number of DML rows: 0 out of 10000
  Maximum CPU time: 0 out of 60000
  Maximum heap size: 0 out of 12000000
  Number of callouts: 0 out of 0
  Number of Email Invocations: 0 out of 10
  Number of future calls: 0 out of 50
  Number of queueable jobs added to the queue: 0 out of 1
  Number of Mobile Apex push calls: 0 out of 10

13:58:45.56 (1056400088)|LIMIT_USAGE_FOR_NS|SFSSDupeCatcher|
  Number of SOQL queries: 14 out of 200
  Number of query rows: 20 out of 50000
  Number of SOSL queries: 0 out of 20
  Number of DML statements: 0 out of 150
  Number of Publish Immediate DML: 0 out of 150
  Number of DML rows: 0 out of 10000
  Maximum CPU time: 0 out of 60000
  Maximum heap size: 0 out of 12000000
  Number of callouts: 0 out of 0
  Number of Email Invocations: 0 out of 10
  Number of future calls: 0 out of 50
  Number of queueable jobs added to the queue: 0 out of 1
  Number of Mobile Apex push calls: 0 out of 10

13:58:45.56 (1056400088)|LIMIT_USAGE_FOR_NS|slackv2|
  Number of SOQL queries: 1 out of 200
  Number of query rows: 1 out of 50000
  Number of SOSL queries: 0 out of 20
  Number of DML statements: 0 out of 150
  Number of Publish Immediate DML: 1 out of 150
  Number of DML rows: 0 out of 10000
  Maximum CPU time: 0 out of 60000
  Maximum heap size: 0 out of 12000000
  Number of callouts: 0 out of 0
  Number of Email Invocations: 0 out of 10
  Number of future calls: 0 out of 50
  Number of queueable jobs added to the queue: 0 out of 1
  Number of Mobile Apex push calls: 0 out of 10

13:58:45.56 (1056400088)|CUMULATIVE_LIMIT_USAGE_END

13:58:45.59 (1059147284)|ENTERING_MANAGED_PKG|DOZISF
13:58:45.59 (1059386646)|ENTERING_MANAGED_PKG|DOZISF
13:58:45.59 (1060509052)|ENTERING_MANAGED_PKG|DOZISF
13:58:45.59 (1060526703)|ENTERING_MANAGED_PKG|DOZISF
13:58:45.60 (1060621733)|CUMULATIVE_LIMIT_USAGE
13:58:45.60 (1060621733)|LIMIT_USAGE_FOR_NS|(default)|
  Number of SOQL queries: 3 out of 200
  Number of query rows: 0 out of 50000
  Number of SOSL queries: 0 out of 20
  Number of DML statements: 2 out of 150
  Number of Publish Immediate DML: 0 out of 150
  Number of DML rows: 4 out of 10000
  Maximum CPU time: 261 out of 60000
  Maximum heap size: 0 out of 12000000
  Number of callouts: 0 out of 0
  Number of Email Invocations: 0 out of 10
  Number of future calls: 0 out of 50
  Number of queueable jobs added to the queue: 0 out of 1
  Number of Mobile Apex push calls: 0 out of 10

13:58:45.60 (1060621733)|LIMIT_USAGE_FOR_NS|MC4SF|
  Number of SOQL queries: 1 out of 200
  Number of query rows: 0 out of 50000
  Number of SOSL queries: 0 out of 20
  Number of DML statements: 0 out of 150
  Number of Publish Immediate DML: 0 out of 150
  Number of DML rows: 0 out of 10000
  Maximum CPU time: 0 out of 60000
  Maximum heap size: 0 out of 12000000
  Number of callouts: 0 out of 0
  Number of Email Invocations: 0 out of 10
  Number of future calls: 0 out of 50
  Number of queueable jobs added to the queue: 0 out of 1
  Number of Mobile Apex push calls: 0 out of 10

13:58:45.60 (1060621733)|LIMIT_USAGE_FOR_NS|pw_cc|
  Number of SOQL queries: 1 out of 200
  Number of query rows: 0 out of 50000
  Number of SOSL queries: 0 out of 20
  Number of DML statements: 0 out of 150
  Number of Publish Immediate DML: 0 out of 150
  Number of DML rows: 0 out of 10000
  Maximum CPU time: 0 out of 60000
  Maximum heap size: 0 out of 12000000
  Number of callouts: 0 out of 0
  Number of Email Invocations: 0 out of 10
  Number of future calls: 0 out of 50
  Number of queueable jobs added to the queue: 0 out of 1
  Number of Mobile Apex push calls: 0 out of 10

13:58:45.60 (1060621733)|LIMIT_USAGE_FOR_NS|SFSSDupeCatcher|
  Number of SOQL queries: 14 out of 200
  Number of query rows: 20 out of 50000
  Number of SOSL queries: 0 out of 20
  Number of DML statements: 0 out of 150
  Number of Publish Immediate DML: 0 out of 150
  Number of DML rows: 0 out of 10000
  Maximum CPU time: 0 out of 60000
  Maximum heap size: 0 out of 12000000
  Number of callouts: 0 out of 0
  Number of Email Invocations: 0 out of 10
  Number of future calls: 0 out of 50
  Number of queueable jobs added to the queue: 0 out of 1
  Number of Mobile Apex push calls: 0 out of 10

13:58:45.60 (1060621733)|LIMIT_USAGE_FOR_NS|slackv2|
  Number of SOQL queries: 1 out of 200
  Number of query rows: 1 out of 50000
  Number of SOSL queries: 0 out of 20
  Number of DML statements: 0 out of 150
  Number of Publish Immediate DML: 1 out of 150
  Number of DML rows: 0 out of 10000
  Maximum CPU time: 0 out of 60000
  Maximum heap size: 0 out of 12000000
  Number of callouts: 0 out of 0
  Number of Email Invocations: 0 out of 10
  Number of future calls: 0 out of 50
  Number of queueable jobs added to the queue: 0 out of 1
  Number of Mobile Apex push calls: 0 out of 10

13:58:45.60 (1060621733)|CUMULATIVE_LIMIT_USAGE_END

13:58:45.61 (1061790620)|ENTERING_MANAGED_PKG|slackv2
13:58:45.61 (1061907941)|ENTERING_MANAGED_PKG|slackv2
13:58:45.61 (1062235663)|ENTERING_MANAGED_PKG|slackv2
13:58:45.61 (1062565695)|ENTERING_MANAGED_PKG|slackv2
13:58:45.61 (1062681665)|ENTERING_MANAGED_PKG|slackv2
13:58:45.61 (1394440484)|ENTERING_MANAGED_PKG|slackv2
13:58:45.61 (1394497315)|ENTERING_MANAGED_PKG|slackv2
13:58:45.61 (1394575685)|ENTERING_MANAGED_PKG|slackv2
13:58:45.61 (1394633356)|ENTERING_MANAGED_PKG|slackv2
13:58:45.61 (1394642616)|ENTERING_MANAGED_PKG|slackv2
13:58:45.61 (1394762796)|ENTERING_MANAGED_PKG|slackv2
13:58:45.61 (1394811337)|ENTERING_MANAGED_PKG|slackv2
13:58:45.61 (1395021428)|VARIABLE_ASSIGNMENT|[EXTERNAL]|this|"common.apex.runtime.impl.ExecutionException"|0x4c21b484
13:58:45.61 (1395033568)|VARIABLE_ASSIGNMENT|[EXTERNAL]|message|"Insufficient \"Read\"  (31 more) ..."
13:58:45.61 (1395052408)|VARIABLE_ASSIGNMENT|[EXTERNAL]|cause|"common.apex.runtime.impl.ExecutionException: Script-thrown exception"|0x10402d98
13:58:45.61 (1395078528)|HEAP_ALLOCATE|[820]|Bytes:19
13:58:45.61 (1395084978)|HEAP_ALLOCATE|[820]|Bytes:16
13:58:45.61 (1395086668)|HEAP_ALLOCATE|[820]|Bytes:19
13:58:45.61 (1395092078)|HEAP_ALLOCATE|[820]|Bytes:19
13:58:45.61 (1395093188)|HEAP_ALLOCATE|[820]|Bytes:16
13:58:45.61 (1395094228)|HEAP_ALLOCATE|[820]|Bytes:19
13:58:45.61 (1395095898)|HEAP_ALLOCATE|[820]|Bytes:19
13:58:45.61 (1395097038)|HEAP_ALLOCATE|[820]|Bytes:6
13:58:45.61 (1395098098)|HEAP_ALLOCATE|[820]|Bytes:19
13:58:45.61 (1395099548)|HEAP_ALLOCATE|[820]|Bytes:19
13:58:45.61 (1395100568)|HEAP_ALLOCATE|[820]|Bytes:6
13:58:45.61 (1395101768)|HEAP_ALLOCATE|[820]|Bytes:19
13:58:45.61 (1395103308)|HEAP_ALLOCATE|[820]|Bytes:24
13:58:45.61 (1395104328)|HEAP_ALLOCATE|[820]|Bytes:6
13:58:45.61 (1395105358)|HEAP_ALLOCATE|[820]|Bytes:24
13:58:45.61 (1395106768)|HEAP_ALLOCATE|[820]|Bytes:34
13:58:45.61 (1395107808)|HEAP_ALLOCATE|[820]|Bytes:6
13:58:45.61 (1395108838)|HEAP_ALLOCATE|[820]|Bytes:34
13:58:45.61 (1395110458)|HEAP_ALLOCATE|[820]|Bytes:18
13:58:45.61 (1395111528)|HEAP_ALLOCATE|[820]|Bytes:14
13:58:45.61 (1395112679)|HEAP_ALLOCATE|[820]|Bytes:18
13:58:45.61 (1395114119)|HEAP_ALLOCATE|[820]|Bytes:18
13:58:45.61 (1395115239)|HEAP_ALLOCATE|[820]|Bytes:44
13:58:45.61 (1395116249)|HEAP_ALLOCATE|[820]|Bytes:18
13:58:45.61 (1395117719)|HEAP_ALLOCATE|[820]|Bytes:18
13:58:45.61 (1395118789)|HEAP_ALLOCATE|[820]|Bytes:78
13:58:45.61 (1395119819)|HEAP_ALLOCATE|[820]|Bytes:18
13:58:45.61 (1395121209)|HEAP_ALLOCATE|[820]|Bytes:18
13:58:45.61 (1395122269)|HEAP_ALLOCATE|[820]|Bytes:70
13:58:45.61 (1395123289)|HEAP_ALLOCATE|[820]|Bytes:18
13:58:45.61 (1395124829)|HEAP_ALLOCATE|[820]|Bytes:26
13:58:45.61 (1395125959)|HEAP_ALLOCATE|[820]|Bytes:11
13:58:45.61 (1395126989)|HEAP_ALLOCATE|[820]|Bytes:26
13:58:45.61 (1395128479)|HEAP_ALLOCATE|[820]|Bytes:26
13:58:45.61 (1395129599)|HEAP_ALLOCATE|[820]|Bytes:14
13:58:45.61 (1395130649)|HEAP_ALLOCATE|[820]|Bytes:26
13:58:45.61 (1395132369)|HEAP_ALLOCATE|[820]|Bytes:17
13:58:45.61 (1395133519)|HEAP_ALLOCATE|[820]|Bytes:109
13:58:45.61 (1395134579)|HEAP_ALLOCATE|[820]|Bytes:17
13:58:45.61 (1395136219)|HEAP_ALLOCATE|[820]|Bytes:30
13:58:45.61 (1395137489)|HEAP_ALLOCATE|[820]|Bytes:6
13:58:45.61 (1395138519)|HEAP_ALLOCATE|[820]|Bytes:30
13:58:45.61 (1395309320)|ENTERING_MANAGED_PKG|slackv2
13:58:45.61 (1395434360)|ENTERING_MANAGED_PKG|slackv2
13:58:45.61 (1395600301)|DML_BEGIN|[186]|Op:Insert|Type:slackv2__Subscription_Error__e|Rows:1
13:58:45.61 (1401192305)|DML_END|[186]
13:58:45.401 (1401269365)|CUMULATIVE_LIMIT_USAGE
13:58:45.401 (1401269365)|LIMIT_USAGE_FOR_NS|(default)|
  Number of SOQL queries: 3 out of 200
  Number of query rows: 0 out of 50000
  Number of SOSL queries: 0 out of 20
  Number of DML statements: 2 out of 150
  Number of Publish Immediate DML: 0 out of 150
  Number of DML rows: 4 out of 10000
  Maximum CPU time: 284 out of 60000
  Maximum heap size: 0 out of 12000000
  Number of callouts: 0 out of 0
  Number of Email Invocations: 0 out of 10
  Number of future calls: 0 out of 50
  Number of queueable jobs added to the queue: 0 out of 1
  Number of Mobile Apex push calls: 0 out of 10

13:58:45.401 (1401269365)|LIMIT_USAGE_FOR_NS|MC4SF|
  Number of SOQL queries: 1 out of 200
  Number of query rows: 0 out of 50000
  Number of SOSL queries: 0 out of 20
  Number of DML statements: 0 out of 150
  Number of Publish Immediate DML: 0 out of 150
  Number of DML rows: 0 out of 10000
  Maximum CPU time: 0 out of 60000
  Maximum heap size: 0 out of 12000000
  Number of callouts: 0 out of 0
  Number of Email Invocations: 0 out of 10
  Number of future calls: 0 out of 50
  Number of queueable jobs added to the queue: 0 out of 1
  Number of Mobile Apex push calls: 0 out of 10

13:58:45.401 (1401269365)|LIMIT_USAGE_FOR_NS|pw_cc|
  Number of SOQL queries: 1 out of 200
  Number of query rows: 0 out of 50000
  Number of SOSL queries: 0 out of 20
  Number of DML statements: 0 out of 150
  Number of Publish Immediate DML: 0 out of 150
  Number of DML rows: 0 out of 10000
  Maximum CPU time: 0 out of 60000
  Maximum heap size: 0 out of 12000000
  Number of callouts: 0 out of 0
  Number of Email Invocations: 0 out of 10
  Number of future calls: 0 out of 50
  Number of queueable jobs added to the queue: 0 out of 1
  Number of Mobile Apex push calls: 0 out of 10

13:58:45.401 (1401269365)|LIMIT_USAGE_FOR_NS|SFSSDupeCatcher|
  Number of SOQL queries: 14 out of 200
  Number of query rows: 20 out of 50000
  Number of SOSL queries: 0 out of 20
  Number of DML statements: 0 out of 150
  Number of Publish Immediate DML: 0 out of 150
  Number of DML rows: 0 out of 10000
  Maximum CPU time: 0 out of 60000
  Maximum heap size: 0 out of 12000000
  Number of callouts: 0 out of 0
  Number of Email Invocations: 0 out of 10
  Number of future calls: 0 out of 50
  Number of queueable jobs added to the queue: 0 out of 1
  Number of Mobile Apex push calls: 0 out of 10

13:58:45.401 (1401269365)|LIMIT_USAGE_FOR_NS|slackv2|
  Number of SOQL queries: 1 out of 200
  Number of query rows: 1 out of 50000
  Number of SOSL queries: 0 out of 20
  Number of DML statements: 0 out of 150
  Number of Publish Immediate DML: 2 out of 150
  Number of DML rows: 0 out of 10000
  Maximum CPU time: 0 out of 60000
  Maximum heap size: 0 out of 12000000
  Number of callouts: 0 out of 0
  Number of Email Invocations: 0 out of 10
  Number of future calls: 0 out of 50
  Number of queueable jobs added to the queue: 0 out of 1
  Number of Mobile Apex push calls: 0 out of 10

13:58:45.401 (1401269365)|CUMULATIVE_LIMIT_USAGE_END

13:58:45.21 (1401738828)|CODE_UNIT_STARTED|[EXTERNAL]|Workflow:Contact
13:58:45.21 (1415052846)|WF_RULE_EVAL_BEGIN|Workflow
13:58:45.21 (1415128457)|WF_CRITERIA_BEGIN|[Contact: Areto Payments Applications 003Pj00001PGTn9]|Set_Country_330114000000L7pN|01Q14000000HdPy|ON_ALL_CHANGES|0
13:58:45.21 (1415322238)|WF_FORMULA|Formula:ENCODED:[treatNullAsNull]true|Values:
13:58:45.21 (1415338448)|WF_CRITERIA_END|true
13:58:45.21 (1415605700)|WF_CRITERIA_BEGIN|[Contact: Areto Payments Applications 003Pj00001PGTn9]|Contact Email Opt Out Newsletter Opt Out|01Q1O000000JjhR|ON_CREATE_OR_TRIGGERING_UPDATE|0
13:58:45.21 (1415645420)|WF_RULE_FILTER|[Contact : Email Opt Out equals true]
13:58:45.21 (1415657890)|WF_RULE_EVAL_VALUE|false
13:58:45.21 (1415660840)|WF_CRITERIA_END|false
13:58:45.21 (1415667850)|WF_CRITERIA_BEGIN|[Contact: Areto Payments Applications 003Pj00001PGTn9]|compliance_contact_Test30114000000L7nl|01Q14000000HdP5|ON_CREATE_ONLY|0
13:58:45.21 (1415712310)|WF_FORMULA|Formula:ENCODED:[treatNullAsNull]true|Values:
13:58:45.21 (1415715150)|WF_CRITERIA_END|true
13:58:45.21 (1415744530)|WF_CRITERIA_BEGIN|[Contact: Vladimir Tsvetanov Tsekov 003Pj00001PGTnA]|Set_Country_330114000000L7pN|01Q14000000HdPy|ON_ALL_CHANGES|0
13:58:45.21 (1415763571)|WF_FORMULA|Formula:ENCODED:[treatNullAsNull]true|Values:
13:58:45.21 (1415765751)|WF_CRITERIA_END|true
13:58:45.21 (1415772121)|WF_CRITERIA_BEGIN|[Contact: Vladimir Tsvetanov Tsekov 003Pj00001PGTnA]|Contact Email Opt Out Newsletter Opt Out|01Q1O000000JjhR|ON_CREATE_OR_TRIGGERING_UPDATE|0
13:58:45.21 (1415819371)|WF_RULE_FILTER|[Contact : Email Opt Out equals true]
13:58:45.21 (1415823801)|WF_RULE_EVAL_VALUE|false
13:58:45.21 (1415825411)|WF_CRITERIA_END|false
13:58:45.21 (1415849751)|WF_CRITERIA_BEGIN|[Contact: Vladimir Tsvetanov Tsekov 003Pj00001PGTnA]|compliance_contact_Test30114000000L7nl|01Q14000000HdP5|ON_CREATE_ONLY|0
13:58:45.21 (1415856561)|WF_FORMULA|Formula:ENCODED:[treatNullAsNull]true|Values:
13:58:45.21 (1415858571)|WF_CRITERIA_END|true
13:58:45.21 (1415872641)|WF_CRITERIA_BEGIN|[Contact: Ivo Nik 003Pj00001PGTnB]|Set_Country_330114000000L7pN|01Q14000000HdPy|ON_ALL_CHANGES|0
13:58:45.21 (1415882581)|WF_FORMULA|Formula:ENCODED:[treatNullAsNull]true|Values:
13:58:45.21 (1415884591)|WF_CRITERIA_END|true
13:58:45.21 (1415889631)|WF_CRITERIA_BEGIN|[Contact: Ivo Nik 003Pj00001PGTnB]|Contact Email Opt Out Newsletter Opt Out|01Q1O000000JjhR|ON_CREATE_OR_TRIGGERING_UPDATE|0
13:58:45.21 (1415896791)|WF_RULE_FILTER|[Contact : Email Opt Out equals true]
13:58:45.21 (1415899281)|WF_RULE_EVAL_VALUE|false
13:58:45.21 (1415900811)|WF_CRITERIA_END|false
13:58:45.21 (1415904781)|WF_CRITERIA_BEGIN|[Contact: Ivo Nik 003Pj00001PGTnB]|compliance_contact_Test30114000000L7nl|01Q14000000HdP5|ON_CREATE_ONLY|0
13:58:45.21 (1415909991)|WF_FORMULA|Formula:ENCODED:[treatNullAsNull]true|Values:
13:58:45.21 (1415911901)|WF_CRITERIA_END|true
13:58:45.21 (1415920701)|WF_SPOOL_ACTION_BEGIN|Workflow
13:58:45.21 (1415957192)|WF_ACTION| Flow Trigger: 6;
13:58:45.21 (1415984292)|WF_RULE_EVAL_END
13:58:45.417 (1417912923)|FLOW_CREATE_INTERVIEW_BEGIN|00D30000000pE7X|30014000000CJld|30114000000L7pN
13:58:45.417 (1419053360)|FLOW_CREATE_INTERVIEW_END|7962a578498f5bcdd8e23fa7e3501a0487fc940-3553|Set Country 3
13:58:45.417 (1419059530)|FLOW_CREATE_INTERVIEW_END|7963a578498f5bcdd8e23fa7e3501a0487fc940-3554|Set Country 3
13:58:45.417 (1419061910)|FLOW_CREATE_INTERVIEW_END|7964a578498f5bcdd8e23fa7e3501a0487fc940-3555|Set Country 3
13:58:45.21 (1419101761)|WF_FLOW_ACTION_BEGIN|09L140000008OZp
13:58:45.21 (1419421662)|WF_FLOW_ACTION_BEGIN|09L140000008OZp
13:58:45.21 (1419534053)|WF_FLOW_ACTION_BEGIN|09L140000008OZp
13:58:45.419 (1419831235)|FLOW_START_INTERVIEWS_BEGIN|3
13:58:45.419 (1419873165)|FLOW_START_INTERVIEW_BEGIN|7962a578498f5bcdd8e23fa7e3501a0487fc940-3553|Set Country 3
13:58:45.419 (1425921091)|FLOW_START_INTERVIEW_END|7962a578498f5bcdd8e23fa7e3501a0487fc940-3553|Set Country 3
13:58:45.419 (1425948551)|FLOW_START_INTERVIEW_BEGIN|7963a578498f5bcdd8e23fa7e3501a0487fc940-3554|Set Country 3
13:58:45.419 (1427442450)|FLOW_START_INTERVIEW_END|7963a578498f5bcdd8e23fa7e3501a0487fc940-3554|Set Country 3
13:58:45.419 (1427462770)|FLOW_START_INTERVIEW_BEGIN|7964a578498f5bcdd8e23fa7e3501a0487fc940-3555|Set Country 3
13:58:45.419 (1428796098)|FLOW_START_INTERVIEW_END|7964a578498f5bcdd8e23fa7e3501a0487fc940-3555|Set Country 3
13:58:45.419 (1428824338)|FLOW_START_INTERVIEWS_END|3
13:58:45.419 (1428855668)|FLOW_INTERVIEW_FINISHED|7962a578498f5bcdd8e23fa7e3501a0487fc940-3553|Set Country 3
13:58:45.419 (1428859708)|FLOW_INTERVIEW_FINISHED|7963a578498f5bcdd8e23fa7e3501a0487fc940-3554|Set Country 3
13:58:45.419 (1428861838)|FLOW_INTERVIEW_FINISHED|7964a578498f5bcdd8e23fa7e3501a0487fc940-3555|Set Country 3
13:58:45.21 (1430742879)|WF_FLOW_ACTION_END|09L140000008OZp
13:58:45.21 (1430767089)|WF_FLOW_ACTION_END|09L140000008OZp
13:58:45.21 (1430768989)|WF_FLOW_ACTION_END|09L140000008OZp
13:58:45.432 (1432362298)|FLOW_CREATE_INTERVIEW_BEGIN|00D30000000pE7X|30014000000CJlE|30114000000L7nl
13:58:45.432 (1433482365)|FLOW_CREATE_INTERVIEW_END|7965a578498f5bcdd8e23fa7e3501a0487fc940-3556|compliance contact Test
13:58:45.432 (1433489775)|FLOW_CREATE_INTERVIEW_END|7966a578498f5bcdd8e23fa7e3501a0487fc940-3557|compliance contact Test
13:58:45.432 (1433492275)|FLOW_CREATE_INTERVIEW_END|7967a578498f5bcdd8e23fa7e3501a0487fc940-3558|compliance contact Test
13:58:45.21 (1433511565)|WF_FLOW_ACTION_BEGIN|09L140000008OZL
13:58:45.21 (1433693496)|WF_FLOW_ACTION_BEGIN|09L140000008OZL
13:58:45.21 (1433751687)|WF_FLOW_ACTION_BEGIN|09L140000008OZL
13:58:45.433 (1433980378)|FLOW_START_INTERVIEWS_BEGIN|3
13:58:45.433 (1434010028)|FLOW_START_INTERVIEW_BEGIN|7965a578498f5bcdd8e23fa7e3501a0487fc940-3556|compliance contact Test
13:58:45.433 (1435893699)|FLOW_START_INTERVIEW_END|7965a578498f5bcdd8e23fa7e3501a0487fc940-3556|compliance contact Test
13:58:45.433 (1435913920)|FLOW_START_INTERVIEW_BEGIN|7966a578498f5bcdd8e23fa7e3501a0487fc940-3557|compliance contact Test
13:58:45.433 (1439079829)|FLOW_START_INTERVIEW_END|7966a578498f5bcdd8e23fa7e3501a0487fc940-3557|compliance contact Test
13:58:45.433 (1439123759)|FLOW_START_INTERVIEW_BEGIN|7967a578498f5bcdd8e23fa7e3501a0487fc940-3558|compliance contact Test
13:58:45.433 (1440708838)|FLOW_START_INTERVIEW_END|7967a578498f5bcdd8e23fa7e3501a0487fc940-3558|compliance contact Test
13:58:45.433 (1440723828)|FLOW_START_INTERVIEWS_END|3
13:58:45.433 (1440751869)|FLOW_INTERVIEW_FINISHED|7965a578498f5bcdd8e23fa7e3501a0487fc940-3556|compliance contact Test
13:58:45.433 (1440757059)|FLOW_INTERVIEW_FINISHED|7966a578498f5bcdd8e23fa7e3501a0487fc940-3557|compliance contact Test
13:58:45.433 (1440759479)|FLOW_INTERVIEW_FINISHED|7967a578498f5bcdd8e23fa7e3501a0487fc940-3558|compliance contact Test
13:58:45.21 (1442723320)|WF_FLOW_ACTION_END|09L140000008OZL
13:58:45.21 (1442731840)|WF_FLOW_ACTION_END|09L140000008OZL
13:58:45.21 (1442733750)|WF_FLOW_ACTION_END|09L140000008OZL
13:58:45.21 (1442918911)|WF_ACTIONS_END| Flow Trigger: 6;
13:58:45.21 (1442928501)|CODE_UNIT_FINISHED|Workflow:Contact
13:58:45.21 (1443078602)|CODE_UNIT_STARTED|[EXTERNAL]|Flow:Contact
13:58:45.445 (1445228635)|FLOW_CREATE_INTERVIEW_BEGIN|00D30000000pE7X|300Pj00000aJ0Kf|301Pj00000XzjtL
13:58:45.445 (1445477006)|FLOW_CREATE_INTERVIEW_END|7968a578498f5bcdd8e23fa7e3501a0487fc940-3559|Onboarding Case - Contacts added to SF
13:58:45.445 (1445487676)|FLOW_CREATE_INTERVIEW_END|7969a578498f5bcdd8e23fa7e3501a0487fc940-355a|Onboarding Case - Contacts added to SF
13:58:45.445 (1445490576)|FLOW_CREATE_INTERVIEW_END|7970a578498f5bcdd8e23fa7e3501a0487fc940-355b|Onboarding Case - Contacts added to SF
13:58:45.445 (1445702258)|FLOW_START_INTERVIEWS_BEGIN|3
13:58:45.445 (1445737588)|FLOW_START_INTERVIEW_BEGIN|7968a578498f5bcdd8e23fa7e3501a0487fc940-3559|Onboarding Case - Contacts added to SF
13:58:45.445 (1445854029)|FLOW_START_INTERVIEW_END|7968a578498f5bcdd8e23fa7e3501a0487fc940-3559|Onboarding Case - Contacts added to SF
13:58:45.445 (1445864289)|FLOW_START_INTERVIEW_BEGIN|7969a578498f5bcdd8e23fa7e3501a0487fc940-355a|Onboarding Case - Contacts added to SF
13:58:45.445 (1445907379)|FLOW_START_INTERVIEW_END|7969a578498f5bcdd8e23fa7e3501a0487fc940-355a|Onboarding Case - Contacts added to SF
13:58:45.445 (1445913659)|FLOW_START_INTERVIEW_BEGIN|7970a578498f5bcdd8e23fa7e3501a0487fc940-355b|Onboarding Case - Contacts added to SF
13:58:45.445 (1445950699)|FLOW_START_INTERVIEW_END|7970a578498f5bcdd8e23fa7e3501a0487fc940-355b|Onboarding Case - Contacts added to SF
13:58:45.445 (1472515005)|FLOW_START_INTERVIEWS_END|3
13:58:45.445 (1472718867)|FLOW_INTERVIEW_FINISHED|7968a578498f5bcdd8e23fa7e3501a0487fc940-3559|Onboarding Case - Contacts added to SF
13:58:45.445 (1472725947)|FLOW_INTERVIEW_FINISHED|7969a578498f5bcdd8e23fa7e3501a0487fc940-355a|Onboarding Case - Contacts added to SF
13:58:45.445 (1472728477)|FLOW_INTERVIEW_FINISHED|7970a578498f5bcdd8e23fa7e3501a0487fc940-355b|Onboarding Case - Contacts added to SF
13:58:45.21 (1473506721)|CODE_UNIT_FINISHED|Flow:Contact
13:58:45.21 (1473700472)|CODE_UNIT_STARTED|[EXTERNAL]|Flow:Contact
13:58:45.21 (1473742843)|CODE_UNIT_FINISHED|Flow:Contact
13:58:45.21 (1475468073)|DML_END|[621]
13:58:45.21 (1476406638)|HEAP_ALLOCATE|[EXTERNAL]|Bytes:16
13:58:45.21 (1476427828)|STATEMENT_EXECUTE|[627]
13:58:45.21 (1476461868)|METHOD_ENTRY|[627]|01pPj00000cpZZ8|NuveiConnectWebhookHandler.pickAuthorizedSignatoryId(NuveiConnectWebhookHandler.NuveiConnectRequest, Map<String,Contact>)
13:58:45.21 (1476498869)|VARIABLE_SCOPE_BEGIN|[757]|req|NuveiConnectWebhookHandler.NuveiConnectRequest|true|false
13:58:45.21 (1476594119)|VARIABLE_ASSIGNMENT|[757]|req|{"additionalInformation":"0x11359e0b","applicationId":"NC178792551537","applicationStatus":"SUBMITTED","bankingInformation":"0x45ddfc8f","businessInformation":"0x46f42a12","businessOwnerInformation":"0x59e8fca4","metadata":"0x6410e454","salesProfile":"0x4e0345dd","taxDetails":"0x29c042b5"}|0x375386f5
13:58:45.21 (1476600209)|VARIABLE_SCOPE_BEGIN|[757]|ownerContactsByEmail|Map<String,Contact>|true|false
13:58:45.21 (1476621489)|VARIABLE_ASSIGNMENT|[757]|ownerContactsByEmail|{"vladimir.tsekov@yahoo.com":{"AccountId":"001Pj00001DndZjIAJ","FirstName":"Vladimir Tsvetanov","LastName":"Tsekov","Email":"vladimir.tsekov@yaho (5 more) ...","Phone":"+359889532567","Authorized_Signature__c":true,"Director__c":true,"Id":"003Pj00001PGTnAIAX"}}|0x3ebeb19f
13:58:45.21 (1476640450)|HEAP_ALLOCATE|[761]|Bytes:5
13:58:45.21 (1476646490)|STATEMENT_EXECUTE|[760]
13:58:45.21 (1476675890)|STATEMENT_EXECUTE|[761]
13:58:45.21 (1476676600)|STATEMENT_EXECUTE|[762]
13:58:45.21 (1476679610)|VARIABLE_SCOPE_BEGIN|[762]|best|NuveiConnectWebhookHandler.BusinessOwnerWrapper|true|false
13:58:45.21 (1476684230)|VARIABLE_ASSIGNMENT|[762]|best|null|
13:58:45.21 (1476711000)|HEAP_ALLOCATE|[763]|Bytes:5
13:58:45.21 (1476720510)|HEAP_ALLOCATE|[763]|Bytes:44
13:58:45.21 (1476725540)|VARIABLE_SCOPE_BEGIN|[763]|bo|NuveiConnectWebhookHandler.BusinessOwnerWrapper|true|false
13:58:45.21 (1476756880)|VARIABLE_ASSIGNMENT|[763]|bo|{"contactNumber":"+359889532567","dateOfBirth":"1968-10-13","email":"vladimir.tsekov@yaho (5 more) ...","homeAddress":"0x229ce8d6","isAuthorizedSignatory":true,"legalFirstName":"Vladimir Tsvetanov","legalLastName":"Tsekov","nationality":"BG","ownerRole":"DIRECTOR_OWNER","percentageOfOwnership":100}|0x2b2d895e
13:58:45.21 (1476759900)|STATEMENT_EXECUTE|[763]
13:58:45.21 (1476763280)|STATEMENT_EXECUTE|[764]
13:58:45.21 (1476794820)|STATEMENT_EXECUTE|[765]
13:58:45.21 (1476796380)|STATEMENT_EXECUTE|[769]
13:58:45.21 (1476796850)|STATEMENT_EXECUTE|[770]
13:58:45.21 (1476805410)|VARIABLE_ASSIGNMENT|[770]|best|{"contactNumber":"+359889532567","dateOfBirth":"1968-10-13","email":"vladimir.tsekov@yaho (5 more) ...","homeAddress":"0x229ce8d6","isAuthorizedSignatory":true,"legalFirstName":"Vladimir Tsvetanov","legalLastName":"Tsekov","nationality":"BG","ownerRole":"DIRECTOR_OWNER","percentageOfOwnership":100}|0x2b2d895e
13:58:45.21 (1476811041)|HEAP_ALLOCATE|[763]|Bytes:5
13:58:45.21 (1476814041)|VARIABLE_ASSIGNMENT|[763]|bo|null|
13:58:45.21 (1476816611)|STATEMENT_EXECUTE|[773]
13:58:45.21 (1476817131)|STATEMENT_EXECUTE|[774]
13:58:45.21 (1476825261)|HEAP_ALLOCATE|[774]|Bytes:25
13:58:45.21 (1476843791)|VARIABLE_SCOPE_BEGIN|[774]|c|Contact|true|false
13:58:45.21 (1476853211)|VARIABLE_ASSIGNMENT|[774]|c|{"AccountId":"001Pj00001DndZjIAJ","FirstName":"Vladimir Tsvetanov","LastName":"Tsekov","Email":"vladimir.tsekov@yaho (5 more) ...","Phone":"+359889532567","Authorized_Signature__c":true,"Director__c":true,"Id":"003Pj00001PGTnAIAX"}|0x7fa5b484
13:58:45.21 (1476855371)|STATEMENT_EXECUTE|[775]
13:58:45.21 (1476894011)|METHOD_EXIT|[627]|01pPj00000cpZZ8|NuveiConnectWebhookHandler.pickAuthorizedSignatoryId(NuveiConnectWebhookHandler.NuveiConnectRequest, Map<String,Contact>)
13:58:45.21 (1476897951)|VARIABLE_SCOPE_BEGIN|[627]|docuRecipientId|Id|false|false
13:58:45.21 (1476926791)|VARIABLE_ASSIGNMENT|[627]|docuRecipientId|"003Pj00001PGTnAIAX"
13:58:45.21 (1476928991)|STATEMENT_EXECUTE|[628]
13:58:45.21 (1476929761)|STATEMENT_EXECUTE|[631]
13:58:45.21 (1476970871)|VARIABLE_ASSIGNMENT|[EXTERNAL]|this|{"additionalInformation":"0x11359e0b","applicationId":"NC178792551537","applicationStatus":"SUBMITTED","bankingInformation":"0x45ddfc8f","businessInformation":"0x46f42a12","businessOwnerInformation":"0x59e8fca4","metadata":"0x6410e454","salesProfile":"0x4e0345dd","taxDetails":"0x29c042b5"}|0x375386f5
13:58:45.21 (1476974651)|STATEMENT_EXECUTE|[1693]
13:58:45.21 (1476976241)|STATEMENT_EXECUTE|[1694]
13:58:45.21 (1476976851)|STATEMENT_EXECUTE|[1695]
13:58:45.21 (1476983902)|METHOD_ENTRY|[631]|01pPj00000cpZZ8|NuveiConnectWebhookHandler.resolvePartnerSalesRep(String)
13:58:45.21 (1476986822)|VARIABLE_SCOPE_BEGIN|[1448]|partnerId|String|false|false
13:58:45.21 (1476990372)|VARIABLE_ASSIGNMENT|[1448]|partnerId|"b5abf69f-0859-4b57-8 (16 more) ..."
13:58:45.21 (1476995992)|HEAP_ALLOCATE|[1449]|Bytes:5
13:58:45.21 (1476997752)|STATEMENT_EXECUTE|[1448]
13:58:45.21 (1477008192)|STATEMENT_EXECUTE|[1449]
13:58:45.21 (1477009072)|STATEMENT_EXECUTE|[1450]
13:58:45.21 (1477011092)|HEAP_ALLOCATE|[1450]|Bytes:83
13:58:45.21 (1477029402)|HEAP_ALLOCATE|[1450]|Bytes:4
13:58:45.21 (1477379164)|SOQL_EXECUTE_BEGIN|[1450]|Aggregations:0|SELECT Sales_Rep__c FROM Compliance__c WHERE Nuvei_Partner_ID__c = :tmpVar1 LIMIT 1
13:58:45.21 (1559200657)|SOQL_EXECUTE_END|[1450]|Rows:1
13:58:45.21 (1559240577)|HEAP_ALLOCATE|[1450]|Bytes:8
13:58:45.21 (1559259117)|HEAP_ALLOCATE|[1450]|Bytes:63
13:58:45.21 (1559308728)|HEAP_ALLOCATE|[1450]|Bytes:8
13:58:45.21 (1559336038)|VARIABLE_SCOPE_BEGIN|[1450]|partners|List<Compliance__c>|true|false
13:58:45.21 (1559484199)|VARIABLE_ASSIGNMENT|[1450]|partners|[{"Sales_Rep__c":"00530000006NODJAA4","Id":"a0mPj00000u8rTVIAY"}]|0xec250e8
13:58:45.21 (1559489409)|STATEMENT_EXECUTE|[1455]
13:58:45.21 (1559554329)|HEAP_ALLOCATE|[1455]|Bytes:12
13:58:45.21 (1559589529)|METHOD_EXIT|[631]|01pPj00000cpZZ8|NuveiConnectWebhookHandler.resolvePartnerSalesRep(String)
13:58:45.21 (1559595859)|VARIABLE_SCOPE_BEGIN|[631]|partnerSalesRepId|Id|false|false
13:58:45.21 (1559632190)|VARIABLE_ASSIGNMENT|[631]|partnerSalesRepId|"00530000006NODJAA4"
13:58:45.21 (1559634170)|STATEMENT_EXECUTE|[632]
13:58:45.21 (1559654210)|METHOD_ENTRY|[632]|01pPj00000cpZZ8|NuveiConnectWebhookHandler.buildOpportunity(NuveiConnectWebhookHandler.NuveiConnectRequest, Id, Id)
13:58:45.21 (1559708290)|VARIABLE_SCOPE_BEGIN|[834]|req|NuveiConnectWebhookHandler.NuveiConnectRequest|true|false
13:58:45.21 (1559782980)|VARIABLE_ASSIGNMENT|[834]|req|{"additionalInformation":"0x11359e0b","applicationId":"NC178792551537","applicationStatus":"SUBMITTED","bankingInformation":"0x45ddfc8f","businessInformation":"0x46f42a12","businessOwnerInformation":"0x59e8fca4","metadata":"0x6410e454","salesProfile":"0x4e0345dd","taxDetails":"0x29c042b5"}|0x375386f5
13:58:45.21 (1559787570)|VARIABLE_SCOPE_BEGIN|[834]|accountId|Id|false|false
13:58:45.21 (1559803721)|VARIABLE_ASSIGNMENT|[834]|accountId|"001Pj00001DndZjIAJ"
13:58:45.21 (1559805671)|VARIABLE_SCOPE_BEGIN|[834]|salesRepId|Id|false|false
13:58:45.21 (1559810331)|VARIABLE_ASSIGNMENT|[834]|salesRepId|"00530000006NODJAA4"
13:58:45.21 (1559824951)|HEAP_ALLOCATE|[835]|Bytes:5
13:58:45.21 (1559826931)|STATEMENT_EXECUTE|[834]
13:58:45.21 (1559827711)|STATEMENT_EXECUTE|[835]
13:58:45.21 (1559840101)|HEAP_ALLOCATE|[835]|Bytes:4
13:58:45.21 (1559919991)|VARIABLE_SCOPE_BEGIN|[835]|opp|Opportunity|true|false
13:58:45.21 (1559928751)|VARIABLE_ASSIGNMENT|[835]|opp|{}|0x2a55d47c
13:58:45.21 (1559930701)|STATEMENT_EXECUTE|[836]
13:58:45.21 (1559938781)|HEAP_ALLOCATE|[836]|Bytes:22
13:58:45.21 (1559947951)|HEAP_ALLOCATE|[836]|Bytes:44
13:58:45.21 (1560438614)|VARIABLE_ASSIGNMENT|[836]|this.Name|"Syntech Solutions Kf (24 more) ..."|0x2a55d47c
13:58:45.21 (1560442934)|STATEMENT_EXECUTE|[837]
13:58:45.21 (1560479554)|VARIABLE_ASSIGNMENT|[837]|this.AccountId|"001Pj00001DndZjIAJ"|0x2a55d47c
13:58:45.21 (1560481384)|STATEMENT_EXECUTE|[839]
13:58:45.21 (1560483404)|HEAP_ALLOCATE|[839]|Bytes:15
13:58:45.21 (1560494395)|VARIABLE_ASSIGNMENT|[839]|this.StageName|"In Pre-Approval"|0x2a55d47c
13:58:45.21 (1560496025)|STATEMENT_EXECUTE|[840]
13:58:45.21 (1560553385)|HEAP_ALLOCATE|[840]|Bytes:4
13:58:45.21 (1560565955)|HEAP_ALLOCATE|[840]|Bytes:4
13:58:45.21 (1560639925)|VARIABLE_ASSIGNMENT|[840]|this.CloseDate|"2026-09-27T00:00:00.000Z"|0x2a55d47c
13:58:45.21 (1560643285)|STATEMENT_EXECUTE|[843]
13:58:45.21 (1560643915)|STATEMENT_EXECUTE|[844]
13:58:45.21 (1560669476)|VARIABLE_ASSIGNMENT|[844]|this.Sales_Rep__c|"00530000006NODJAA4"|0x2a55d47c
13:58:45.21 (1560671626)|STATEMENT_EXECUTE|[847]
13:58:45.21 (1560673376)|HEAP_ALLOCATE|[847]|Bytes:122
13:58:45.21 (1560686186)|HEAP_ALLOCATE|[847]|Bytes:4
13:58:45.21 (1561055248)|SOQL_EXECUTE_BEGIN|[847]|Aggregations:0|SELECT Id FROM RecordType WHERE (SObjectType = 'Opportunity' AND DeveloperName = 'Safecharge' AND IsActive = TRUE) LIMIT 1
13:58:45.21 (1588229309)|SOQL_EXECUTE_END|[847]|Rows:1
13:58:45.21 (1588262449)|HEAP_ALLOCATE|[847]|Bytes:8
13:58:45.21 (1588276389)|HEAP_ALLOCATE|[847]|Bytes:29
13:58:45.21 (1588361739)|HEAP_ALLOCATE|[847]|Bytes:8
13:58:45.21 (1588388290)|VARIABLE_SCOPE_BEGIN|[847]|rts|List<RecordType>|true|false
13:58:45.21 (1588470990)|VARIABLE_ASSIGNMENT|[847]|rts|[{"Id":"01230000001B5OTAA0"}]|0x2199f5fb
13:58:45.21 (1588555591)|STATEMENT_EXECUTE|[854]
13:58:45.21 (1588556491)|STATEMENT_EXECUTE|[855]
13:58:45.21 (1588571601)|HEAP_ALLOCATE|[855]|Bytes:8
13:58:45.21 (1588677181)|VARIABLE_ASSIGNMENT|[855]|this.RecordTypeId|"01230000001B5OTAA0"|0x2a55d47c
13:58:45.21 (1588680311)|STATEMENT_EXECUTE|[858]
13:58:45.21 (1588690371)|METHOD_EXIT|[632]|01pPj00000cpZZ8|NuveiConnectWebhookHandler.buildOpportunity(NuveiConnectWebhookHandler.NuveiConnectRequest, Id, Id)
13:58:45.21 (1588695681)|VARIABLE_SCOPE_BEGIN|[632]|opp|Opportunity|true|false
13:58:45.21 (1588721512)|VARIABLE_ASSIGNMENT|[632]|opp|{"Name":"Syntech Solutions Kf (24 more) ...","AccountId":"001Pj00001DndZjIAJ","StageName":"In Pre-Approval","CloseDate":"2026-09-27T00:00:00.000Z","Sales_Rep__c":"00530000006NODJAA4","RecordTypeId":"01230000001B5OTAA0"}|0x2a55d47c
13:58:45.21 (1588724482)|STATEMENT_EXECUTE|[633]
13:58:45.21 (1588746532)|HEAP_ALLOCATE|[633]|Bytes:8
13:58:45.21 (1588757162)|DML_BEGIN|[633]|Op:Insert|Type:Opportunity|Rows:1
13:58:45.21 (1588779912)|HEAP_ALLOCATE|[EXTERNAL]|Bytes:8
13:58:45.21 (1604062752)|CODE_UNIT_STARTED|[EXTERNAL]|Flow:Opportunity
13:58:45.21 (1604316653)|CODE_UNIT_FINISHED|Flow:Opportunity
13:58:45.21 (1699529716)|CODE_UNIT_STARTED|[EXTERNAL]|Validation:Opportunity:new
13:58:45.21 (1699569306)|VALIDATION_RULE|03d5Y000001YVMP|Checklist_assigned
13:58:45.21 (1699734937)|VALIDATION_FORMULA|TEXT(Checklist_submitted__c) = "Assigned" &&  Onboarding_Manager__c = ""|Onboarding_Manager__c=null , Checklist_submitted__c=null
13:58:45.21 (1699742667)|VALIDATION_PASS
13:58:45.21 (1699745877)|VALIDATION_RULE|03dPj000002AfdR|Checklist_submit_from_partner
13:58:45.21 (1700027669)|VALIDATION_FORMULA|AND(TEXT ( Checklist_submitted__c ) = "Submitted", 
NOT(ISBLANK( Partner_Name_text__c)),
OR(ISBLANK(TEXT(Country_of_Incorporation__c)),
ISBLANK(URL__c),
ISBLANK(TEXT(Are_comercials_agreed__c)),
ISBLANK(Expected_monthly_volume_Month_1__c),
ISBLANK(Expected_monthly_volume_Month_2__c),
ISBLANK(Expected_monthly_volume_Month_3__c),
ISBLANK(Expected_monthly_volume_Month_4__c),
ISBLANK(Expected_monthly_volume_Month_5__c),
ISBLANK(Expected_monthly_volume_Month_6__c),
ISBLANK(Expected_monthly_volume_Month_7__c),
ISBLANK(Expected_monthly_volume_Month_8__c),
ISBLANK(Expected_monthly_volume_Month_9__c),
ISBLANK(Expected_monthly_volume_Month_10__c),
ISBLANK(Expected_monthly_volume_Month_11__c),
ISBLANK(Expected_monthly_volume_Month_12__c),
ISBLANK(TEXT(Nuvei_commission_markup_percent__c)),
ISBLANK(Expected_live_date__c),
ISBLANK(TEXT(Do_they_have_processing_history__c)),
ISBLANK(TEXT(License_op__c))))|Expected_monthly_volume_Month_3__c=null , Nuvei_commission_markup_percent__c=null , Expected_monthly_volume_Month_12__c=null , URL__c=null , Expected_monthly_volume_Month_1__c=null , Expected_monthly_volume_Month_11__c=null , Expected_live_date__c=null , Are_comercials_agreed__c=null , Expected_monthly_volume_Month_6__c=null , Expected_monthly_volume_Month_10__c=null , Expected_monthly_volume_Month_9__c=null , Expected_monthly_volume_Month_5__c=null , Expected_monthly_volume_Month_2__c=null , Expected_monthly_volume_Month_8__c=null , Partner_Name_text__c=null , License_op__c=null , Country_of_Incorporation__c=null , Expected_monthly_volume_Month_4__c=null , Expected_monthly_volume_Month_7__c=null , Checklist_submitted__c=null , Do_they_have_processing_history__c=null
13:58:45.21 (1700037459)|VALIDATION_PASS
13:58:45.21 (1700039969)|VALIDATION_RULE|03dPj00000000Pp|Checklist_submit_new
13:58:45.21 (1706139425)|VALIDATION_FORMULA|AND(
ISCHANGED(Checklist_submitted__c), 
OR (
ISPICKVAL(Checklist_submitted__c, "Assigned"),
ISPICKVAL(Checklist_submitted__c, "Onboarding initiated")),
NOT(
OR(
$User.Id = "00530000003nmNX",
$User.Id = "0051400000C92sQ",
$User.Id = "0055Y00000GtZdx",
$User.Id = "0055Y00000GeCUA",
$User.Id = "0055Y00000GcuCb",
$User.Id = "005a0000007vbgf",
$User.Id = "0055Y00000EBZMq",
$User.Id = "0055Y00000E9vXQ",
$User.Id = "0055Y00000I6zSp",
$User.Id = "0055Y00000Gf4gW",
$User.Id = "0055Y00000GtNHG",
$User.Id = "0055Y00000GeIB1",
$User.Id = "0055Y00000I76CQ",
$User.Id = "0055Y00000IYiaw",
$User.Id = "0055Y00000GeEQz",
$User.Id = "0055Y00000GduhT",
$User.Id = "005a0000008YEoy",
$User.Id = "0055Y00000E9uWH",
$User.Id = "0051400000BaUvw",
$User.Id = "0051400000BAVNP",
$User.Id = "005Pj0000002f0n",
$Profile.Id = "00e1O000002GVB0",
$Profile.Id = "00e30000001g4RQ"
)
)
)|$Profile.Id=00ePj00000snPvq , $User.Id=005Pj00000cEmDO , Checklist_submitted__c=null
13:58:45.21 (1706155925)|VALIDATION_PASS
13:58:45.21 (1706159855)|VALIDATION_RULE|03d5Y000001YVMU|Checklist_submit_not_partner
13:58:45.21 (1706573708)|VALIDATION_FORMULA|AND(TEXT ( Checklist_submitted__c ) = "Submitted", 
ISBLANK( Partner_Name_text__c),
OR(ISBLANK(TEXT(Country_of_Incorporation__c)),
ISBLANK(URL__c),
ISBLANK(TEXT(Are_comercials_agreed__c)),
ISBLANK(Expected_monthly_volume_Month_1__c),
ISBLANK(Expected_monthly_volume_Month_2__c),
ISBLANK(Expected_monthly_volume_Month_3__c),
ISBLANK(Expected_monthly_volume_Month_4__c),
ISBLANK(Expected_monthly_volume_Month_5__c),
ISBLANK(Expected_monthly_volume_Month_6__c),
ISBLANK(Expected_monthly_volume_Month_7__c),
ISBLANK(Expected_monthly_volume_Month_8__c),
ISBLANK(Expected_monthly_volume_Month_9__c),
ISBLANK(Expected_monthly_volume_Month_10__c),
ISBLANK(Expected_monthly_volume_Month_11__c),
ISBLANK(Expected_monthly_volume_Month_12__c),
ISBLANK(TEXT(Nuvei_commission_markup_percent__c)),
ISBLANK(Expected_live_date__c),
ISBLANK(TEXT(Do_they_have_processing_history__c)),
ISBLANK(TEXT(License_op__c)),

ISBLANK(TEXT(Main_Office_Location__c)) ,
ISNULL(Target_Markets__c)) ,
ISNULL(Required_Card_Types__c),
ISBLANK(Required_Payment_Methods__c) ,
ISBLANK(Description_of_products_services_sold__c)  ,
ISBLANK(TEXT(Company_Type__c)) ,
ISBLANK(TEXT(Are_fees_updated_in_salesforce__c)) ,
ISBLANK(TEXT(Opportunity_Industry__c)) )|Expected_monthly_volume_Month_3__c=null , Description_of_products_services_sold__c=null , URL__c=null , Expected_monthly_volume_Month_1__c=null , Main_Office_Location__c=null , Required_Payment_Methods__c=null , Company_Type__c=null , Expected_monthly_volume_Month_2__c=null , Target_Markets__c=null , Opportunity_Industry__c=null , Country_of_Incorporation__c=null , Nuvei_commission_markup_percent__c=null , Expected_monthly_volume_Month_12__c=null , Are_fees_updated_in_salesforce__c=null , Expected_monthly_volume_Month_11__c=null , Expected_live_date__c=null , Are_comercials_agreed__c=null , Expected_monthly_volume_Month_6__c=null , Expected_monthly_volume_Month_10__c=null , Expected_monthly_volume_Month_9__c=null , Expected_monthly_volume_Month_5__c=null , Expected_monthly_volume_Month_8__c=null , Partner_Name_text__c=null , License_op__c=null , Expected_monthly_volume_Month_4__c=null , Expected_monthly_volume_Month_7__c=null , Required_Card_Types__c=null , Checklist_submitted__c=null , Do_they_have_processing_history__c=null
13:58:45.21 (1706586178)|VALIDATION_PASS
13:58:45.21 (1706588718)|VALIDATION_RULE|03d5Y000001MOXN|Check_Company_Id_Value
13:58:45.21 (1706641978)|VALIDATION_FORMULA|AND(
	(LID__LinkedIn_Company_Id__c <> NULL),
	NOT(ISNUMBER(LID__LinkedIn_Company_Id__c))
)|LID__LinkedIn_Company_Id__c=null
13:58:45.21 (1706644638)|VALIDATION_PASS
13:58:45.21 (1706646268)|VALIDATION_RULE|03dPj000000xHzJ|Declined_Limited
13:58:45.21 (1706740439)|VALIDATION_FORMULA|AND(ISPICKVAL(StageName, "Declined"),  CONTAINS($Profile.Name, "Sales"),  ISCHANGED(StageName)  )|$Profile.Name=Nuvei Connect Webhook Profile , StageName=In Pre-Approval
13:58:45.21 (1706744039)|VALIDATION_PASS
13:58:45.21 (1706745859)|VALIDATION_RULE|03dPj000001gfqz|Proposed_Partner_Revenue_Share_Required
13:58:45.21 (1706907640)|VALIDATION_FORMULA|AND(
    RecordType.DeveloperName = 'NA_All_Platforms',
    ISBLANK(Proposed_Partner_Revenue_Share__c),
    ISCHANGED(StageName),
    OR(
        ISPICKVAL(StageName, "Finalizing Business and commercial terms"),
        ISPICKVAL(StageName, "Proposal Shared")
    ),
    CreatedDate > DATETIMEVALUE("2025-07-25 00:00:00")
)|RecordType.DeveloperName=Safecharge , StageName=In Pre-Approval , CreatedDate=null , Proposed_Partner_Revenue_Share__c=null
13:58:45.21 (1706911710)|VALIDATION_PASS
13:58:45.21 (1706913570)|VALIDATION_RULE|03dPj0000000ci1|Reason_Lost_required
13:58:45.21 (1706975160)|VALIDATION_FORMULA|AND(OR(ISPICKVAL(StageName, "Dead"), ISPICKVAL(StageName, "Not Interested"), ISPICKVAL(StageName, "Closed Lost")), ISBLANK(TEXT(Not_Interested_Reason__c )),ISCHANGED(StageName) )|StageName=In Pre-Approval , Not_Interested_Reason__c=null
13:58:45.21 (1706977970)|VALIDATION_PASS
13:58:45.21 (1706979380)|VALIDATION_RULE|03dPj000002JQwv|Cannot_delete_From_Partner
13:58:45.21 (1707058900)|VALIDATION_FORMULA|ISCHANGED( From_Introducer__c ) &&  ISBLANK( From_Introducer__c ) &&  NOT(ISBLANK(PRIORVALUE(From_Introducer__c ))) &&  $Profile.Id <> "00e30000001g4RQ" &&  $Profile.Id <> "00e1O000002KhoM" &&  $Profile.Id <> "00e5Y000002GyXl" &&  $Profile.Id <> "00e5Y000003bPY2"|$Profile.Id=00ePj00000snPvq , From_Introducer__c=null
13:58:45.21 (1707062140)|VALIDATION_PASS
13:58:45.21 (1707063471)|VALIDATION_RULE|03dPj000002JR4z|Cannot_delete_Partner_Manager
13:58:45.21 (1707122811)|VALIDATION_FORMULA|ISCHANGED(  Partner_Manager__c  ) &&  ISBLANK( Partner_Manager__c ) &&  NOT(ISBLANK(PRIORVALUE( Partner_Manager__c ))) &&  $Profile.Id <> "00e30000001g4RQ" &&  $Profile.Id <> "00e1O000002KhoM" &&  $Profile.Id <> "00e5Y000002GyXl" &&  $Profile.Id <> "00e5Y000003bPY2"|$Profile.Id=00ePj00000snPvq , Partner_Manager__c=null
13:58:45.21 (1707125331)|VALIDATION_PASS
13:58:45.21 (1707126621)|VALIDATION_RULE|03dPj00000000Hl|License_Type_Required
13:58:45.21 (1707221961)|VALIDATION_FORMULA|AND (
OR (
ISPICKVAL(Opportunity_Industry__c, "ISO"),
ISPICKVAL(Opportunity_Industry__c, "PayFac")),
OR(
ISBLANK(TEXT(License_Type__c)),
ISBLANK(Merchant_Pipeline_Risk_Level__c),
ISBLANK(Partner_merchants_industries__c),
ISBLANK(TEXT(Region__c))),
$User.Id <> '0055Y00000GeJPZ'
)|License_Type__c=null , Opportunity_Industry__c=null , Merchant_Pipeline_Risk_Level__c=null , $User.Id=005Pj00000cEmDO , Partner_merchants_industries__c=null , Region__c=null
13:58:45.21 (1707225231)|VALIDATION_PASS
13:58:45.21 (1707236592)|CODE_UNIT_FINISHED|Validation:Opportunity:new
13:58:45.779 (1779795930)|ENTERING_MANAGED_PKG|slackv2
13:58:45.779 (1780076412)|ENTERING_MANAGED_PKG|slackv2
13:58:45.779 (1781701481)|ENTERING_MANAGED_PKG|slackv2
13:58:45.779 (1782075753)|ENTERING_MANAGED_PKG|slackv2
13:58:45.779 (1782218854)|ENTERING_MANAGED_PKG|slackv2
13:58:45.779 (2107055922)|ENTERING_MANAGED_PKG|slackv2
13:58:45.779 (2107101413)|ENTERING_MANAGED_PKG|slackv2
13:58:45.779 (2107174183)|ENTERING_MANAGED_PKG|slackv2
13:58:45.779 (2107230713)|ENTERING_MANAGED_PKG|slackv2
13:58:45.779 (2107240494)|ENTERING_MANAGED_PKG|slackv2
13:58:45.779 (2107359874)|ENTERING_MANAGED_PKG|slackv2
13:58:45.779 (2107407245)|ENTERING_MANAGED_PKG|slackv2
13:58:45.779 (2107657596)|VARIABLE_ASSIGNMENT|[EXTERNAL]|this|"common.apex.runtime.impl.ExecutionException"|0x5eb41f68
13:58:45.779 (2107670086)|VARIABLE_ASSIGNMENT|[EXTERNAL]|message|"Insufficient \"Read\"  (31 more) ..."
13:58:45.779 (2107689976)|VARIABLE_ASSIGNMENT|[EXTERNAL]|cause|"common.apex.runtime.impl.ExecutionException: Script-thrown exception"|0x158892bc
13:58:45.779 (2107715066)|HEAP_ALLOCATE|[820]|Bytes:19
13:58:45.779 (2107721386)|HEAP_ALLOCATE|[820]|Bytes:16
13:58:45.779 (2107722946)|HEAP_ALLOCATE|[820]|Bytes:19
13:58:45.779 (2107728286)|HEAP_ALLOCATE|[820]|Bytes:19
13:58:45.779 (2107729366)|HEAP_ALLOCATE|[820]|Bytes:16
13:58:45.779 (2107730406)|HEAP_ALLOCATE|[820]|Bytes:19
13:58:45.779 (2107732046)|HEAP_ALLOCATE|[820]|Bytes:19
13:58:45.779 (2107733096)|HEAP_ALLOCATE|[820]|Bytes:6
13:58:45.779 (2107734126)|HEAP_ALLOCATE|[820]|Bytes:19
13:58:45.779 (2107735586)|HEAP_ALLOCATE|[820]|Bytes:19
13:58:45.779 (2107736626)|HEAP_ALLOCATE|[820]|Bytes:6
13:58:45.779 (2107737686)|HEAP_ALLOCATE|[820]|Bytes:19
13:58:45.779 (2107739336)|HEAP_ALLOCATE|[820]|Bytes:24
13:58:45.779 (2107740376)|HEAP_ALLOCATE|[820]|Bytes:6
13:58:45.779 (2107741406)|HEAP_ALLOCATE|[820]|Bytes:24
13:58:45.779 (2107742886)|HEAP_ALLOCATE|[820]|Bytes:34
13:58:45.779 (2107743936)|HEAP_ALLOCATE|[820]|Bytes:6
13:58:45.779 (2107744986)|HEAP_ALLOCATE|[820]|Bytes:34
13:58:45.779 (2107746556)|HEAP_ALLOCATE|[820]|Bytes:18
13:58:45.779 (2107747596)|HEAP_ALLOCATE|[820]|Bytes:14
13:58:45.779 (2107748606)|HEAP_ALLOCATE|[820]|Bytes:18
13:58:45.779 (2107750047)|HEAP_ALLOCATE|[820]|Bytes:18
13:58:45.779 (2107751187)|HEAP_ALLOCATE|[820]|Bytes:44
13:58:45.779 (2107752197)|HEAP_ALLOCATE|[820]|Bytes:18
13:58:45.779 (2107753577)|HEAP_ALLOCATE|[820]|Bytes:18
13:58:45.779 (2107754617)|HEAP_ALLOCATE|[820]|Bytes:78
13:58:45.779 (2107755637)|HEAP_ALLOCATE|[820]|Bytes:18
13:58:45.779 (2107757007)|HEAP_ALLOCATE|[820]|Bytes:18
13:58:45.779 (2107758027)|HEAP_ALLOCATE|[820]|Bytes:70
13:58:45.779 (2107759027)|HEAP_ALLOCATE|[820]|Bytes:18
13:58:45.779 (2107760427)|HEAP_ALLOCATE|[820]|Bytes:26
13:58:45.779 (2107761547)|HEAP_ALLOCATE|[820]|Bytes:11
13:58:45.779 (2107762577)|HEAP_ALLOCATE|[820]|Bytes:26
13:58:45.779 (2107764027)|HEAP_ALLOCATE|[820]|Bytes:26
13:58:45.779 (2107765147)|HEAP_ALLOCATE|[820]|Bytes:14
13:58:45.779 (2107766197)|HEAP_ALLOCATE|[820]|Bytes:26
13:58:45.779 (2107767777)|HEAP_ALLOCATE|[820]|Bytes:17
13:58:45.779 (2107768927)|HEAP_ALLOCATE|[820]|Bytes:109
13:58:45.779 (2107769987)|HEAP_ALLOCATE|[820]|Bytes:17
13:58:45.779 (2107771637)|HEAP_ALLOCATE|[820]|Bytes:34
13:58:45.779 (2107772807)|HEAP_ALLOCATE|[820]|Bytes:6
13:58:45.779 (2107773827)|HEAP_ALLOCATE|[820]|Bytes:34
13:58:45.779 (2107967638)|ENTERING_MANAGED_PKG|slackv2
13:58:45.779 (2108091258)|ENTERING_MANAGED_PKG|slackv2
13:58:45.779 (2108255629)|DML_BEGIN|[186]|Op:Insert|Type:slackv2__Subscription_Error__e|Rows:1
13:58:45.779 (2114257185)|DML_END|[186]
13:58:46.114 (2114345885)|CUMULATIVE_LIMIT_USAGE
13:58:46.114 (2114345885)|LIMIT_USAGE_FOR_NS|(default)|
  Number of SOQL queries: 7 out of 200
  Number of query rows: 4 out of 50000
  Number of SOSL queries: 0 out of 20
  Number of DML statements: 3 out of 150
  Number of Publish Immediate DML: 0 out of 150
  Number of DML rows: 5 out of 10000
  Maximum CPU time: 398 out of 60000
  Maximum heap size: 0 out of 12000000
  Number of callouts: 0 out of 0
  Number of Email Invocations: 0 out of 10
  Number of future calls: 0 out of 50
  Number of queueable jobs added to the queue: 0 out of 1
  Number of Mobile Apex push calls: 0 out of 10

13:58:46.114 (2114345885)|LIMIT_USAGE_FOR_NS|MC4SF|
  Number of SOQL queries: 1 out of 200
  Number of query rows: 0 out of 50000
  Number of SOSL queries: 0 out of 20
  Number of DML statements: 0 out of 150
  Number of Publish Immediate DML: 0 out of 150
  Number of DML rows: 0 out of 10000
  Maximum CPU time: 0 out of 60000
  Maximum heap size: 0 out of 12000000
  Number of callouts: 0 out of 0
  Number of Email Invocations: 0 out of 10
  Number of future calls: 0 out of 50
  Number of queueable jobs added to the queue: 0 out of 1
  Number of Mobile Apex push calls: 0 out of 10

13:58:46.114 (2114345885)|LIMIT_USAGE_FOR_NS|pw_cc|
  Number of SOQL queries: 1 out of 200
  Number of query rows: 0 out of 50000
  Number of SOSL queries: 0 out of 20
  Number of DML statements: 0 out of 150
  Number of Publish Immediate DML: 0 out of 150
  Number of DML rows: 0 out of 10000
  Maximum CPU time: 0 out of 60000
  Maximum heap size: 0 out of 12000000
  Number of callouts: 0 out of 0
  Number of Email Invocations: 0 out of 10
  Number of future calls: 0 out of 50
  Number of queueable jobs added to the queue: 0 out of 1
  Number of Mobile Apex push calls: 0 out of 10

13:58:46.114 (2114345885)|LIMIT_USAGE_FOR_NS|SFSSDupeCatcher|
  Number of SOQL queries: 14 out of 200
  Number of query rows: 20 out of 50000
  Number of SOSL queries: 0 out of 20
  Number of DML statements: 0 out of 150
  Number of Publish Immediate DML: 0 out of 150
  Number of DML rows: 0 out of 10000
  Maximum CPU time: 0 out of 60000
  Maximum heap size: 0 out of 12000000
  Number of callouts: 0 out of 0
  Number of Email Invocations: 0 out of 10
  Number of future calls: 0 out of 50
  Number of queueable jobs added to the queue: 0 out of 1
  Number of Mobile Apex push calls: 0 out of 10

13:58:46.114 (2114345885)|LIMIT_USAGE_FOR_NS|slackv2|
  Number of SOQL queries: 1 out of 200
  Number of query rows: 1 out of 50000
  Number of SOSL queries: 0 out of 20
  Number of DML statements: 0 out of 150
  Number of Publish Immediate DML: 3 out of 150
  Number of DML rows: 0 out of 10000
  Maximum CPU time: 0 out of 60000
  Maximum heap size: 0 out of 12000000
  Number of callouts: 0 out of 0
  Number of Email Invocations: 0 out of 10
  Number of future calls: 0 out of 50
  Number of queueable jobs added to the queue: 0 out of 1
  Number of Mobile Apex push calls: 0 out of 10

13:58:46.114 (2114345885)|CUMULATIVE_LIMIT_USAGE_END

13:58:46.115 (2115640563)|CODE_UNIT_STARTED|[EXTERNAL]|01qa00000000B9Z|Opportunity_UpdateOppStageOnAccount on Opportunity trigger event AfterInsert|__sfdc_trigger/Opportunity_UpdateOppStageOnAccount
13:58:46.115 (2115678393)|HEAP_ALLOCATE|[EXTERNAL]|Bytes:8
13:58:46.115 (2115784074)|HEAP_ALLOCATE|[EXTERNAL]|Bytes:14
13:58:46.115 (2115794704)|HEAP_ALLOCATE|[EXTERNAL]|Bytes:4
13:58:46.115 (2115805924)|VARIABLE_SCOPE_BEGIN|[10]|this|Opportunity_UpdateOppStageOnAccount|true|false
13:58:46.115 (2115843094)|VARIABLE_ASSIGNMENT|[10]|this|{}|0x7a469639
13:58:46.115 (2115859334)|HEAP_ALLOCATE|[EXTERNAL]|Bytes:4
13:58:46.115 (2115863074)|VARIABLE_SCOPE_BEGIN|[10]|this|Opportunity_UpdateOppStageOnAccount|true|false
13:58:46.115 (2115867974)|VARIABLE_ASSIGNMENT|[10]|this|{}|0x7a469639
13:58:46.115 (2115872334)|STATEMENT_EXECUTE|[10]
13:58:46.115 (2115873284)|STATEMENT_EXECUTE|[12]
13:58:46.115 (2115873964)|STATEMENT_EXECUTE|[13]
13:58:46.115 (2115874374)|STATEMENT_EXECUTE|[14]
13:58:46.115 (2115887634)|HEAP_ALLOCATE|[14]|Bytes:4
13:58:46.115 (2115929295)|VARIABLE_SCOPE_BEGIN|[14]|acc2UpdList|List<Account>|true|false
13:58:46.115 (2115934635)|HEAP_ALLOCATE|[EXTERNAL]|Bytes:4
13:58:46.115 (2115942655)|VARIABLE_ASSIGNMENT|[14]|acc2UpdList|[]|0x6c77d115
13:58:46.115 (2115944555)|STATEMENT_EXECUTE|[16]
13:58:46.115 (2116198806)|HEAP_ALLOCATE|[16]|Bytes:4
13:58:46.115 (2116415338)|HEAP_ALLOCATE|[16]|Bytes:60
13:58:46.115 (2116420228)|HEAP_ALLOCATE|[16]|Bytes:3
13:58:46.115 (2116442468)|HEAP_ALLOCATE|[16]|Bytes:4
13:58:46.115 (2116445888)|VARIABLE_SCOPE_BEGIN|[16]|G2SRecId|Id|false|false
13:58:46.115 (2116476448)|VARIABLE_ASSIGNMENT|[16]|G2SRecId|"01230000001B5OJAA0"
13:58:46.115 (2116478288)|STATEMENT_EXECUTE|[17]
13:58:46.115 (2116506008)|HEAP_ALLOCATE|[17]|Bytes:4
13:58:46.115 (2116611129)|HEAP_ALLOCATE|[17]|Bytes:60
13:58:46.115 (2116613229)|HEAP_ALLOCATE|[17]|Bytes:10
13:58:46.115 (2116620429)|HEAP_ALLOCATE|[17]|Bytes:4
13:58:46.115 (2116622569)|VARIABLE_SCOPE_BEGIN|[17]|SafechargeRecId|Id|false|false
13:58:46.115 (2116636039)|VARIABLE_ASSIGNMENT|[17]|SafechargeRecId|"01230000001B5OTAA0"
13:58:46.115 (2116637589)|STATEMENT_EXECUTE|[18]
13:58:46.115 (2116664319)|HEAP_ALLOCATE|[18]|Bytes:4
13:58:46.115 (2116748150)|HEAP_ALLOCATE|[18]|Bytes:60
13:58:46.115 (2116750250)|HEAP_ALLOCATE|[18]|Bytes:10
13:58:46.115 (2116755420)|HEAP_ALLOCATE|[18]|Bytes:4
13:58:46.115 (2116757330)|VARIABLE_SCOPE_BEGIN|[18]|XTPaymentsRecId|Id|false|false
13:58:46.115 (2116766940)|VARIABLE_ASSIGNMENT|[18]|XTPaymentsRecId|"01230000001B5OdAAK"
13:58:46.115 (2116768350)|STATEMENT_EXECUTE|[19]
13:58:46.115 (2116784900)|HEAP_ALLOCATE|[19]|Bytes:4
13:58:46.115 (2116862560)|HEAP_ALLOCATE|[19]|Bytes:60
13:58:46.115 (2116864370)|HEAP_ALLOCATE|[19]|Bytes:6
13:58:46.115 (2116868980)|HEAP_ALLOCATE|[19]|Bytes:4
13:58:46.115 (2116870840)|VARIABLE_SCOPE_BEGIN|[19]|GTSRecId|Id|false|false
13:58:46.115 (2116879180)|VARIABLE_ASSIGNMENT|[19]|GTSRecId|"012a0000000AOf8AAG"
13:58:46.115 (2116880740)|STATEMENT_EXECUTE|[21]
13:58:46.115 (2116889210)|HEAP_ALLOCATE|[21]|Bytes:4
13:58:46.115 (2116910661)|VARIABLE_SCOPE_BEGIN|[21]|opp2ProcIds|Set<Id>|true|false
13:58:46.115 (2116926661)|VARIABLE_ASSIGNMENT|[21]|opp2ProcIds|[]|0x5de20c4e
13:58:46.115 (2116928431)|STATEMENT_EXECUTE|[22]
13:58:46.115 (2116929971)|HEAP_ALLOCATE|[22]|Bytes:4
13:58:46.115 (2116934871)|VARIABLE_SCOPE_BEGIN|[22]|acc2UpdIds|Set<Id>|true|false
13:58:46.115 (2116938901)|VARIABLE_ASSIGNMENT|[22]|acc2UpdIds|[]|0xfcf819e
13:58:46.115 (2116940521)|STATEMENT_EXECUTE|[24]
13:58:46.115 (2116941431)|HEAP_ALLOCATE|[24]|Bytes:53
13:58:46.115 (2116980271)|USER_DEBUG|[24]|DEBUG|>>> Start Opportunity_UpdateOppStageOnAccount trigger
13:58:46.115 (2116985071)|STATEMENT_EXECUTE|[25]
13:58:46.115 (2116986541)|VARIABLE_SCOPE_BEGIN|[25]|i|Integer|false|false
13:58:46.115 (2116989301)|HEAP_ALLOCATE|[25]|Bytes:4
13:58:46.115 (2116994461)|VARIABLE_ASSIGNMENT|[25]|i|0
13:58:46.115 (2117004141)|STATEMENT_EXECUTE|[26]
13:58:46.115 (2117011511)|STATEMENT_EXECUTE|[34]
13:58:46.115 (2117012011)|STATEMENT_EXECUTE|[35]
13:58:46.115 (2117127762)|HEAP_ALLOCATE|[EXTERNAL]|Bytes:4
13:58:46.115 (2117131622)|STATEMENT_EXECUTE|[36]
13:58:46.115 (2117188382)|HEAP_ALLOCATE|[EXTERNAL]|Bytes:4
13:58:46.115 (2117191622)|HEAP_ALLOCATE|[25]|Bytes:4
13:58:46.115 (2117195222)|VARIABLE_ASSIGNMENT|[25]|i|1
13:58:46.115 (2117207702)|STATEMENT_EXECUTE|[49]
13:58:46.115 (2117208292)|STATEMENT_EXECUTE|[50]
13:58:46.115 (2117214492)|HEAP_ALLOCATE|[50]|Bytes:4
13:58:46.115 (2117216162)|HEAP_ALLOCATE|[50]|Bytes:278
13:58:46.115 (2117219432)|HEAP_ALLOCATE|[50]|Bytes:4
13:58:46.115 (2117669685)|SOQL_EXECUTE_BEGIN|[50]|Aggregations:1|SELECT Id, Opportunity_record_type_g2s_stage__c, Opportunity_record_type_GTS_stage__c, Opportunity_record_type_SafeCharge_stage__c, Opportunity_record_type_xt_Payments_stag__c, (SELECT Id, StageName, RecordTypeId, CreatedDate FROM Opportunities) FROM Account WHERE Id = :tmpVar1
13:58:46.115 (2129742156)|SOQL_EXECUTE_END|[50]|Rows:1
13:58:46.115 (2129775006)|HEAP_ALLOCATE|[50]|Bytes:8
13:58:46.115 (2129797727)|HEAP_ALLOCATE|[50]|Bytes:187
13:58:46.115 (2129835437)|HEAP_ALLOCATE|[50]|Bytes:8
13:58:46.115 (2129868997)|HEAP_ALLOCATE|[50]|Bytes:12
13:58:46.115 (2129882827)|HEAP_ALLOCATE|[50]|Bytes:4
13:58:46.115 (2129896827)|VARIABLE_SCOPE_BEGIN|[50]|acc2UpdMap|Map<Id,Account>|true|false
13:58:46.115 (2130129949)|VARIABLE_ASSIGNMENT|[50]|acc2UpdMap|{"001Pj00001DndZjIAJ":{"Opportunities":[{"RecordTypeId":"01230000001B5OTAA0","CreatedDate":"2026-08-28T13:58:46.000Z","AccountId":"001Pj00001DndZjIAJ","Id":"006Pj00000zMrowIAC","StageName":"In Pre-Approval"}],"Id":"001Pj00001DndZjIAJ"}}|0x1b07ce1c
13:58:46.115 (2130145419)|HEAP_ALLOCATE|[52]|Bytes:4
13:58:46.115 (2130194509)|HEAP_ALLOCATE|[52]|Bytes:4
13:58:46.115 (2130221509)|HEAP_ALLOCATE|[52]|Bytes:5
13:58:46.115 (2130260059)|HEAP_ALLOCATE|[52]|Bytes:4
13:58:46.115 (2130263149)|VARIABLE_SCOPE_BEGIN|[52]|oppId|Id|false|false
13:58:46.115 (2130294909)|VARIABLE_ASSIGNMENT|[52]|oppId|"006Pj00000zMrowIAC"
13:58:46.115 (2130299039)|STATEMENT_EXECUTE|[53]
13:58:46.115 (2130352800)|STATEMENT_EXECUTE|[55]
13:58:46.115 (2130353430)|STATEMENT_EXECUTE|[56]
13:58:46.115 (2130370820)|VARIABLE_SCOPE_BEGIN|[56]|opp|Opportunity|true|false
13:58:46.115 (2150344588)|VARIABLE_ASSIGNMENT|[56]|opp|{"LastModifiedDate":"2026-08-28T13:58:46.000Z","AckMerchantIsClosed__c":false,"Company_BS__c":false,"G2S_Approving_check_list__c":false,"Pass_Price_Proposal__c":0,"G2S_Welcome_Email_to_Vendor__c":false,"PCI_Form__c":false,"Customer_approved_to_contact_Partner__c":false,"CloseDate":"2026-09-27T00:00:00.000Z","Testing_by_merchant__c":false,"Impact__c":3,"AckMerchantHasChangedToNotVerified__c":false,"Parimary_Contact_Name__c":" ","ID_Copy__c":false,"Is_Declined__c":"Not Declined","HubSpot_Migration__c":false,"ComityP2A__Product_Count__c":0,"Gong__Gong_Count__c":1.00,"Applied_at_the_bank__c":false,"Case_Sensitive_Id__c":"006Pj00000zMrowIAC","Sales_Rep__c":"00530000006NODJAA4","IsDeleted":false,"Days_Since_last_update__c":0,"Mandatory_Qualification_Checklist_Fields__c":"Country of Incorpora (327 more) ...","integration_Complete__c":false,"Last_Activity_or_Modify_Date__c":"2026-08-28T00:00:00.000Z","MSA_Sent__c":false,"Delayed_Bin_Sponsor__c":false,"G2S_Profile_Configuration__c":false,"Influenced_by_Marketing__c":false,"Pass_Contract_Signing__c":0,"Bank_Form__c":false,"Test_account_form_complete__c":false,"TEST_KYC_rollup__c":0.00,"Sent_Application_Form__c":false,"Is_Reseller__c":false,"Id":"006Pj00000zMrowIAC","StageNum__c":2,"Utility_Phone_Bill__c":false,"Impact_percent__c":25,"SME_Merchant__c":false,"AdWords_Action__c":"add","AckMerchantIsFrozen__c":false,"Contact_in_the_future__c":false,"Opportunity_Pending__c":0,"G2S_Test_Transactions__c":false,"Finance_approval__c":false,"IsClosed":false,"AckMerchantCreated__c":false,"VCF_Sent__c":false,"Pass_Applied_at_the_bank__c":0,"OwnerId":"00530000006NODJAA4","Sales_Rep_email__c":"ivaylo.nikolov@nuvei (4 more) ...","RecordTypeId":"01230000001B5OTAA0","Application_Form__c":false,"Shareholder_Document__c":false,"StageName":"In Pre-Approval","Probability":15,"of_the_volume_by_SC__c":100.00,"Test_configuration__c":false,"Mandatory_Pre_Onboarding_Checklist_Field__c":"Are comercials agree (435 more) ...","Update_Stage__c":false,"SystemModstamp":"2026-08-28T13:58:46.000Z","Weighted_Volume__c":0.00,"Type":"New Buisness","Filled_App_Form__c":false,"MSA_Signed_by_Merchant__c":false,"Price_Proposal__c":false,"XTCommerce_Stage__c":"Internal Processing","Pass_App_Form__c":1,"Management_approval__c":false,"AckMerchantIsVerified__c":false,"AccountId":"001Pj00001DndZjIAJ","HasOpportunityLineItem":false,"Full_KYC_Received__c":false,"Expected_Annual_Net_Revenue__c":0.00,"ForecastCategory":"Pipeline","G2S_PPP_Admin_Adjustments__c":false,"Expected_annual_volume__c":0,"Name":"Syntech Solutions Kf (24 more) ...","Live_Account_Email_sent__c":false,"CreatedById":"005Pj00000cEmDOIA0","Signed_Price_Proposal__c":false,"Trx_Count__c":0,"Invoice_Paid__c":false,"Managing_Company__c":"XT","Annual_Expected_Net_Revenue__c":0.00,"Company_Registration__c":false,"MSA_Signed_by_Merchant_Us__c":false,"G2S_Reporter_Opening_Account__c":false,"CurrencyIsoCode":"USD","Test_Transaction_Balance_Misc_fee__c":false,"The_owner__c":"Ivaylo Nikolov","G2S_Pricing_Interface_Configuration__c":false,"Account_Address__c":"   ","G2S_Bank_Info_Configuration__c":false,"XTPayments_Stage__c":"Pending","CreatedDate":"2026-08-28T13:58:46.000Z","ForecastCategoryName":"Pipeline","Welcome_Call__c":false,"Invoice_Sent__c":false,"Profit_from_Trx_Monthly__c":0,"Verified__c":false,"Risk_approval__c":false,"IsWon":false,"Expected_annual_revenue_for_SN__c":0.00,"Influ2_Influence__c":false,"Number_of_opps__c":0,"Processing_History__c":false,"XTPayments_Opportunity__c":false,"Public_Sector__c":false,"Processing__c":"no","Address__c":"   ","Scorecard__c":"https://safecharge-- (74 more) ...","Sent_Price_proposal__c":false,"LastModifiedById":"005Pj00000cEmDOIA0","IsPrivate":false,"Manually_Projection__c":false}|0x16df8e57
13:58:46.115 (2150471429)|STATEMENT_EXECUTE|[58]
13:58:46.115 (2150472819)|STATEMENT_EXECUTE|[59]
13:58:46.115 (2153006304)|HEAP_ALLOCATE|[59]|Bytes:2
13:58:46.115 (2153021824)|HEAP_ALLOCATE|[59]|Bytes:26
13:58:46.115 (2153093944)|METHOD_ENTRY|[9]|01pa00000000UxI|OppTriggerHandler.OppTriggerHandler()
13:58:46.115 (2153098864)|STATEMENT_EXECUTE|[9]
13:58:46.115 (2153104134)|STATEMENT_EXECUTE|[9]
13:58:46.115 (2154301521)|SYSTEM_MODE_ENTER|false
13:58:46.115 (2154316871)|HEAP_ALLOCATE|[59]|Bytes:5
13:58:46.115 (2154323621)|SYSTEM_MODE_EXIT|false
13:58:46.115 (2154336071)|METHOD_EXIT|[9]|OppTriggerHandler
13:58:46.115 (2154353972)|HEAP_ALLOCATE|[59]|Bytes:4
13:58:46.115 (2154374812)|CONSTRUCTOR_ENTRY|[59]|01pa00000000UxI|<init>()|OppTriggerHandler
13:58:46.115 (2154413032)|VARIABLE_SCOPE_BEGIN|[9]|this|OppTriggerHandler|true|false
13:58:46.115 (2154458342)|VARIABLE_ASSIGNMENT|[9]|this|{}|0x16952387
13:58:46.115 (2154463462)|SYSTEM_MODE_ENTER|false
13:58:46.115 (2154465652)|HEAP_ALLOCATE|[EXTERNAL]|Bytes:5
13:58:46.115 (2154484602)|SYSTEM_MODE_EXIT|false
13:58:46.115 (2154486712)|STATEMENT_EXECUTE|[9]
13:58:46.115 (2154494352)|SYSTEM_MODE_ENTER|false
13:58:46.115 (2154495812)|HEAP_ALLOCATE|[EXTERNAL]|Bytes:5
13:58:46.115 (2154497902)|SYSTEM_MODE_EXIT|false
13:58:46.115 (2154502412)|CONSTRUCTOR_EXIT|[59]|01pa00000000UxI|<init>()|OppTriggerHandler
13:58:46.115 (2154533833)|METHOD_ENTRY|[59]|01pa00000000UxI|OppTriggerHandler.UpdateAccounts(Opportunity, Map<Id,Account>, Id, Id, Id, Id)
13:58:46.115 (2154537603)|VARIABLE_SCOPE_BEGIN|[11]|this|OppTriggerHandler|true|false
13:58:46.115 (2154543813)|VARIABLE_ASSIGNMENT|[11]|this|{}|0x16952387
13:58:46.115 (2154547443)|VARIABLE_SCOPE_BEGIN|[11]|opp|Opportunity|true|false
13:58:46.115 (2157048788)|VARIABLE_ASSIGNMENT|[11]|opp|{"LastModifiedDate":"2026-08-28T13:58:46.000Z","AckMerchantIsClosed__c":false,"Company_BS__c":false,"G2S_Approving_check_list__c":false,"Pass_Price_Proposal__c":0,"G2S_Welcome_Email_to_Vendor__c":false,"PCI_Form__c":false,"Customer_approved_to_contact_Partner__c":false,"CloseDate":"2026-09-27T00:00:00.000Z","Testing_by_merchant__c":false,"Impact__c":3,"AckMerchantHasChangedToNotVerified__c":false,"Parimary_Contact_Name__c":" ","ID_Copy__c":false,"Is_Declined__c":"Not Declined","HubSpot_Migration__c":false,"ComityP2A__Product_Count__c":0,"Gong__Gong_Count__c":1.00,"Applied_at_the_bank__c":false,"Case_Sensitive_Id__c":"006Pj00000zMrowIAC","Sales_Rep__c":"00530000006NODJAA4","IsDeleted":false,"Days_Since_last_update__c":0,"Mandatory_Qualification_Checklist_Fields__c":"Country of Incorpora (327 more) ...","integration_Complete__c":false,"Last_Activity_or_Modify_Date__c":"2026-08-28T00:00:00.000Z","MSA_Sent__c":false,"Delayed_Bin_Sponsor__c":false,"G2S_Profile_Configuration__c":false,"Influenced_by_Marketing__c":false,"Pass_Contract_Signing__c":0,"Bank_Form__c":false,"Test_account_form_complete__c":false,"TEST_KYC_rollup__c":0.00,"Sent_Application_Form__c":false,"Is_Reseller__c":false,"Id":"006Pj00000zMrowIAC","StageNum__c":2,"Utility_Phone_Bill__c":false,"Impact_percent__c":25,"SME_Merchant__c":false,"AdWords_Action__c":"add","AckMerchantIsFrozen__c":false,"Contact_in_the_future__c":false,"Opportunity_Pending__c":0,"G2S_Test_Transactions__c":false,"Finance_approval__c":false,"IsClosed":false,"AckMerchantCreated__c":false,"VCF_Sent__c":false,"Pass_Applied_at_the_bank__c":0,"OwnerId":"00530000006NODJAA4","Sales_Rep_email__c":"ivaylo.nikolov@nuvei (4 more) ...","RecordTypeId":"01230000001B5OTAA0","Application_Form__c":false,"Shareholder_Document__c":false,"StageName":"In Pre-Approval","Probability":15,"of_the_volume_by_SC__c":100.00,"Test_configuration__c":false,"Mandatory_Pre_Onboarding_Checklist_Field__c":"Are comercials agree (435 more) ...","Update_Stage__c":false,"SystemModstamp":"2026-08-28T13:58:46.000Z","Weighted_Volume__c":0.00,"Type":"New Buisness","Filled_App_Form__c":false,"MSA_Signed_by_Merchant__c":false,"Price_Proposal__c":false,"XTCommerce_Stage__c":"Internal Processing","Pass_App_Form__c":1,"Management_approval__c":false,"AckMerchantIsVerified__c":false,"AccountId":"001Pj00001DndZjIAJ","HasOpportunityLineItem":false,"Full_KYC_Received__c":false,"Expected_Annual_Net_Revenue__c":0.00,"ForecastCategory":"Pipeline","G2S_PPP_Admin_Adjustments__c":false,"Expected_annual_volume__c":0,"Name":"Syntech Solutions Kf (24 more) ...","Live_Account_Email_sent__c":false,"CreatedById":"005Pj00000cEmDOIA0","Signed_Price_Proposal__c":false,"Trx_Count__c":0,"Invoice_Paid__c":false,"Managing_Company__c":"XT","Annual_Expected_Net_Revenue__c":0.00,"Company_Registration__c":false,"MSA_Signed_by_Merchant_Us__c":false,"G2S_Reporter_Opening_Account__c":false,"CurrencyIsoCode":"USD","Test_Transaction_Balance_Misc_fee__c":false,"The_owner__c":"Ivaylo Nikolov","G2S_Pricing_Interface_Configuration__c":false,"Account_Address__c":"   ","G2S_Bank_Info_Configuration__c":false,"XTPayments_Stage__c":"Pending","CreatedDate":"2026-08-28T13:58:46.000Z","ForecastCategoryName":"Pipeline","Welcome_Call__c":false,"Invoice_Sent__c":false,"Profit_from_Trx_Monthly__c":0,"Verified__c":false,"Risk_approval__c":false,"IsWon":false,"Expected_annual_revenue_for_SN__c":0.00,"Influ2_Influence__c":false,"Number_of_opps__c":0,"Processing_History__c":false,"XTPayments_Opportunity__c":false,"Public_Sector__c":false,"Processing__c":"no","Address__c":"   ","Scorecard__c":"https://safecharge-- (74 more) ...","Sent_Price_proposal__c":false,"LastModifiedById":"005Pj00000cEmDOIA0","IsPrivate":false,"Manually_Projection__c":false}|0x16df8e57
13:58:46.115 (2157070868)|VARIABLE_SCOPE_BEGIN|[11]|acc2UpdMap|Map<Id,Account>|true|false
13:58:46.115 (2157254449)|VARIABLE_ASSIGNMENT|[11]|acc2UpdMap|{"001Pj00001DndZjIAJ":{"Opportunities":[{"RecordTypeId":"01230000001B5OTAA0","CreatedDate":"2026-08-28T13:58:46.000Z","AccountId":"001Pj00001DndZjIAJ","Id":"006Pj00000zMrowIAC","StageName":"In Pre-Approval"}],"Id":"001Pj00001DndZjIAJ"}}|0x1b07ce1c
13:58:46.115 (2157260849)|VARIABLE_SCOPE_BEGIN|[11]|G2SRecId|Id|false|false
13:58:46.115 (2157288389)|VARIABLE_ASSIGNMENT|[11]|G2SRecId|"01230000001B5OJAA0"
13:58:46.115 (2157290249)|VARIABLE_SCOPE_BEGIN|[11]|SafechargeRecId|Id|false|false
13:58:46.115 (2157297029)|VARIABLE_ASSIGNMENT|[11]|SafechargeRecId|"01230000001B5OTAA0"
13:58:46.115 (2157298529)|VARIABLE_SCOPE_BEGIN|[11]|XTPaymentsRecId|Id|false|false
13:58:46.115 (2157304489)|VARIABLE_ASSIGNMENT|[11]|XTPaymentsRecId|"01230000001B5OdAAK"
13:58:46.115 (2157305979)|VARIABLE_SCOPE_BEGIN|[11]|GTSRecId|Id|false|false
13:58:46.115 (2157311799)|VARIABLE_ASSIGNMENT|[11]|GTSRecId|"012a0000000AOf8AAG"
13:58:46.115 (2157319879)|SYSTEM_MODE_ENTER|false
13:58:46.115 (2157324589)|HEAP_ALLOCATE|[13]|Bytes:5
13:58:46.115 (2157327769)|STATEMENT_EXECUTE|[12]
13:58:46.115 (2157328499)|STATEMENT_EXECUTE|[13]
13:58:46.115 (2157331479)|HEAP_ALLOCATE|[13]|Bytes:60
13:58:46.115 (2157380860)|USER_DEBUG|[13]|DEBUG|>>> Start UpdateAccounts function in OppTriggerHandler class
13:58:46.115 (2157386710)|STATEMENT_EXECUTE|[14]
13:58:46.115 (2157438410)|VARIABLE_SCOPE_BEGIN|[14]|acc|Account|true|false
13:58:46.115 (2157485700)|VARIABLE_ASSIGNMENT|[14]|acc|{"Opportunities":[{"RecordTypeId":"01230000001B5OTAA0","CreatedDate":"2026-08-28T13:58:46.000Z","AccountId":"001Pj00001DndZjIAJ","Id":"006Pj00000zMrowIAC","StageName":"In Pre-Approval"}],"Id":"001Pj00001DndZjIAJ"}|0x67bfc91b
13:58:46.115 (2157489010)|STATEMENT_EXECUTE|[15]
13:58:46.115 (2157503720)|HEAP_ALLOCATE|[15]|Bytes:4
13:58:46.115 (2157524671)|VARIABLE_SCOPE_BEGIN|[15]|oppSameRecTypeList|List<Opportunity>|true|false
13:58:46.115 (2157530641)|HEAP_ALLOCATE|[EXTERNAL]|Bytes:4
13:58:46.115 (2157541261)|VARIABLE_ASSIGNMENT|[15]|oppSameRecTypeList|[]|0x72763790
13:58:46.115 (2157542871)|STATEMENT_EXECUTE|[16]
13:58:46.115 (2157569461)|VARIABLE_SCOPE_BEGIN|[16]|d|Datetime|false|false
13:58:46.115 (2157575931)|VARIABLE_ASSIGNMENT|[16]|d|"2026-08-28T13:58:46.000Z"
13:58:46.115 (2157577381)|STATEMENT_EXECUTE|[17]
13:58:46.115 (2157578521)|HEAP_ALLOCATE|[17]|Bytes:21
13:58:46.115 (2157580651)|HEAP_ALLOCATE|[17]|Bytes:13
13:58:46.115 (2157605631)|HEAP_ALLOCATE|[EXTERNAL]|Bytes:8
13:58:46.115 (2157630741)|HEAP_ALLOCATE|[17]|Bytes:8
13:58:46.115 (2157659941)|HEAP_ALLOCATE|[17]|Bytes:1
13:58:46.115 (2157667031)|HEAP_ALLOCATE|[17]|Bytes:22
13:58:46.115 (2157670211)|USER_DEBUG|[17]|DEBUG|>>> Account opp. no: 1
13:58:46.115 (2157678431)|HEAP_ALLOCATE|[EXTERNAL]|Bytes:8
13:58:46.115 (2157682971)|HEAP_ALLOCATE|[19]|Bytes:8
13:58:46.115 (2157691012)|STATEMENT_EXECUTE|[19]
13:58:46.115 (2157691872)|STATEMENT_EXECUTE|[37]
13:58:46.115 (2157692812)|HEAP_ALLOCATE|[37]|Bytes:76
13:58:46.115 (2157698642)|HEAP_ALLOCATE|[37]|Bytes:1
13:58:46.115 (2157701502)|HEAP_ALLOCATE|[37]|Bytes:77
13:58:46.115 (2157703592)|USER_DEBUG|[37]|DEBUG|>>> Finished for of the other opps in the account. oppSameRecTypeList size: 0
13:58:46.115 (2157705682)|STATEMENT_EXECUTE|[39]
13:58:46.115 (2157712552)|VARIABLE_SCOPE_BEGIN|[39]|valDependTriggerType|String|false|false
13:58:46.115 (2157716082)|VARIABLE_ASSIGNMENT|[39]|valDependTriggerType|"In Pre-Approval"
13:58:46.115 (2157717552)|STATEMENT_EXECUTE|[40]
13:58:46.115 (2157718512)|HEAP_ALLOCATE|[40]|Bytes:26
13:58:46.115 (2157720122)|HEAP_ALLOCATE|[40]|Bytes:41
13:58:46.115 (2157725432)|USER_DEBUG|[40]|DEBUG|>>> valDependTriggerType: In Pre-Approval
13:58:46.115 (2157727332)|STATEMENT_EXECUTE|[42]
13:58:46.115 (2157733422)|VARIABLE_SCOPE_BEGIN|[42]|valForUpdate|String|false|false
13:58:46.115 (2157736242)|VARIABLE_ASSIGNMENT|[42]|valForUpdate|"In Pre-Approval"
13:58:46.115 (2157737652)|STATEMENT_EXECUTE|[43]
13:58:46.115 (2157738362)|HEAP_ALLOCATE|[43]|Bytes:18
13:58:46.115 (2157739842)|HEAP_ALLOCATE|[43]|Bytes:33
13:58:46.115 (2157743072)|USER_DEBUG|[43]|DEBUG|>>> valForUpdate: In Pre-Approval
13:58:46.115 (2157763462)|STATEMENT_EXECUTE|[45]
13:58:46.115 (2157769602)|STATEMENT_EXECUTE|[50]
13:58:46.115 (2157770082)|STATEMENT_EXECUTE|[51]
13:58:46.115 (2157815282)|HEAP_ALLOCATE|[51]|Bytes:-4
13:58:46.115 (2157843192)|VARIABLE_ASSIGNMENT|[51]|this.Opportunity_record_type_SafeCharge_stage__c|"In Pre-Approval"|0x67bfc91b
13:58:46.115 (2157852463)|STATEMENT_EXECUTE|[53]
13:58:46.115 (2157858293)|STATEMENT_EXECUTE|[57]
13:58:46.115 (2157858923)|STATEMENT_EXECUTE|[62]
13:58:46.115 (2157872103)|STATEMENT_EXECUTE|[63]
13:58:46.115 (2157873023)|HEAP_ALLOCATE|[63]|Bytes:32
13:58:46.115 (2157877543)|USER_DEBUG|[63]|DEBUG|>>> Return accounts for updating
13:58:46.115 (2157879773)|STATEMENT_EXECUTE|[64]
13:58:46.115 (2157883303)|SYSTEM_MODE_EXIT|false
13:58:46.115 (2157889333)|METHOD_EXIT|[59]|01pa00000000UxI|OppTriggerHandler.UpdateAccounts(Opportunity, Map<Id,Account>, Id, Id, Id, Id)
13:58:46.115 (2157928573)|HEAP_ALLOCATE|[59]|Bytes:0
13:58:46.115 (2157940673)|HEAP_ALLOCATE|[52]|Bytes:5
13:58:46.115 (2157946853)|VARIABLE_ASSIGNMENT|[52]|oppId|null
13:58:46.115 (2157956413)|HEAP_ALLOCATE|[EXTERNAL]|Bytes:8
13:58:46.115 (2157967593)|HEAP_ALLOCATE|[63]|Bytes:256
13:58:46.115 (2157973563)|STATEMENT_EXECUTE|[64]
13:58:46.115 (2157977223)|HEAP_ALLOCATE|[EXTERNAL]|Bytes:8
13:58:46.115 (2157979103)|HEAP_ALLOCATE|[65]|Bytes:256
13:58:46.115 (2157988473)|HEAP_ALLOCATE|[65]|Bytes:5
13:58:46.115 (2157993693)|HEAP_ALLOCATE|[65]|Bytes:16
13:58:46.115 (2157997773)|VARIABLE_SCOPE_BEGIN|[65]|a|Account|true|false
13:58:46.115 (2158038714)|VARIABLE_ASSIGNMENT|[65]|a|{"Opportunities":[{"RecordTypeId":"01230000001B5OTAA0","CreatedDate":"2026-08-28T13:58:46.000Z","AccountId":"001Pj00001DndZjIAJ","Id":"006Pj00000zMrowIAC","StageName":"In Pre-Approval"}],"Id":"001Pj00001DndZjIAJ","Opportunity_record_type_SafeCharge_stage__c":"In Pre-Approval"}|0x67bfc91b
13:58:46.115 (2158042294)|STATEMENT_EXECUTE|[66]
13:58:46.115 (2158043054)|STATEMENT_EXECUTE|[67]
13:58:46.115 (2158052544)|HEAP_ALLOCATE|[EXTERNAL]|Bytes:4
13:58:46.115 (2158059084)|STATEMENT_EXECUTE|[68]
13:58:46.115 (2158062064)|HEAP_ALLOCATE|[65]|Bytes:5
13:58:46.115 (2158065734)|VARIABLE_ASSIGNMENT|[65]|a|null|
13:58:46.115 (2158070064)|STATEMENT_EXECUTE|[76]
13:58:46.115 (2158070644)|STATEMENT_EXECUTE|[77]
13:58:46.115 (2158110934)|DML_BEGIN|[77]|Op:Update|Type:Account|Rows:1
13:58:46.115 (2158143004)|HEAP_ALLOCATE|[EXTERNAL]|Bytes:8
13:58:46.115 (2171159641)|CODE_UNIT_STARTED|[EXTERNAL]|Flow:Account
13:58:46.115 (2171191901)|CODE_UNIT_FINISHED|Flow:Account
13:58:46.172 (2172719170)|ENTERING_MANAGED_PKG|MC4SF
13:58:46.172 (2172985802)|ENTERING_MANAGED_PKG|MC4SF
13:58:46.172 (2174429020)|ENTERING_MANAGED_PKG|MC4SF
13:58:46.177 (2177457188)|CUMULATIVE_LIMIT_USAGE
13:58:46.177 (2177457188)|LIMIT_USAGE_FOR_NS|(default)|
  Number of SOQL queries: 8 out of 200
  Number of query rows: 6 out of 50000
  Number of SOSL queries: 0 out of 20
  Number of DML statements: 4 out of 150
  Number of Publish Immediate DML: 0 out of 150
  Number of DML rows: 6 out of 10000
  Maximum CPU time: 398 out of 60000
  Maximum heap size: 0 out of 12000000
  Number of callouts: 0 out of 0
  Number of Email Invocations: 0 out of 10
  Number of future calls: 0 out of 50
  Number of queueable jobs added to the queue: 0 out of 1
  Number of Mobile Apex push calls: 0 out of 10

13:58:46.177 (2177457188)|LIMIT_USAGE_FOR_NS|MC4SF|
  Number of SOQL queries: 1 out of 200
  Number of query rows: 0 out of 50000
  Number of SOSL queries: 0 out of 20
  Number of DML statements: 0 out of 150
  Number of Publish Immediate DML: 0 out of 150
  Number of DML rows: 0 out of 10000
  Maximum CPU time: 0 out of 60000
  Maximum heap size: 0 out of 12000000
  Number of callouts: 0 out of 0
  Number of Email Invocations: 0 out of 10
  Number of future calls: 0 out of 50
  Number of queueable jobs added to the queue: 0 out of 1
  Number of Mobile Apex push calls: 0 out of 10

13:58:46.177 (2177457188)|LIMIT_USAGE_FOR_NS|pw_cc|
  Number of SOQL queries: 1 out of 200
  Number of query rows: 0 out of 50000
  Number of SOSL queries: 0 out of 20
  Number of DML statements: 0 out of 150
  Number of Publish Immediate DML: 0 out of 150
  Number of DML rows: 0 out of 10000
  Maximum CPU time: 0 out of 60000
  Maximum heap size: 0 out of 12000000
  Number of callouts: 0 out of 0
  Number of Email Invocations: 0 out of 10
  Number of future calls: 0 out of 50
  Number of queueable jobs added to the queue: 0 out of 1
  Number of Mobile Apex push calls: 0 out of 10

13:58:46.177 (2177457188)|LIMIT_USAGE_FOR_NS|SFSSDupeCatcher|
  Number of SOQL queries: 14 out of 200
  Number of query rows: 20 out of 50000
  Number of SOSL queries: 0 out of 20
  Number of DML statements: 0 out of 150
  Number of Publish Immediate DML: 0 out of 150
  Number of DML rows: 0 out of 10000
  Maximum CPU time: 0 out of 60000
  Maximum heap size: 0 out of 12000000
  Number of callouts: 0 out of 0
  Number of Email Invocations: 0 out of 10
  Number of future calls: 0 out of 50
  Number of queueable jobs added to the queue: 0 out of 1
  Number of Mobile Apex push calls: 0 out of 10

13:58:46.177 (2177457188)|LIMIT_USAGE_FOR_NS|slackv2|
  Number of SOQL queries: 1 out of 200
  Number of query rows: 1 out of 50000
  Number of SOSL queries: 0 out of 20
  Number of DML statements: 0 out of 150
  Number of Publish Immediate DML: 3 out of 150
  Number of DML rows: 0 out of 10000
  Maximum CPU time: 0 out of 60000
  Maximum heap size: 0 out of 12000000
  Number of callouts: 0 out of 0
  Number of Email Invocations: 0 out of 10
  Number of future calls: 0 out of 50
  Number of queueable jobs added to the queue: 0 out of 1
  Number of Mobile Apex push calls: 0 out of 10

13:58:46.177 (2177457188)|CUMULATIVE_LIMIT_USAGE_END

13:58:46.178 (2178826616)|ENTERING_MANAGED_PKG|pw_cc
13:58:46.178 (2178909707)|ENTERING_MANAGED_PKG|pw_cc
13:58:46.178 (2178928957)|ENTERING_MANAGED_PKG|pw_cc
13:58:46.178 (2178962307)|CUMULATIVE_LIMIT_USAGE
13:58:46.178 (2178962307)|LIMIT_USAGE_FOR_NS|(default)|
  Number of SOQL queries: 8 out of 200
  Number of query rows: 6 out of 50000
  Number of SOSL queries: 0 out of 20
  Number of DML statements: 4 out of 150
  Number of Publish Immediate DML: 0 out of 150
  Number of DML rows: 6 out of 10000
  Maximum CPU time: 398 out of 60000
  Maximum heap size: 0 out of 12000000
  Number of callouts: 0 out of 0
  Number of Email Invocations: 0 out of 10
  Number of future calls: 0 out of 50
  Number of queueable jobs added to the queue: 0 out of 1
  Number of Mobile Apex push calls: 0 out of 10

13:58:46.178 (2178962307)|LIMIT_USAGE_FOR_NS|MC4SF|
  Number of SOQL queries: 1 out of 200
  Number of query rows: 0 out of 50000
  Number of SOSL queries: 0 out of 20
  Number of DML statements: 0 out of 150
  Number of Publish Immediate DML: 0 out of 150
  Number of DML rows: 0 out of 10000
  Maximum CPU time: 0 out of 60000
  Maximum heap size: 0 out of 12000000
  Number of callouts: 0 out of 0
  Number of Email Invocations: 0 out of 10
  Number of future calls: 0 out of 50
  Number of queueable jobs added to the queue: 0 out of 1
  Number of Mobile Apex push calls: 0 out of 10

13:58:46.178 (2178962307)|LIMIT_USAGE_FOR_NS|pw_cc|
  Number of SOQL queries: 1 out of 200
  Number of query rows: 0 out of 50000
  Number of SOSL queries: 0 out of 20
  Number of DML statements: 0 out of 150
  Number of Publish Immediate DML: 0 out of 150
  Number of DML rows: 0 out of 10000
  Maximum CPU time: 0 out of 60000
  Maximum heap size: 0 out of 12000000
  Number of callouts: 0 out of 0
  Number of Email Invocations: 0 out of 10
  Number of future calls: 0 out of 50
  Number of queueable jobs added to the queue: 0 out of 1
  Number of Mobile Apex push calls: 0 out of 10

13:58:46.178 (2178962307)|LIMIT_USAGE_FOR_NS|SFSSDupeCatcher|
  Number of SOQL queries: 14 out of 200
  Number of query rows: 20 out of 50000
  Number of SOSL queries: 0 out of 20
  Number of DML statements: 0 out of 150
  Number of Publish Immediate DML: 0 out of 150
  Number of DML rows: 0 out of 10000
  Maximum CPU time: 0 out of 60000
  Maximum heap size: 0 out of 12000000
  Number of callouts: 0 out of 0
  Number of Email Invocations: 0 out of 10
  Number of future calls: 0 out of 50
  Number of queueable jobs added to the queue: 0 out of 1
  Number of Mobile Apex push calls: 0 out of 10

13:58:46.178 (2178962307)|LIMIT_USAGE_FOR_NS|slackv2|
  Number of SOQL queries: 1 out of 200
  Number of query rows: 1 out of 50000
  Number of SOSL queries: 0 out of 20
  Number of DML statements: 0 out of 150
  Number of Publish Immediate DML: 3 out of 150
  Number of DML rows: 0 out of 10000
  Maximum CPU time: 0 out of 60000
  Maximum heap size: 0 out of 12000000
  Number of callouts: 0 out of 0
  Number of Email Invocations: 0 out of 10
  Number of future calls: 0 out of 50
  Number of queueable jobs added to the queue: 0 out of 1
  Number of Mobile Apex push calls: 0 out of 10

13:58:46.178 (2178962307)|CUMULATIVE_LIMIT_USAGE_END

13:58:46.180 (2180383756)|ENTERING_MANAGED_PKG|SFSSDupeCatcher
13:58:46.180 (2180438836)|ENTERING_MANAGED_PKG|SFSSDupeCatcher
13:58:46.180 (2180678138)|ENTERING_MANAGED_PKG|SFSSDupeCatcher
13:58:46.180 (2180732788)|ENTERING_MANAGED_PKG|SFSSDupeCatcher
13:58:46.180 (2180799888)|ENTERING_MANAGED_PKG|SFSSDupeCatcher
13:58:46.180 (2180817388)|ENTERING_MANAGED_PKG|SFSSDupeCatcher
13:58:46.180 (2180824968)|ENTERING_MANAGED_PKG|SFSSDupeCatcher
13:58:46.180 (2180850999)|ENTERING_MANAGED_PKG|SFSSDupeCatcher
13:58:46.180 (2181247771)|SOQL_EXECUTE_BEGIN|[3131]|Aggregations:0|SELECT body, name FROM StaticResource WHERE Name = :tmpVar1 LIMIT 1
13:58:46.180 (2186663773)|SOQL_EXECUTE_END|[3131]|Rows:0
13:58:46.180 (2186783673)|ENTERING_MANAGED_PKG|SFSSDupeCatcher
13:58:46.180 (2186887234)|ENTERING_MANAGED_PKG|SFSSDupeCatcher
13:58:46.180 (2187608828)|ENTERING_MANAGED_PKG|SFSSDupeCatcher
13:58:46.180 (2187828210)|ENTERING_MANAGED_PKG|SFSSDupeCatcher
13:58:46.180 (2187868180)|ENTERING_MANAGED_PKG|SFSSDupeCatcher
13:58:46.180 (2187913890)|ENTERING_MANAGED_PKG|SFSSDupeCatcher
13:58:46.180 (2188017031)|ENTERING_MANAGED_PKG|SFSSDupeCatcher
13:58:46.180 (2188031531)|ENTERING_MANAGED_PKG|SFSSDupeCatcher
13:58:46.180 (2188040831)|ENTERING_MANAGED_PKG|SFSSDupeCatcher
13:58:46.180 (2188087791)|ENTERING_MANAGED_PKG|SFSSDupeCatcher
13:58:46.180 (2188585254)|SOQL_EXECUTE_BEGIN|[3131]|Aggregations:0|SELECT body, name FROM StaticResource WHERE Name = :tmpVar1 LIMIT 1
13:58:46.180 (2192270985)|SOQL_EXECUTE_END|[3131]|Rows:0
13:58:46.180 (2192351376)|ENTERING_MANAGED_PKG|SFSSDupeCatcher
13:58:46.180 (2192421286)|ENTERING_MANAGED_PKG|SFSSDupeCatcher
13:58:46.180 (2192733018)|ENTERING_MANAGED_PKG|SFSSDupeCatcher
13:58:46.180 (2192762218)|ENTERING_MANAGED_PKG|SFSSDupeCatcher
13:58:46.180 (2192772838)|ENTERING_MANAGED_PKG|SFSSDupeCatcher
13:58:46.180 (2192862159)|ENTERING_MANAGED_PKG|SFSSDupeCatcher
13:58:46.180 (2192871939)|ENTERING_MANAGED_PKG|SFSSDupeCatcher
13:58:46.180 (2192943959)|ENTERING_MANAGED_PKG|SFSSDupeCatcher
13:58:46.180 (2192956829)|ENTERING_MANAGED_PKG|SFSSDupeCatcher
13:58:46.180 (2192964870)|ENTERING_MANAGED_PKG|SFSSDupeCatcher
13:58:46.180 (2193006280)|ENTERING_MANAGED_PKG|SFSSDupeCatcher
13:58:46.180 (2193257361)|SOQL_EXECUTE_BEGIN|[3131]|Aggregations:0|SELECT body, name FROM StaticResource WHERE Name = :tmpVar1 LIMIT 1
13:58:46.180 (2196301779)|SOQL_EXECUTE_END|[3131]|Rows:0
13:58:46.180 (2196389370)|ENTERING_MANAGED_PKG|SFSSDupeCatcher
13:58:46.180 (2196448200)|ENTERING_MANAGED_PKG|SFSSDupeCatcher
13:58:46.180 (2196687822)|ENTERING_MANAGED_PKG|SFSSDupeCatcher
13:58:46.180 (2196723612)|ENTERING_MANAGED_PKG|SFSSDupeCatcher
13:58:46.180 (2196745802)|ENTERING_MANAGED_PKG|SFSSDupeCatcher
13:58:46.180 (2196775282)|ENTERING_MANAGED_PKG|SFSSDupeCatcher
13:58:46.180 (2196872693)|ENTERING_MANAGED_PKG|SFSSDupeCatcher
13:58:46.180 (2197482587)|SOQL_EXECUTE_BEGIN|[159]|Aggregations:0|SELECT Id, Name, Match_On_Insert_Action__c, Match_On_Update_Action__c, Create_Tasks_for_Warnings__c, Blocked_Duplicates__c, Merged_Duplicates__C, Converted_Duplicates__c, Error_Message__c, Scenario_Type__c, Deployed__c, Bypass_Security__c, Person_Account_Filter__c, OwnerID, CreatedById FROM Scenario__c WHERE (Deployed__c = TRUE AND Match_On_Update_Action__c != 'Report Duplicate') LIMIT 100
13:58:46.180 (2201078248)|SOQL_EXECUTE_END|[159]|Rows:0
13:58:46.180 (2201192849)|ENTERING_MANAGED_PKG|SFSSDupeCatcher
13:58:46.180 (2201239139)|ENTERING_MANAGED_PKG|SFSSDupeCatcher
13:58:46.180 (2201253199)|ENTERING_MANAGED_PKG|SFSSDupeCatcher
13:58:46.180 (2201262489)|ENTERING_MANAGED_PKG|SFSSDupeCatcher
13:58:46.180 (2201308299)|ENTERING_MANAGED_PKG|SFSSDupeCatcher
13:58:46.180 (2201544711)|SOQL_EXECUTE_BEGIN|[3131]|Aggregations:0|SELECT body, name FROM StaticResource WHERE Name = :tmpVar1 LIMIT 1
13:58:46.180 (2204743550)|SOQL_EXECUTE_END|[3131]|Rows:0
13:58:46.180 (2204831130)|ENTERING_MANAGED_PKG|SFSSDupeCatcher
13:58:46.180 (2204917721)|ENTERING_MANAGED_PKG|SFSSDupeCatcher
13:58:46.205 (2205330403)|CUMULATIVE_LIMIT_USAGE
13:58:46.205 (2205330403)|LIMIT_USAGE_FOR_NS|(default)|
  Number of SOQL queries: 8 out of 200
  Number of query rows: 6 out of 50000
  Number of SOSL queries: 0 out of 20
  Number of DML statements: 4 out of 150
  Number of Publish Immediate DML: 0 out of 150
  Number of DML rows: 6 out of 10000
  Maximum CPU time: 421 out of 60000
  Maximum heap size: 0 out of 12000000
  Number of callouts: 0 out of 0
  Number of Email Invocations: 0 out of 10
  Number of future calls: 0 out of 50
  Number of queueable jobs added to the queue: 0 out of 1
  Number of Mobile Apex push calls: 0 out of 10

13:58:46.205 (2205330403)|LIMIT_USAGE_FOR_NS|MC4SF|
  Number of SOQL queries: 1 out of 200
  Number of query rows: 0 out of 50000
  Number of SOSL queries: 0 out of 20
  Number of DML statements: 0 out of 150
  Number of Publish Immediate DML: 0 out of 150
  Number of DML rows: 0 out of 10000
  Maximum CPU time: 0 out of 60000
  Maximum heap size: 0 out of 12000000
  Number of callouts: 0 out of 0
  Number of Email Invocations: 0 out of 10
  Number of future calls: 0 out of 50
  Number of queueable jobs added to the queue: 0 out of 1
  Number of Mobile Apex push calls: 0 out of 10

13:58:46.205 (2205330403)|LIMIT_USAGE_FOR_NS|pw_cc|
  Number of SOQL queries: 1 out of 200
  Number of query rows: 0 out of 50000
  Number of SOSL queries: 0 out of 20
  Number of DML statements: 0 out of 150
  Number of Publish Immediate DML: 0 out of 150
  Number of DML rows: 0 out of 10000
  Maximum CPU time: 0 out of 60000
  Maximum heap size: 0 out of 12000000
  Number of callouts: 0 out of 0
  Number of Email Invocations: 0 out of 10
  Number of future calls: 0 out of 50
  Number of queueable jobs added to the queue: 0 out of 1
  Number of Mobile Apex push calls: 0 out of 10

13:58:46.205 (2205330403)|LIMIT_USAGE_FOR_NS|SFSSDupeCatcher|
  Number of SOQL queries: 19 out of 200
  Number of query rows: 20 out of 50000
  Number of SOSL queries: 0 out of 20
  Number of DML statements: 0 out of 150
  Number of Publish Immediate DML: 0 out of 150
  Number of DML rows: 0 out of 10000
  Maximum CPU time: 0 out of 60000
  Maximum heap size: 0 out of 12000000
  Number of callouts: 0 out of 0
  Number of Email Invocations: 0 out of 10
  Number of future calls: 0 out of 50
  Number of queueable jobs added to the queue: 0 out of 1
  Number of Mobile Apex push calls: 0 out of 10

13:58:46.205 (2205330403)|LIMIT_USAGE_FOR_NS|slackv2|
  Number of SOQL queries: 1 out of 200
  Number of query rows: 1 out of 50000
  Number of SOSL queries: 0 out of 20
  Number of DML statements: 0 out of 150
  Number of Publish Immediate DML: 3 out of 150
  Number of DML rows: 0 out of 10000
  Maximum CPU time: 0 out of 60000
  Maximum heap size: 0 out of 12000000
  Number of callouts: 0 out of 0
  Number of Email Invocations: 0 out of 10
  Number of future calls: 0 out of 50
  Number of queueable jobs added to the queue: 0 out of 1
  Number of Mobile Apex push calls: 0 out of 10

13:58:46.205 (2205330403)|CUMULATIVE_LIMIT_USAGE_END

13:58:46.206 (2206815812)|ENTERING_MANAGED_PKG|sw_connector
13:58:46.206 (2206937452)|ENTERING_MANAGED_PKG|sw_connector
13:58:46.207 (2207115803)|CUMULATIVE_LIMIT_USAGE
13:58:46.207 (2207115803)|LIMIT_USAGE_FOR_NS|(default)|
  Number of SOQL queries: 8 out of 200
  Number of query rows: 6 out of 50000
  Number of SOSL queries: 0 out of 20
  Number of DML statements: 4 out of 150
  Number of Publish Immediate DML: 0 out of 150
  Number of DML rows: 6 out of 10000
  Maximum CPU time: 421 out of 60000
  Maximum heap size: 0 out of 12000000
  Number of callouts: 0 out of 0
  Number of Email Invocations: 0 out of 10
  Number of future calls: 0 out of 50
  Number of queueable jobs added to the queue: 0 out of 1
  Number of Mobile Apex push calls: 0 out of 10

13:58:46.207 (2207115803)|LIMIT_USAGE_FOR_NS|MC4SF|
  Number of SOQL queries: 1 out of 200
  Number of query rows: 0 out of 50000
  Number of SOSL queries: 0 out of 20
  Number of DML statements: 0 out of 150
  Number of Publish Immediate DML: 0 out of 150
  Number of DML rows: 0 out of 10000
  Maximum CPU time: 0 out of 60000
  Maximum heap size: 0 out of 12000000
  Number of callouts: 0 out of 0
  Number of Email Invocations: 0 out of 10
  Number of future calls: 0 out of 50
  Number of queueable jobs added to the queue: 0 out of 1
  Number of Mobile Apex push calls: 0 out of 10

13:58:46.207 (2207115803)|LIMIT_USAGE_FOR_NS|pw_cc|
  Number of SOQL queries: 1 out of 200
  Number of query rows: 0 out of 50000
  Number of SOSL queries: 0 out of 20
  Number of DML statements: 0 out of 150
  Number of Publish Immediate DML: 0 out of 150
  Number of DML rows: 0 out of 10000
  Maximum CPU time: 0 out of 60000
  Maximum heap size: 0 out of 12000000
  Number of callouts: 0 out of 0
  Number of Email Invocations: 0 out of 10
  Number of future calls: 0 out of 50
  Number of queueable jobs added to the queue: 0 out of 1
  Number of Mobile Apex push calls: 0 out of 10

13:58:46.207 (2207115803)|LIMIT_USAGE_FOR_NS|SFSSDupeCatcher|
  Number of SOQL queries: 19 out of 200
  Number of query rows: 20 out of 50000
  Number of SOSL queries: 0 out of 20
  Number of DML statements: 0 out of 150
  Number of Publish Immediate DML: 0 out of 150
  Number of DML rows: 0 out of 10000
  Maximum CPU time: 0 out of 60000
  Maximum heap size: 0 out of 12000000
  Number of callouts: 0 out of 0
  Number of Email Invocations: 0 out of 10
  Number of future calls: 0 out of 50
  Number of queueable jobs added to the queue: 0 out of 1
  Number of Mobile Apex push calls: 0 out of 10

13:58:46.207 (2207115803)|LIMIT_USAGE_FOR_NS|slackv2|
  Number of SOQL queries: 1 out of 200
  Number of query rows: 1 out of 50000
  Number of SOSL queries: 0 out of 20
  Number of DML statements: 0 out of 150
  Number of Publish Immediate DML: 3 out of 150
  Number of DML rows: 0 out of 10000
  Maximum CPU time: 0 out of 60000
  Maximum heap size: 0 out of 12000000
  Number of callouts: 0 out of 0
  Number of Email Invocations: 0 out of 10
  Number of future calls: 0 out of 50
  Number of queueable jobs added to the queue: 0 out of 1
  Number of Mobile Apex push calls: 0 out of 10

13:58:46.207 (2207115803)|CUMULATIVE_LIMIT_USAGE_END

13:58:46.115 (2208525252)|CODE_UNIT_STARTED|[EXTERNAL]|Validation:Account:001Pj00001DndZj
13:58:46.115 (2208542692)|VALIDATION_RULE|03d5Y000001MOXK|Check_Company_Id_Value
13:58:46.115 (2208655722)|VALIDATION_FORMULA|AND(
	(LID__LinkedIn_Company_Id__c <> NULL),
	NOT(ISNUMBER(LID__LinkedIn_Company_Id__c))
)|LID__LinkedIn_Company_Id__c=null
13:58:46.115 (2208660912)|VALIDATION_PASS
13:58:46.115 (2208666503)|CODE_UNIT_FINISHED|Validation:Account:001Pj00001DndZj
13:58:46.115 (2234631056)|CODE_UNIT_STARTED|[EXTERNAL]|01q1400000064lr|ApproveAccount on Account trigger event AfterUpdate|__sfdc_trigger/ApproveAccount
13:58:46.115 (2234687876)|HEAP_ALLOCATE|[EXTERNAL]|Bytes:8
13:58:46.115 (2234747946)|HEAP_ALLOCATE|[EXTERNAL]|Bytes:8
13:58:46.115 (2234919377)|HEAP_ALLOCATE|[EXTERNAL]|Bytes:8
13:58:46.115 (2234939418)|VARIABLE_SCOPE_BEGIN|[1]|this|ApproveAccount|true|false
13:58:46.115 (2235012718)|VARIABLE_ASSIGNMENT|[1]|this|{}|0x419b95a2
13:58:46.115 (2235047108)|HEAP_ALLOCATE|[EXTERNAL]|Bytes:8
13:58:46.115 (2235051388)|VARIABLE_SCOPE_BEGIN|[1]|this|ApproveAccount|true|false
13:58:46.115 (2235081208)|VARIABLE_ASSIGNMENT|[1]|this|{}|0x419b95a2
13:58:46.115 (2235122559)|STATEMENT_EXECUTE|[1]
13:58:46.115 (2235137959)|STATEMENT_EXECUTE|[3]
13:58:46.115 (2235154509)|HEAP_ALLOCATE|[3]|Bytes:4
13:58:46.115 (2235228359)|VARIABLE_ASSIGNMENT|[3]|this.accountMap|{}|0x419b95a2
13:58:46.115 (2235300990)|HEAP_ALLOCATE|[6]|Bytes:5
13:58:46.115 (2235321720)|VARIABLE_SCOPE_BEGIN|[6]|acc|Account|true|false
13:58:46.115 (2238437699)|VARIABLE_ASSIGNMENT|[6]|acc|{"LastModifiedDate":"2026-08-28T13:58:46.000Z","MarketNetwork__c":false,"xt_Commerce_Opt_in_phone__c":false,"Currently_processing__c":false,"xt_Local_Store__c":false,"Simplex_Merchant__c":false,"S2P_Docs_Company_certificate__c":false,"NCP__c":false,"IsUpdate__c":false,"Duplicate__c":false,"Apply_Form_Completed__c":false,"No_Support_Page__c":false,"TAM__c":false,"VIP__c":false,"account6QA6sense__c":false,"AckRequestedXTPayments__c":false,"S2P_Merchant_agreement__c":false,"Name":"Syntech Solutions Kf (2 more) ...","Live_Account_Email_sent__c":false,"Sensitive_Account__c":false,"Strategic_Account__c":false,"Industry":"Unknown","IBT__c":false,"CreatedById":"005Pj00000cEmDOIA0","G2S__c":false,"Account_Owner__c":"Ivaylo Nikolov","HubSpot_Migration__c":false,"Gong__Gong_Count__c":1.00,"Login_For_Purchase__c":false,"GTSBilling__c":false,"Case_Sensitive_Id__c":"001Pj00001DndZjIAJ","Participates_in_affiliate_network__c":false,"S2P_Docs_Register_of_directors__c":false,"Premium_Account__c":false,"Welcome_Call_Done__c":false,"IsDeleted":false,"Temp_Field__c":false,"S2P_Test__c":false,"Automation_Error__c":false,"Partner__c":false,"Live_Safecharge_Opportunities__c":0,"automated_acc__c":false,"Service_Level_Standards__c":false,"CurrencyIsoCode":"USD","S2P_Docs_Bank_statement__c":false,"Processing_Account__c":false,"Safecharge__c":false,"CreatedDate":"2026-08-28T13:58:44.000Z","Enriched__c":false,"Id":"001Pj00001DndZjIAJ","Num_of_Declined_Opportunites__c":0,"IsPartner":false,"French_Speaker__c":false,"SFSSDupeCatcher__Override_DupeCatcher__c":false,"Approve_Account_Status__c":false,"Num_of_Live_Opportunites__c":0,"Using_an_affiliate_program__c":false,"automated__c":false,"Website":"http://cosmedicalsup (7 more) ...","ISV_Partner_Status__c":false,"Is_Paya_Providing_L1_Customer_Support__c":false,"Support_Metal__c":"Bronze","self_created__c":false,"S2P_Test_Platform__c":false,"Verified__c":false,"Currency__c":"EURO","sw_connector__swEnrichWithSW__c":false,"Live_Company_Profile__c":0,"S2P_Merchant_Review_Updates__c":false,"OwnerId":"00530000006NODJAA4","Expected_Monthly_Volume_Total__c":0,"Phone":"+18553106344","S2P_Marketplace__c":false,"Account_Operations_Support__c":false,"Opportunity_record_type_SafeCharge_stage__c":"In Pre-Approval","project__c":"g2s","XTPayments__c":false,"Share__c":false,"Account_Merchant_Tier__c":"Tier 3","Number_of_opps__c":0,"IsCustomerPortal":false,"xt_Commerce_Opt_in_email__c":false,"Optimized__c":false,"Logo_Usage__c":false,"Support_Sensitive__c":false,"Support_Level__c":"Enterprise","Client_s_tier__c":"3","SystemModstamp":"2026-08-28T13:58:46.000Z","AccountNumber":"01-09-409373","Merchant_Classification__c":"General","Owenrship__c":false,"Accepted_xt_Commerce_EULA__c":false,"Monetization__c":false,"Change_Account_Status__c":false,"Type":"Merchant","LastModifiedById":"005Pj00000cEmDOIA0"}|0x7196f469
13:58:46.115 (2238456059)|STATEMENT_EXECUTE|[7]
13:58:46.115 (2238470179)|STATEMENT_EXECUTE|[8]
13:58:46.115 (2238488489)|HEAP_ALLOCATE|[6]|Bytes:5
13:58:46.115 (2238502279)|VARIABLE_ASSIGNMENT|[6]|acc|null|
13:58:46.115 (2238533259)|STATEMENT_EXECUTE|[14]
13:58:46.238 (2238538009)|CUMULATIVE_LIMIT_USAGE
13:58:46.238 (2238538009)|LIMIT_USAGE_FOR_NS|(default)|
  Number of SOQL queries: 8 out of 200
  Number of query rows: 6 out of 50000
  Number of SOSL queries: 0 out of 20
  Number of DML statements: 4 out of 150
  Number of Publish Immediate DML: 0 out of 150
  Number of DML rows: 6 out of 10000
  Maximum CPU time: 421 out of 60000
  Maximum heap size: 0 out of 12000000
  Number of callouts: 0 out of 0
  Number of Email Invocations: 0 out of 10
  Number of future calls: 0 out of 50
  Number of queueable jobs added to the queue: 0 out of 1
  Number of Mobile Apex push calls: 0 out of 10

13:58:46.238 (2238538009)|LIMIT_USAGE_FOR_NS|MC4SF|
  Number of SOQL queries: 1 out of 200
  Number of query rows: 0 out of 50000
  Number of SOSL queries: 0 out of 20
  Number of DML statements: 0 out of 150
  Number of Publish Immediate DML: 0 out of 150
  Number of DML rows: 0 out of 10000
  Maximum CPU time: 0 out of 60000
  Maximum heap size: 0 out of 12000000
  Number of callouts: 0 out of 0
  Number of Email Invocations: 0 out of 10
  Number of future calls: 0 out of 50
  Number of queueable jobs added to the queue: 0 out of 1
  Number of Mobile Apex push calls: 0 out of 10

13:58:46.238 (2238538009)|LIMIT_USAGE_FOR_NS|pw_cc|
  Number of SOQL queries: 1 out of 200
  Number of query rows: 0 out of 50000
  Number of SOSL queries: 0 out of 20
  Number of DML statements: 0 out of 150
  Number of Publish Immediate DML: 0 out of 150
  Number of DML rows: 0 out of 10000
  Maximum CPU time: 0 out of 60000
  Maximum heap size: 0 out of 12000000
  Number of callouts: 0 out of 0
  Number of Email Invocations: 0 out of 10
  Number of future calls: 0 out of 50
  Number of queueable jobs added to the queue: 0 out of 1
  Number of Mobile Apex push calls: 0 out of 10

13:58:46.238 (2238538009)|LIMIT_USAGE_FOR_NS|SFSSDupeCatcher|
  Number of SOQL queries: 19 out of 200
  Number of query rows: 20 out of 50000
  Number of SOSL queries: 0 out of 20
  Number of DML statements: 0 out of 150
  Number of Publish Immediate DML: 0 out of 150
  Number of DML rows: 0 out of 10000
  Maximum CPU time: 0 out of 60000
  Maximum heap size: 0 out of 12000000
  Number of callouts: 0 out of 0
  Number of Email Invocations: 0 out of 10
  Number of future calls: 0 out of 50
  Number of queueable jobs added to the queue: 0 out of 1
  Number of Mobile Apex push calls: 0 out of 10

13:58:46.238 (2238538009)|LIMIT_USAGE_FOR_NS|slackv2|
  Number of SOQL queries: 1 out of 200
  Number of query rows: 1 out of 50000
  Number of SOSL queries: 0 out of 20
  Number of DML statements: 0 out of 150
  Number of Publish Immediate DML: 3 out of 150
  Number of DML rows: 0 out of 10000
  Maximum CPU time: 0 out of 60000
  Maximum heap size: 0 out of 12000000
  Number of callouts: 0 out of 0
  Number of Email Invocations: 0 out of 10
  Number of future calls: 0 out of 50
  Number of queueable jobs added to the queue: 0 out of 1
  Number of Mobile Apex push calls: 0 out of 10

13:58:46.238 (2238538009)|CUMULATIVE_LIMIT_USAGE_END

13:58:46.115 (2238764751)|CODE_UNIT_FINISHED|ApproveAccount on Account trigger event AfterUpdate|__sfdc_trigger/ApproveAccount
13:58:46.115 (2241716778)|CODE_UNIT_STARTED|[EXTERNAL]|01q1400000064ls|ChangeMerchantStatus on Account trigger event AfterUpdate|__sfdc_trigger/ChangeMerchantStatus
13:58:46.115 (2241756608)|HEAP_ALLOCATE|[EXTERNAL]|Bytes:8
13:58:46.115 (2241761268)|HEAP_ALLOCATE|[EXTERNAL]|Bytes:8
13:58:46.115 (2241859329)|HEAP_ALLOCATE|[EXTERNAL]|Bytes:8
13:58:46.115 (2241872279)|VARIABLE_SCOPE_BEGIN|[1]|this|ChangeMerchantStatus|true|false
13:58:46.115 (2241935279)|VARIABLE_ASSIGNMENT|[1]|this|{}|0x2f4dcf22
13:58:46.115 (2241960560)|HEAP_ALLOCATE|[EXTERNAL]|Bytes:8
13:58:46.115 (2241964770)|VARIABLE_SCOPE_BEGIN|[1]|this|ChangeMerchantStatus|true|false
13:58:46.115 (2241971650)|VARIABLE_ASSIGNMENT|[1]|this|{}|0x2f4dcf22
13:58:46.115 (2241974510)|STATEMENT_EXECUTE|[1]
13:58:46.115 (2241975610)|STATEMENT_EXECUTE|[3]
13:58:46.115 (2241991040)|HEAP_ALLOCATE|[3]|Bytes:4
13:58:46.115 (2242044510)|VARIABLE_ASSIGNMENT|[3]|this.accountMap|{}|0x2f4dcf22
13:58:46.115 (2242102730)|HEAP_ALLOCATE|[6]|Bytes:5
13:58:46.115 (2242121261)|VARIABLE_SCOPE_BEGIN|[6]|acc|Account|true|false
13:58:46.115 (2243745680)|VARIABLE_ASSIGNMENT|[6]|acc|{"LastModifiedDate":"2026-08-28T13:58:46.000Z","MarketNetwork__c":false,"xt_Commerce_Opt_in_phone__c":false,"Currently_processing__c":false,"xt_Local_Store__c":false,"Simplex_Merchant__c":false,"S2P_Docs_Company_certificate__c":false,"NCP__c":false,"IsUpdate__c":false,"Duplicate__c":false,"Apply_Form_Completed__c":false,"No_Support_Page__c":false,"TAM__c":false,"VIP__c":false,"account6QA6sense__c":false,"AckRequestedXTPayments__c":false,"S2P_Merchant_agreement__c":false,"Name":"Syntech Solutions Kf (2 more) ...","Live_Account_Email_sent__c":false,"Sensitive_Account__c":false,"Strategic_Account__c":false,"Industry":"Unknown","IBT__c":false,"CreatedById":"005Pj00000cEmDOIA0","G2S__c":false,"Account_Owner__c":"Ivaylo Nikolov","HubSpot_Migration__c":false,"Gong__Gong_Count__c":1.00,"Login_For_Purchase__c":false,"GTSBilling__c":false,"Case_Sensitive_Id__c":"001Pj00001DndZjIAJ","Participates_in_affiliate_network__c":false,"S2P_Docs_Register_of_directors__c":false,"Premium_Account__c":false,"Welcome_Call_Done__c":false,"IsDeleted":false,"Temp_Field__c":false,"S2P_Test__c":false,"Automation_Error__c":false,"Partner__c":false,"Live_Safecharge_Opportunities__c":0,"automated_acc__c":false,"Service_Level_Standards__c":false,"CurrencyIsoCode":"USD","S2P_Docs_Bank_statement__c":false,"Processing_Account__c":false,"Safecharge__c":false,"CreatedDate":"2026-08-28T13:58:44.000Z","Enriched__c":false,"Id":"001Pj00001DndZjIAJ","Num_of_Declined_Opportunites__c":0,"IsPartner":false,"French_Speaker__c":false,"SFSSDupeCatcher__Override_DupeCatcher__c":false,"Approve_Account_Status__c":false,"Num_of_Live_Opportunites__c":0,"Using_an_affiliate_program__c":false,"automated__c":false,"Website":"http://cosmedicalsup (7 more) ...","ISV_Partner_Status__c":false,"Is_Paya_Providing_L1_Customer_Support__c":false,"Support_Metal__c":"Bronze","self_created__c":false,"S2P_Test_Platform__c":false,"Verified__c":false,"Currency__c":"EURO","sw_connector__swEnrichWithSW__c":false,"Live_Company_Profile__c":0,"S2P_Merchant_Review_Updates__c":false,"OwnerId":"00530000006NODJAA4","Expected_Monthly_Volume_Total__c":0,"Phone":"+18553106344","S2P_Marketplace__c":false,"Account_Operations_Support__c":false,"Opportunity_record_type_SafeCharge_stage__c":"In Pre-Approval","project__c":"g2s","XTPayments__c":false,"Share__c":false,"Account_Merchant_Tier__c":"Tier 3","Number_of_opps__c":0,"IsCustomerPortal":false,"xt_Commerce_Opt_in_email__c":false,"Optimized__c":false,"Logo_Usage__c":false,"Support_Sensitive__c":false,"Support_Level__c":"Enterprise","Client_s_tier__c":"3","SystemModstamp":"2026-08-28T13:58:46.000Z","AccountNumber":"01-09-409373","Merchant_Classification__c":"General","Owenrship__c":false,"Accepted_xt_Commerce_EULA__c":false,"Monetization__c":false,"Change_Account_Status__c":false,"Type":"Merchant","LastModifiedById":"005Pj00000cEmDOIA0"}|0x7196f469
13:58:46.115 (2243762270)|STATEMENT_EXECUTE|[7]
13:58:46.115 (2243836811)|STATEMENT_EXECUTE|[8]
13:58:46.115 (2243845921)|HEAP_ALLOCATE|[6]|Bytes:5
13:58:46.115 (2243855191)|VARIABLE_ASSIGNMENT|[6]|acc|null|
13:58:46.115 (2243870431)|STATEMENT_EXECUTE|[13]
13:58:46.243 (2243874261)|CUMULATIVE_LIMIT_USAGE
13:58:46.243 (2243874261)|LIMIT_USAGE_FOR_NS|(default)|
  Number of SOQL queries: 8 out of 200
  Number of query rows: 6 out of 50000
  Number of SOSL queries: 0 out of 20
  Number of DML statements: 4 out of 150
  Number of Publish Immediate DML: 0 out of 150
  Number of DML rows: 6 out of 10000
  Maximum CPU time: 421 out of 60000
  Maximum heap size: 0 out of 12000000
  Number of callouts: 0 out of 0
  Number of Email Invocations: 0 out of 10
  Number of future calls: 0 out of 50
  Number of queueable jobs added to the queue: 0 out of 1
  Number of Mobile Apex push calls: 0 out of 10

13:58:46.243 (2243874261)|LIMIT_USAGE_FOR_NS|MC4SF|
  Number of SOQL queries: 1 out of 200
  Number of query rows: 0 out of 50000
  Number of SOSL queries: 0 out of 20
  Number of DML statements: 0 out of 150
  Number of Publish Immediate DML: 0 out of 150
  Number of DML rows: 0 out of 10000
  Maximum CPU time: 0 out of 60000
  Maximum heap size: 0 out of 12000000
  Number of callouts: 0 out of 0
  Number of Email Invocations: 0 out of 10
  Number of future calls: 0 out of 50
  Number of queueable jobs added to the queue: 0 out of 1
  Number of Mobile Apex push calls: 0 out of 10

13:58:46.243 (2243874261)|LIMIT_USAGE_FOR_NS|pw_cc|
  Number of SOQL queries: 1 out of 200
  Number of query rows: 0 out of 50000
  Number of SOSL queries: 0 out of 20
  Number of DML statements: 0 out of 150
  Number of Publish Immediate DML: 0 out of 150
  Number of DML rows: 0 out of 10000
  Maximum CPU time: 0 out of 60000
  Maximum heap size: 0 out of 12000000
  Number of callouts: 0 out of 0
  Number of Email Invocations: 0 out of 10
  Number of future calls: 0 out of 50
  Number of queueable jobs added to the queue: 0 out of 1
  Number of Mobile Apex push calls: 0 out of 10

13:58:46.243 (2243874261)|LIMIT_USAGE_FOR_NS|SFSSDupeCatcher|
  Number of SOQL queries: 19 out of 200
  Number of query rows: 20 out of 50000
  Number of SOSL queries: 0 out of 20
  Number of DML statements: 0 out of 150
  Number of Publish Immediate DML: 0 out of 150
  Number of DML rows: 0 out of 10000
  Maximum CPU time: 0 out of 60000
  Maximum heap size: 0 out of 12000000
  Number of callouts: 0 out of 0
  Number of Email Invocations: 0 out of 10
  Number of future calls: 0 out of 50
  Number of queueable jobs added to the queue: 0 out of 1
  Number of Mobile Apex push calls: 0 out of 10

13:58:46.243 (2243874261)|LIMIT_USAGE_FOR_NS|slackv2|
  Number of SOQL queries: 1 out of 200
  Number of query rows: 1 out of 50000
  Number of SOSL queries: 0 out of 20
  Number of DML statements: 0 out of 150
  Number of Publish Immediate DML: 3 out of 150
  Number of DML rows: 0 out of 10000
  Maximum CPU time: 0 out of 60000
  Maximum heap size: 0 out of 12000000
  Number of callouts: 0 out of 0
  Number of Email Invocations: 0 out of 10
  Number of future calls: 0 out of 50
  Number of queueable jobs added to the queue: 0 out of 1
  Number of Mobile Apex push calls: 0 out of 10

13:58:46.243 (2243874261)|CUMULATIVE_LIMIT_USAGE_END

13:58:46.115 (2244090422)|CODE_UNIT_FINISHED|ChangeMerchantStatus on Account trigger event AfterUpdate|__sfdc_trigger/ChangeMerchantStatus
13:58:46.115 (2248432577)|CODE_UNIT_STARTED|[EXTERNAL]|01q1400000064lu|SendChangedStatusEmail on Account trigger event AfterUpdate|__sfdc_trigger/SendChangedStatusEmail
13:58:46.115 (2248466318)|HEAP_ALLOCATE|[EXTERNAL]|Bytes:8
13:58:46.115 (2248470728)|HEAP_ALLOCATE|[EXTERNAL]|Bytes:8
13:58:46.115 (2248561838)|HEAP_ALLOCATE|[EXTERNAL]|Bytes:8
13:58:46.115 (2248572518)|VARIABLE_SCOPE_BEGIN|[1]|this|SendChangedStatusEmail|true|false
13:58:46.115 (2248614168)|VARIABLE_ASSIGNMENT|[1]|this|{}|0x6313db31
13:58:46.115 (2248636079)|HEAP_ALLOCATE|[EXTERNAL]|Bytes:8
13:58:46.115 (2248639769)|VARIABLE_SCOPE_BEGIN|[1]|this|SendChangedStatusEmail|true|false
13:58:46.115 (2248646459)|VARIABLE_ASSIGNMENT|[1]|this|{}|0x6313db31
13:58:46.115 (2248649469)|STATEMENT_EXECUTE|[1]
13:58:46.115 (2248650479)|STATEMENT_EXECUTE|[3]
13:58:46.115 (2248661339)|HEAP_ALLOCATE|[3]|Bytes:4
13:58:46.115 (2248705389)|VARIABLE_ASSIGNMENT|[3]|this.accountMap|{}|0x6313db31
13:58:46.115 (2248760279)|HEAP_ALLOCATE|[6]|Bytes:5
13:58:46.115 (2248776049)|VARIABLE_SCOPE_BEGIN|[6]|acc|Account|true|false
13:58:46.115 (2251007192)|VARIABLE_ASSIGNMENT|[6]|acc|{"LastModifiedDate":"2026-08-28T13:58:46.000Z","MarketNetwork__c":false,"xt_Commerce_Opt_in_phone__c":false,"Currently_processing__c":false,"xt_Local_Store__c":false,"Simplex_Merchant__c":false,"S2P_Docs_Company_certificate__c":false,"NCP__c":false,"IsUpdate__c":false,"Duplicate__c":false,"Apply_Form_Completed__c":false,"No_Support_Page__c":false,"TAM__c":false,"VIP__c":false,"account6QA6sense__c":false,"AckRequestedXTPayments__c":false,"S2P_Merchant_agreement__c":false,"Name":"Syntech Solutions Kf (2 more) ...","Live_Account_Email_sent__c":false,"Sensitive_Account__c":false,"Strategic_Account__c":false,"Industry":"Unknown","IBT__c":false,"CreatedById":"005Pj00000cEmDOIA0","G2S__c":false,"Account_Owner__c":"Ivaylo Nikolov","HubSpot_Migration__c":false,"Gong__Gong_Count__c":1.00,"Login_For_Purchase__c":false,"GTSBilling__c":false,"Case_Sensitive_Id__c":"001Pj00001DndZjIAJ","Participates_in_affiliate_network__c":false,"S2P_Docs_Register_of_directors__c":false,"Premium_Account__c":false,"Welcome_Call_Done__c":false,"IsDeleted":false,"Temp_Field__c":false,"S2P_Test__c":false,"Automation_Error__c":false,"Partner__c":false,"Live_Safecharge_Opportunities__c":0,"automated_acc__c":false,"Service_Level_Standards__c":false,"CurrencyIsoCode":"USD","S2P_Docs_Bank_statement__c":false,"Processing_Account__c":false,"Safecharge__c":false,"CreatedDate":"2026-08-28T13:58:44.000Z","Enriched__c":false,"Id":"001Pj00001DndZjIAJ","Num_of_Declined_Opportunites__c":0,"IsPartner":false,"French_Speaker__c":false,"SFSSDupeCatcher__Override_DupeCatcher__c":false,"Approve_Account_Status__c":false,"Num_of_Live_Opportunites__c":0,"Using_an_affiliate_program__c":false,"automated__c":false,"Website":"http://cosmedicalsup (7 more) ...","ISV_Partner_Status__c":false,"Is_Paya_Providing_L1_Customer_Support__c":false,"Support_Metal__c":"Bronze","self_created__c":false,"S2P_Test_Platform__c":false,"Verified__c":false,"Currency__c":"EURO","sw_connector__swEnrichWithSW__c":false,"Live_Company_Profile__c":0,"S2P_Merchant_Review_Updates__c":false,"OwnerId":"00530000006NODJAA4","Expected_Monthly_Volume_Total__c":0,"Phone":"+18553106344","S2P_Marketplace__c":false,"Account_Operations_Support__c":false,"Opportunity_record_type_SafeCharge_stage__c":"In Pre-Approval","project__c":"g2s","XTPayments__c":false,"Share__c":false,"Account_Merchant_Tier__c":"Tier 3","Number_of_opps__c":0,"IsCustomerPortal":false,"xt_Commerce_Opt_in_email__c":false,"Optimized__c":false,"Logo_Usage__c":false,"Support_Sensitive__c":false,"Support_Level__c":"Enterprise","Client_s_tier__c":"3","SystemModstamp":"2026-08-28T13:58:46.000Z","AccountNumber":"01-09-409373","Merchant_Classification__c":"General","Owenrship__c":false,"Accepted_xt_Commerce_EULA__c":false,"Monetization__c":false,"Change_Account_Status__c":false,"Type":"Merchant","LastModifiedById":"005Pj00000cEmDOIA0"}|0x7196f469
13:58:46.115 (2251023813)|STATEMENT_EXECUTE|[7]
13:58:46.115 (2251084523)|STATEMENT_EXECUTE|[8]
13:58:46.115 (2251095713)|HEAP_ALLOCATE|[6]|Bytes:5
13:58:46.115 (2251107813)|VARIABLE_ASSIGNMENT|[6]|acc|null|
13:58:46.115 (2251123453)|STATEMENT_EXECUTE|[13]
13:58:46.251 (2251127863)|CUMULATIVE_LIMIT_USAGE
13:58:46.251 (2251127863)|LIMIT_USAGE_FOR_NS|(default)|
  Number of SOQL queries: 8 out of 200
  Number of query rows: 6 out of 50000
  Number of SOSL queries: 0 out of 20
  Number of DML statements: 4 out of 150
  Number of Publish Immediate DML: 0 out of 150
  Number of DML rows: 6 out of 10000
  Maximum CPU time: 421 out of 60000
  Maximum heap size: 0 out of 12000000
  Number of callouts: 0 out of 0
  Number of Email Invocations: 0 out of 10
  Number of future calls: 0 out of 50
  Number of queueable jobs added to the queue: 0 out of 1
  Number of Mobile Apex push calls: 0 out of 10

13:58:46.251 (2251127863)|LIMIT_USAGE_FOR_NS|MC4SF|
  Number of SOQL queries: 1 out of 200
  Number of query rows: 0 out of 50000
  Number of SOSL queries: 0 out of 20
  Number of DML statements: 0 out of 150
  Number of Publish Immediate DML: 0 out of 150
  Number of DML rows: 0 out of 10000
  Maximum CPU time: 0 out of 60000
  Maximum heap size: 0 out of 12000000
  Number of callouts: 0 out of 0
  Number of Email Invocations: 0 out of 10
  Number of future calls: 0 out of 50
  Number of queueable jobs added to the queue: 0 out of 1
  Number of Mobile Apex push calls: 0 out of 10

13:58:46.251 (2251127863)|LIMIT_USAGE_FOR_NS|pw_cc|
  Number of SOQL queries: 1 out of 200
  Number of query rows: 0 out of 50000
  Number of SOSL queries: 0 out of 20
  Number of DML statements: 0 out of 150
  Number of Publish Immediate DML: 0 out of 150
  Number of DML rows: 0 out of 10000
  Maximum CPU time: 0 out of 60000
  Maximum heap size: 0 out of 12000000
  Number of callouts: 0 out of 0
  Number of Email Invocations: 0 out of 10
  Number of future calls: 0 out of 50
  Number of queueable jobs added to the queue: 0 out of 1
  Number of Mobile Apex push calls: 0 out of 10

13:58:46.251 (2251127863)|LIMIT_USAGE_FOR_NS|SFSSDupeCatcher|
  Number of SOQL queries: 19 out of 200
  Number of query rows: 20 out of 50000
  Number of SOSL queries: 0 out of 20
  Number of DML statements: 0 out of 150
  Number of Publish Immediate DML: 0 out of 150
  Number of DML rows: 0 out of 10000
  Maximum CPU time: 0 out of 60000
  Maximum heap size: 0 out of 12000000
  Number of callouts: 0 out of 0
  Number of Email Invocations: 0 out of 10
  Number of future calls: 0 out of 50
  Number of queueable jobs added to the queue: 0 out of 1
  Number of Mobile Apex push calls: 0 out of 10

13:58:46.251 (2251127863)|LIMIT_USAGE_FOR_NS|slackv2|
  Number of SOQL queries: 1 out of 200
  Number of query rows: 1 out of 50000
  Number of SOSL queries: 0 out of 20
  Number of DML statements: 0 out of 150
  Number of Publish Immediate DML: 3 out of 150
  Number of DML rows: 0 out of 10000
  Maximum CPU time: 0 out of 60000
  Maximum heap size: 0 out of 12000000
  Number of callouts: 0 out of 0
  Number of Email Invocations: 0 out of 10
  Number of future calls: 0 out of 50
  Number of queueable jobs added to the queue: 0 out of 1
  Number of Mobile Apex push calls: 0 out of 10

13:58:46.251 (2251127863)|CUMULATIVE_LIMIT_USAGE_END

13:58:46.115 (2251319244)|CODE_UNIT_FINISHED|SendChangedStatusEmail on Account trigger event AfterUpdate|__sfdc_trigger/SendChangedStatusEmail
13:58:46.252 (2252508291)|ENTERING_MANAGED_PKG|MC4SF
13:58:46.252 (2252593852)|ENTERING_MANAGED_PKG|MC4SF
13:58:46.252 (2253917900)|ENTERING_MANAGED_PKG|MC4SF
13:58:46.255 (2255944742)|CUMULATIVE_LIMIT_USAGE
13:58:46.255 (2255944742)|LIMIT_USAGE_FOR_NS|(default)|
  Number of SOQL queries: 8 out of 200
  Number of query rows: 6 out of 50000
  Number of SOSL queries: 0 out of 20
  Number of DML statements: 4 out of 150
  Number of Publish Immediate DML: 0 out of 150
  Number of DML rows: 6 out of 10000
  Maximum CPU time: 421 out of 60000
  Maximum heap size: 0 out of 12000000
  Number of callouts: 0 out of 0
  Number of Email Invocations: 0 out of 10
  Number of future calls: 0 out of 50
  Number of queueable jobs added to the queue: 0 out of 1
  Number of Mobile Apex push calls: 0 out of 10

13:58:46.255 (2255944742)|LIMIT_USAGE_FOR_NS|MC4SF|
  Number of SOQL queries: 1 out of 200
  Number of query rows: 0 out of 50000
  Number of SOSL queries: 0 out of 20
  Number of DML statements: 0 out of 150
  Number of Publish Immediate DML: 0 out of 150
  Number of DML rows: 0 out of 10000
  Maximum CPU time: 0 out of 60000
  Maximum heap size: 0 out of 12000000
  Number of callouts: 0 out of 0
  Number of Email Invocations: 0 out of 10
  Number of future calls: 0 out of 50
  Number of queueable jobs added to the queue: 0 out of 1
  Number of Mobile Apex push calls: 0 out of 10

13:58:46.255 (2255944742)|LIMIT_USAGE_FOR_NS|pw_cc|
  Number of SOQL queries: 1 out of 200
  Number of query rows: 0 out of 50000
  Number of SOSL queries: 0 out of 20
  Number of DML statements: 0 out of 150
  Number of Publish Immediate DML: 0 out of 150
  Number of DML rows: 0 out of 10000
  Maximum CPU time: 0 out of 60000
  Maximum heap size: 0 out of 12000000
  Number of callouts: 0 out of 0
  Number of Email Invocations: 0 out of 10
  Number of future calls: 0 out of 50
  Number of queueable jobs added to the queue: 0 out of 1
  Number of Mobile Apex push calls: 0 out of 10

13:58:46.255 (2255944742)|LIMIT_USAGE_FOR_NS|SFSSDupeCatcher|
  Number of SOQL queries: 19 out of 200
  Number of query rows: 20 out of 50000
  Number of SOSL queries: 0 out of 20
  Number of DML statements: 0 out of 150
  Number of Publish Immediate DML: 0 out of 150
  Number of DML rows: 0 out of 10000
  Maximum CPU time: 0 out of 60000
  Maximum heap size: 0 out of 12000000
  Number of callouts: 0 out of 0
  Number of Email Invocations: 0 out of 10
  Number of future calls: 0 out of 50
  Number of queueable jobs added to the queue: 0 out of 1
  Number of Mobile Apex push calls: 0 out of 10

13:58:46.255 (2255944742)|LIMIT_USAGE_FOR_NS|slackv2|
  Number of SOQL queries: 1 out of 200
  Number of query rows: 1 out of 50000
  Number of SOSL queries: 0 out of 20
  Number of DML statements: 0 out of 150
  Number of Publish Immediate DML: 3 out of 150
  Number of DML rows: 0 out of 10000
  Maximum CPU time: 0 out of 60000
  Maximum heap size: 0 out of 12000000
  Number of callouts: 0 out of 0
  Number of Email Invocations: 0 out of 10
  Number of future calls: 0 out of 50
  Number of queueable jobs added to the queue: 0 out of 1
  Number of Mobile Apex push calls: 0 out of 10

13:58:46.255 (2255944742)|CUMULATIVE_LIMIT_USAGE_END

13:58:46.257 (2257422611)|ENTERING_MANAGED_PKG|SFSSDupeCatcher
13:58:46.257 (2257482771)|ENTERING_MANAGED_PKG|SFSSDupeCatcher
13:58:46.257 (2257681192)|ENTERING_MANAGED_PKG|SFSSDupeCatcher
13:58:46.257 (2257735422)|ENTERING_MANAGED_PKG|SFSSDupeCatcher
13:58:46.257 (2257793723)|ENTERING_MANAGED_PKG|SFSSDupeCatcher
13:58:46.257 (2257810723)|ENTERING_MANAGED_PKG|SFSSDupeCatcher
13:58:46.257 (2257818193)|ENTERING_MANAGED_PKG|SFSSDupeCatcher
13:58:46.257 (2257843513)|ENTERING_MANAGED_PKG|SFSSDupeCatcher
13:58:46.257 (2258209235)|SOQL_EXECUTE_BEGIN|[3131]|Aggregations:0|SELECT body, name FROM StaticResource WHERE Name = :tmpVar1 LIMIT 1
13:58:46.257 (2265194977)|SOQL_EXECUTE_END|[3131]|Rows:0
13:58:46.257 (2265364718)|ENTERING_MANAGED_PKG|SFSSDupeCatcher
13:58:46.257 (2265477718)|ENTERING_MANAGED_PKG|SFSSDupeCatcher
13:58:46.257 (2265959881)|ENTERING_MANAGED_PKG|SFSSDupeCatcher
13:58:46.257 (2265986071)|ENTERING_MANAGED_PKG|SFSSDupeCatcher
13:58:46.257 (2266074632)|ENTERING_MANAGED_PKG|SFSSDupeCatcher
13:58:46.257 (2266295423)|ENTERING_MANAGED_PKG|SFSSDupeCatcher
13:58:46.257 (2266335813)|ENTERING_MANAGED_PKG|SFSSDupeCatcher
13:58:46.257 (2266346983)|ENTERING_MANAGED_PKG|SFSSDupeCatcher
13:58:46.257 (2266430874)|ENTERING_MANAGED_PKG|SFSSDupeCatcher
13:58:46.257 (2266444774)|ENTERING_MANAGED_PKG|SFSSDupeCatcher
13:58:46.257 (2266453144)|ENTERING_MANAGED_PKG|SFSSDupeCatcher
13:58:46.257 (2266509254)|ENTERING_MANAGED_PKG|SFSSDupeCatcher
13:58:46.257 (2266742326)|SOQL_EXECUTE_BEGIN|[3131]|Aggregations:0|SELECT body, name FROM StaticResource WHERE Name = :tmpVar1 LIMIT 1
13:58:46.257 (2272770871)|SOQL_EXECUTE_END|[3131]|Rows:0
13:58:46.257 (2272911972)|ENTERING_MANAGED_PKG|SFSSDupeCatcher
13:58:46.257 (2273012112)|ENTERING_MANAGED_PKG|SFSSDupeCatcher
13:58:46.257 (2273300724)|ENTERING_MANAGED_PKG|SFSSDupeCatcher
13:58:46.257 (2273335164)|ENTERING_MANAGED_PKG|SFSSDupeCatcher
13:58:46.257 (2273346804)|ENTERING_MANAGED_PKG|SFSSDupeCatcher
13:58:46.257 (2273397795)|ENTERING_MANAGED_PKG|SFSSDupeCatcher
13:58:46.257 (2273412835)|ENTERING_MANAGED_PKG|SFSSDupeCatcher
13:58:46.257 (2273489255)|ENTERING_MANAGED_PKG|SFSSDupeCatcher
13:58:46.257 (2273502675)|ENTERING_MANAGED_PKG|SFSSDupeCatcher
13:58:46.257 (2273511355)|ENTERING_MANAGED_PKG|SFSSDupeCatcher
13:58:46.257 (2273557276)|ENTERING_MANAGED_PKG|SFSSDupeCatcher
13:58:46.257 (2273816637)|SOQL_EXECUTE_BEGIN|[3131]|Aggregations:0|SELECT body, name FROM StaticResource WHERE Name = :tmpVar1 LIMIT 1
13:58:46.257 (2276874325)|SOQL_EXECUTE_END|[3131]|Rows:0
13:58:46.257 (2276972836)|ENTERING_MANAGED_PKG|SFSSDupeCatcher
13:58:46.257 (2277050597)|ENTERING_MANAGED_PKG|SFSSDupeCatcher
13:58:46.257 (2277289438)|ENTERING_MANAGED_PKG|SFSSDupeCatcher
13:58:46.257 (2277328938)|ENTERING_MANAGED_PKG|SFSSDupeCatcher
13:58:46.257 (2277354528)|ENTERING_MANAGED_PKG|SFSSDupeCatcher
13:58:46.257 (2277386599)|ENTERING_MANAGED_PKG|SFSSDupeCatcher
13:58:46.257 (2277453259)|ENTERING_MANAGED_PKG|SFSSDupeCatcher
13:58:46.257 (2278139233)|SOQL_EXECUTE_BEGIN|[214]|Aggregations:0|SELECT Id, Name, Match_On_Insert_Action__c, Match_On_Update_Action__c, Create_Tasks_for_Warnings__c, Blocked_Duplicates__c, Merged_Duplicates__C, Converted_Duplicates__c, Error_Message__c, Scenario_Type__c, Deployed__c, Bypass_Security__c, Person_Account_Filter__c, OwnerID, CreatedById FROM Scenario__c WHERE Deployed__c = TRUE LIMIT 100
13:58:46.257 (2281614824)|SOQL_EXECUTE_END|[214]|Rows:3
13:58:46.257 (2281809665)|ENTERING_MANAGED_PKG|SFSSDupeCatcher
13:58:46.257 (2281824805)|ENTERING_MANAGED_PKG|SFSSDupeCatcher
13:58:46.257 (2281861485)|ENTERING_MANAGED_PKG|SFSSDupeCatcher
13:58:46.257 (2281887145)|ENTERING_MANAGED_PKG|SFSSDupeCatcher
13:58:46.257 (2282378958)|SOQL_EXECUTE_BEGIN|[34]|Aggregations:0|SELECT Name, Id, Mapping_Approach__c, Match_Field__c, Target_Match_Field__c, First_N_Letters__c, Match_Blanks__c, Scenario__c FROM Scenario_Rule__c LIMIT :tmpVar1
13:58:46.257 (2285418736)|SOQL_EXECUTE_END|[34]|Rows:7
13:58:46.257 (2286209211)|ENTERING_MANAGED_PKG|SFSSDupeCatcher
13:58:46.257 (2286466372)|ENTERING_MANAGED_PKG|SFSSDupeCatcher
13:58:46.257 (2286489892)|ENTERING_MANAGED_PKG|SFSSDupeCatcher
13:58:46.257 (2286552013)|ENTERING_MANAGED_PKG|SFSSDupeCatcher
13:58:46.257 (2286563333)|ENTERING_MANAGED_PKG|SFSSDupeCatcher
13:58:46.257 (2286620283)|ENTERING_MANAGED_PKG|SFSSDupeCatcher
13:58:46.257 (2286631243)|ENTERING_MANAGED_PKG|SFSSDupeCatcher
13:58:46.257 (2286673033)|ENTERING_MANAGED_PKG|SFSSDupeCatcher
13:58:46.257 (2286711854)|ENTERING_MANAGED_PKG|SFSSDupeCatcher
13:58:46.257 (2286725134)|ENTERING_MANAGED_PKG|SFSSDupeCatcher
13:58:46.257 (2286734204)|ENTERING_MANAGED_PKG|SFSSDupeCatcher
13:58:46.257 (2286780144)|ENTERING_MANAGED_PKG|SFSSDupeCatcher
13:58:46.257 (2287048136)|SOQL_EXECUTE_BEGIN|[3131]|Aggregations:0|SELECT body, name FROM StaticResource WHERE Name = :tmpVar1 LIMIT 1
13:58:46.257 (2292081415)|SOQL_EXECUTE_END|[3131]|Rows:0
13:58:46.257 (2292223776)|ENTERING_MANAGED_PKG|SFSSDupeCatcher
13:58:46.257 (2292327356)|ENTERING_MANAGED_PKG|SFSSDupeCatcher
13:58:46.292 (2292720969)|CUMULATIVE_LIMIT_USAGE
13:58:46.292 (2292720969)|LIMIT_USAGE_FOR_NS|(default)|
  Number of SOQL queries: 8 out of 200
  Number of query rows: 6 out of 50000
  Number of SOSL queries: 0 out of 20
  Number of DML statements: 4 out of 150
  Number of Publish Immediate DML: 0 out of 150
  Number of DML rows: 6 out of 10000
  Maximum CPU time: 449 out of 60000
  Maximum heap size: 0 out of 12000000
  Number of callouts: 0 out of 0
  Number of Email Invocations: 0 out of 10
  Number of future calls: 0 out of 50
  Number of queueable jobs added to the queue: 0 out of 1
  Number of Mobile Apex push calls: 0 out of 10

13:58:46.292 (2292720969)|LIMIT_USAGE_FOR_NS|MC4SF|
  Number of SOQL queries: 1 out of 200
  Number of query rows: 0 out of 50000
  Number of SOSL queries: 0 out of 20
  Number of DML statements: 0 out of 150
  Number of Publish Immediate DML: 0 out of 150
  Number of DML rows: 0 out of 10000
  Maximum CPU time: 0 out of 60000
  Maximum heap size: 0 out of 12000000
  Number of callouts: 0 out of 0
  Number of Email Invocations: 0 out of 10
  Number of future calls: 0 out of 50
  Number of queueable jobs added to the queue: 0 out of 1
  Number of Mobile Apex push calls: 0 out of 10

13:58:46.292 (2292720969)|LIMIT_USAGE_FOR_NS|pw_cc|
  Number of SOQL queries: 1 out of 200
  Number of query rows: 0 out of 50000
  Number of SOSL queries: 0 out of 20
  Number of DML statements: 0 out of 150
  Number of Publish Immediate DML: 0 out of 150
  Number of DML rows: 0 out of 10000
  Maximum CPU time: 0 out of 60000
  Maximum heap size: 0 out of 12000000
  Number of callouts: 0 out of 0
  Number of Email Invocations: 0 out of 10
  Number of future calls: 0 out of 50
  Number of queueable jobs added to the queue: 0 out of 1
  Number of Mobile Apex push calls: 0 out of 10

13:58:46.292 (2292720969)|LIMIT_USAGE_FOR_NS|SFSSDupeCatcher|
  Number of SOQL queries: 25 out of 200
  Number of query rows: 30 out of 50000
  Number of SOSL queries: 0 out of 20
  Number of DML statements: 0 out of 150
  Number of Publish Immediate DML: 0 out of 150
  Number of DML rows: 0 out of 10000
  Maximum CPU time: 0 out of 60000
  Maximum heap size: 0 out of 12000000
  Number of callouts: 0 out of 0
  Number of Email Invocations: 0 out of 10
  Number of future calls: 0 out of 50
  Number of queueable jobs added to the queue: 0 out of 1
  Number of Mobile Apex push calls: 0 out of 10

13:58:46.292 (2292720969)|LIMIT_USAGE_FOR_NS|slackv2|
  Number of SOQL queries: 1 out of 200
  Number of query rows: 1 out of 50000
  Number of SOSL queries: 0 out of 20
  Number of DML statements: 0 out of 150
  Number of Publish Immediate DML: 3 out of 150
  Number of DML rows: 0 out of 10000
  Maximum CPU time: 0 out of 60000
  Maximum heap size: 0 out of 12000000
  Number of callouts: 0 out of 0
  Number of Email Invocations: 0 out of 10
  Number of future calls: 0 out of 50
  Number of queueable jobs added to the queue: 0 out of 1
  Number of Mobile Apex push calls: 0 out of 10

13:58:46.292 (2292720969)|CUMULATIVE_LIMIT_USAGE_END

13:58:46.293 (2293955036)|ENTERING_MANAGED_PKG|slackv2
13:58:46.293 (2294106657)|ENTERING_MANAGED_PKG|slackv2
13:58:46.293 (2295404485)|ENTERING_MANAGED_PKG|slackv2
13:58:46.293 (2295723767)|ENTERING_MANAGED_PKG|slackv2
13:58:46.293 (2295815857)|ENTERING_MANAGED_PKG|slackv2
13:58:46.293 (2636175317)|ENTERING_MANAGED_PKG|slackv2
13:58:46.293 (2636216107)|ENTERING_MANAGED_PKG|slackv2
13:58:46.293 (2636283698)|ENTERING_MANAGED_PKG|slackv2
13:58:46.293 (2636340048)|ENTERING_MANAGED_PKG|slackv2
13:58:46.293 (2636349958)|ENTERING_MANAGED_PKG|slackv2
13:58:46.293 (2636468839)|ENTERING_MANAGED_PKG|slackv2
13:58:46.293 (2636517219)|ENTERING_MANAGED_PKG|slackv2
13:58:46.293 (2636714370)|VARIABLE_ASSIGNMENT|[EXTERNAL]|this|"common.apex.runtime.impl.ExecutionException"|0x4cef2a87
13:58:46.293 (2636726690)|VARIABLE_ASSIGNMENT|[EXTERNAL]|message|"Insufficient \"Read\"  (31 more) ..."
13:58:46.293 (2636745700)|VARIABLE_ASSIGNMENT|[EXTERNAL]|cause|"common.apex.runtime.impl.ExecutionException: Script-thrown exception"|0x34013879
13:58:46.293 (2636769431)|HEAP_ALLOCATE|[820]|Bytes:19
13:58:46.293 (2636774431)|HEAP_ALLOCATE|[820]|Bytes:16
13:58:46.293 (2636775991)|HEAP_ALLOCATE|[820]|Bytes:19
13:58:46.293 (2636781411)|HEAP_ALLOCATE|[820]|Bytes:19
13:58:46.293 (2636785621)|HEAP_ALLOCATE|[820]|Bytes:16
13:58:46.293 (2636786631)|HEAP_ALLOCATE|[820]|Bytes:19
13:58:46.293 (2636788211)|HEAP_ALLOCATE|[820]|Bytes:19
13:58:46.293 (2636789221)|HEAP_ALLOCATE|[820]|Bytes:6
13:58:46.293 (2636790201)|HEAP_ALLOCATE|[820]|Bytes:19
13:58:46.293 (2636791561)|HEAP_ALLOCATE|[820]|Bytes:19
13:58:46.293 (2636792511)|HEAP_ALLOCATE|[820]|Bytes:6
13:58:46.293 (2636793511)|HEAP_ALLOCATE|[820]|Bytes:19
13:58:46.293 (2636795141)|HEAP_ALLOCATE|[820]|Bytes:24
13:58:46.293 (2636796101)|HEAP_ALLOCATE|[820]|Bytes:6
13:58:46.293 (2636797071)|HEAP_ALLOCATE|[820]|Bytes:24
13:58:46.293 (2636798351)|HEAP_ALLOCATE|[820]|Bytes:34
13:58:46.293 (2636799331)|HEAP_ALLOCATE|[820]|Bytes:6
13:58:46.293 (2636800291)|HEAP_ALLOCATE|[820]|Bytes:34
13:58:46.293 (2636801571)|HEAP_ALLOCATE|[820]|Bytes:18
13:58:46.293 (2636802631)|HEAP_ALLOCATE|[820]|Bytes:14
13:58:46.293 (2636803621)|HEAP_ALLOCATE|[820]|Bytes:18
13:58:46.293 (2636804931)|HEAP_ALLOCATE|[820]|Bytes:18
13:58:46.293 (2636806031)|HEAP_ALLOCATE|[820]|Bytes:44
13:58:46.293 (2636806991)|HEAP_ALLOCATE|[820]|Bytes:18
13:58:46.293 (2636808271)|HEAP_ALLOCATE|[820]|Bytes:18
13:58:46.293 (2636809271)|HEAP_ALLOCATE|[820]|Bytes:78
13:58:46.293 (2636810211)|HEAP_ALLOCATE|[820]|Bytes:18
13:58:46.293 (2636811491)|HEAP_ALLOCATE|[820]|Bytes:18
13:58:46.293 (2636812581)|HEAP_ALLOCATE|[820]|Bytes:70
13:58:46.293 (2636813531)|HEAP_ALLOCATE|[820]|Bytes:18
13:58:46.293 (2636814941)|HEAP_ALLOCATE|[820]|Bytes:26
13:58:46.293 (2636816041)|HEAP_ALLOCATE|[820]|Bytes:11
13:58:46.293 (2636817001)|HEAP_ALLOCATE|[820]|Bytes:26
13:58:46.293 (2636818411)|HEAP_ALLOCATE|[820]|Bytes:26
13:58:46.293 (2636819491)|HEAP_ALLOCATE|[820]|Bytes:14
13:58:46.293 (2636820451)|HEAP_ALLOCATE|[820]|Bytes:26
13:58:46.293 (2636821841)|HEAP_ALLOCATE|[820]|Bytes:17
13:58:46.293 (2636822921)|HEAP_ALLOCATE|[820]|Bytes:109
13:58:46.293 (2636823961)|HEAP_ALLOCATE|[820]|Bytes:17
13:58:46.293 (2636825361)|HEAP_ALLOCATE|[820]|Bytes:30
13:58:46.293 (2636826441)|HEAP_ALLOCATE|[820]|Bytes:6
13:58:46.293 (2636827431)|HEAP_ALLOCATE|[820]|Bytes:30
13:58:46.293 (2636932232)|ENTERING_MANAGED_PKG|slackv2
13:58:46.293 (2637044502)|ENTERING_MANAGED_PKG|slackv2
13:58:46.293 (2637200553)|DML_BEGIN|[186]|Op:Insert|Type:slackv2__Subscription_Error__e|Rows:1
13:58:46.293 (2642990147)|DML_END|[186]
13:58:46.643 (2643058117)|CUMULATIVE_LIMIT_USAGE
13:58:46.643 (2643058117)|LIMIT_USAGE_FOR_NS|(default)|
  Number of SOQL queries: 8 out of 200
  Number of query rows: 6 out of 50000
  Number of SOSL queries: 0 out of 20
  Number of DML statements: 4 out of 150
  Number of Publish Immediate DML: 0 out of 150
  Number of DML rows: 6 out of 10000
  Maximum CPU time: 486 out of 60000
  Maximum heap size: 0 out of 12000000
  Number of callouts: 0 out of 0
  Number of Email Invocations: 0 out of 10
  Number of future calls: 0 out of 50
  Number of queueable jobs added to the queue: 0 out of 1
  Number of Mobile Apex push calls: 0 out of 10

13:58:46.643 (2643058117)|LIMIT_USAGE_FOR_NS|MC4SF|
  Number of SOQL queries: 1 out of 200
  Number of query rows: 0 out of 50000
  Number of SOSL queries: 0 out of 20
  Number of DML statements: 0 out of 150
  Number of Publish Immediate DML: 0 out of 150
  Number of DML rows: 0 out of 10000
  Maximum CPU time: 0 out of 60000
  Maximum heap size: 0 out of 12000000
  Number of callouts: 0 out of 0
  Number of Email Invocations: 0 out of 10
  Number of future calls: 0 out of 50
  Number of queueable jobs added to the queue: 0 out of 1
  Number of Mobile Apex push calls: 0 out of 10

13:58:46.643 (2643058117)|LIMIT_USAGE_FOR_NS|pw_cc|
  Number of SOQL queries: 1 out of 200
  Number of query rows: 0 out of 50000
  Number of SOSL queries: 0 out of 20
  Number of DML statements: 0 out of 150
  Number of Publish Immediate DML: 0 out of 150
  Number of DML rows: 0 out of 10000
  Maximum CPU time: 0 out of 60000
  Maximum heap size: 0 out of 12000000
  Number of callouts: 0 out of 0
  Number of Email Invocations: 0 out of 10
  Number of future calls: 0 out of 50
  Number of queueable jobs added to the queue: 0 out of 1
  Number of Mobile Apex push calls: 0 out of 10

13:58:46.643 (2643058117)|LIMIT_USAGE_FOR_NS|SFSSDupeCatcher|
  Number of SOQL queries: 25 out of 200
  Number of query rows: 30 out of 50000
  Number of SOSL queries: 0 out of 20
  Number of DML statements: 0 out of 150
  Number of Publish Immediate DML: 0 out of 150
  Number of DML rows: 0 out of 10000
  Maximum CPU time: 0 out of 60000
  Maximum heap size: 0 out of 12000000
  Number of callouts: 0 out of 0
  Number of Email Invocations: 0 out of 10
  Number of future calls: 0 out of 50
  Number of queueable jobs added to the queue: 0 out of 1
  Number of Mobile Apex push calls: 0 out of 10

13:58:46.643 (2643058117)|LIMIT_USAGE_FOR_NS|slackv2|
  Number of SOQL queries: 1 out of 200
  Number of query rows: 1 out of 50000
  Number of SOSL queries: 0 out of 20
  Number of DML statements: 0 out of 150
  Number of Publish Immediate DML: 4 out of 150
  Number of DML rows: 0 out of 10000
  Maximum CPU time: 0 out of 60000
  Maximum heap size: 0 out of 12000000
  Number of callouts: 0 out of 0
  Number of Email Invocations: 0 out of 10
  Number of future calls: 0 out of 50
  Number of queueable jobs added to the queue: 0 out of 1
  Number of Mobile Apex push calls: 0 out of 10

13:58:46.643 (2643058117)|CUMULATIVE_LIMIT_USAGE_END

13:58:46.644 (2644363365)|ENTERING_MANAGED_PKG|sw_connector
13:58:46.644 (2644496176)|ENTERING_MANAGED_PKG|sw_connector
13:58:46.644 (2644640637)|ENTERING_MANAGED_PKG|sw_connector
13:58:46.645 (2645302851)|CUMULATIVE_LIMIT_USAGE
13:58:46.645 (2645302851)|LIMIT_USAGE_FOR_NS|(default)|
  Number of SOQL queries: 8 out of 200
  Number of query rows: 6 out of 50000
  Number of SOSL queries: 0 out of 20
  Number of DML statements: 4 out of 150
  Number of Publish Immediate DML: 0 out of 150
  Number of DML rows: 6 out of 10000
  Maximum CPU time: 486 out of 60000
  Maximum heap size: 0 out of 12000000
  Number of callouts: 0 out of 0
  Number of Email Invocations: 0 out of 10
  Number of future calls: 0 out of 50
  Number of queueable jobs added to the queue: 0 out of 1
  Number of Mobile Apex push calls: 0 out of 10

13:58:46.645 (2645302851)|LIMIT_USAGE_FOR_NS|MC4SF|
  Number of SOQL queries: 1 out of 200
  Number of query rows: 0 out of 50000
  Number of SOSL queries: 0 out of 20
  Number of DML statements: 0 out of 150
  Number of Publish Immediate DML: 0 out of 150
  Number of DML rows: 0 out of 10000
  Maximum CPU time: 0 out of 60000
  Maximum heap size: 0 out of 12000000
  Number of callouts: 0 out of 0
  Number of Email Invocations: 0 out of 10
  Number of future calls: 0 out of 50
  Number of queueable jobs added to the queue: 0 out of 1
  Number of Mobile Apex push calls: 0 out of 10

13:58:46.645 (2645302851)|LIMIT_USAGE_FOR_NS|pw_cc|
  Number of SOQL queries: 1 out of 200
  Number of query rows: 0 out of 50000
  Number of SOSL queries: 0 out of 20
  Number of DML statements: 0 out of 150
  Number of Publish Immediate DML: 0 out of 150
  Number of DML rows: 0 out of 10000
  Maximum CPU time: 0 out of 60000
  Maximum heap size: 0 out of 12000000
  Number of callouts: 0 out of 0
  Number of Email Invocations: 0 out of 10
  Number of future calls: 0 out of 50
  Number of queueable jobs added to the queue: 0 out of 1
  Number of Mobile Apex push calls: 0 out of 10

13:58:46.645 (2645302851)|LIMIT_USAGE_FOR_NS|SFSSDupeCatcher|
  Number of SOQL queries: 25 out of 200
  Number of query rows: 30 out of 50000
  Number of SOSL queries: 0 out of 20
  Number of DML statements: 0 out of 150
  Number of Publish Immediate DML: 0 out of 150
  Number of DML rows: 0 out of 10000
  Maximum CPU time: 0 out of 60000
  Maximum heap size: 0 out of 12000000
  Number of callouts: 0 out of 0
  Number of Email Invocations: 0 out of 10
  Number of future calls: 0 out of 50
  Number of queueable jobs added to the queue: 0 out of 1
  Number of Mobile Apex push calls: 0 out of 10

13:58:46.645 (2645302851)|LIMIT_USAGE_FOR_NS|slackv2|
  Number of SOQL queries: 1 out of 200
  Number of query rows: 1 out of 50000
  Number of SOSL queries: 0 out of 20
  Number of DML statements: 0 out of 150
  Number of Publish Immediate DML: 4 out of 150
  Number of DML rows: 0 out of 10000
  Maximum CPU time: 0 out of 60000
  Maximum heap size: 0 out of 12000000
  Number of callouts: 0 out of 0
  Number of Email Invocations: 0 out of 10
  Number of future calls: 0 out of 50
  Number of queueable jobs added to the queue: 0 out of 1
  Number of Mobile Apex push calls: 0 out of 10

13:58:46.645 (2645302851)|CUMULATIVE_LIMIT_USAGE_END

13:58:46.115 (2645611243)|CODE_UNIT_STARTED|[EXTERNAL]|Workflow:Account
13:58:46.115 (2654163334)|WF_RULE_EVAL_BEGIN|Workflow
13:58:46.115 (2654225634)|WF_CRITERIA_BEGIN|[Account: Syntech Solutions Kft. 001Pj00001DndZj]|Account Creation|01Q30000000IkbR|ON_CREATE_ONLY|0
13:58:46.115 (2654250374)|WF_RULE_NOT_EVALUATED
13:58:46.115 (2654257834)|WF_CRITERIA_BEGIN|[Account: Syntech Solutions Kft. 001Pj00001DndZj]|Live Account|01Q30000000IoMI|ON_CREATE_OR_TRIGGERING_UPDATE|0
13:58:46.115 (2654317134)|WF_RULE_FILTER|[Account : Num of Live Opportunites equals 1.0] 
AND [Account : Num of Declined Opportunites equals 0.0]
13:58:46.115 (2654322994)|WF_RULE_EVAL_VALUE|0
13:58:46.115 (2654335125)|WF_CRITERIA_END|false
13:58:46.115 (2654355315)|WF_CRITERIA_BEGIN|[Account: Syntech Solutions Kft. 001Pj00001DndZj]|Xtpayments: Notify new account manager when updated|01Q30000000J2JQ|ON_ALL_CHANGES|0
13:58:46.115 (2654504876)|WF_FORMULA|Formula:ENCODED:[treatNullAsNull]ISCHANGED( {!ID:00N30000008sDfB} )|Values:XTPayments_Account_Manager__c=null
13:58:46.115 (2654510536)|WF_CRITERIA_END|false
13:58:46.115 (2654520416)|WF_CRITERIA_BEGIN|[Account: Syntech Solutions Kft. 001Pj00001DndZj]|Update Account Type-Affiliate/Publisher|01Q30000000J3dy|ON_CREATE_ONLY|0
13:58:46.115 (2654525076)|WF_RULE_NOT_EVALUATED
13:58:46.115 (2654528926)|WF_CRITERIA_BEGIN|[Account: Syntech Solutions Kft. 001Pj00001DndZj]|Closed Account|01Q30000000IoMN|ON_CREATE_OR_TRIGGERING_UPDATE|0
13:58:46.115 (2654545326)|WF_RULE_FILTER|[Account : Num of Live Opportunites equals 0.0] 
AND [Account : Num of Declined Opportunites equals 1.0]
13:58:46.115 (2654548006)|WF_RULE_EVAL_VALUE|0
13:58:46.115 (2654549756)|WF_RULE_EVAL_VALUE|0
13:58:46.115 (2654551326)|WF_CRITERIA_END|false
13:58:46.115 (2654555546)|WF_CRITERIA_BEGIN|[Account: Syntech Solutions Kft. 001Pj00001DndZj]|Update Account Type-Reseller/Partner|01Q30000000J3e3|ON_CREATE_ONLY|0
13:58:46.115 (2654558626)|WF_RULE_NOT_EVALUATED
13:58:46.115 (2654562196)|WF_CRITERIA_BEGIN|[Account: Syntech Solutions Kft. 001Pj00001DndZj]|Update Account Type-Advertiser/Reseller|01Q30000000J3do|ON_CREATE_ONLY|0
13:58:46.115 (2654565056)|WF_RULE_NOT_EVALUATED
13:58:46.115 (2654568516)|WF_CRITERIA_BEGIN|[Account: Syntech Solutions Kft. 001Pj00001DndZj]|Clients_Meeting_from_Acc_to_CP3015Y000000guo4|01Q5Y000000q7p0|ON_ALL_CHANGES|0
13:58:46.115 (2654579066)|WF_FORMULA|Formula:ENCODED:[treatNullAsNull]true|Values:
13:58:46.115 (2654581436)|WF_CRITERIA_END|true
13:58:46.115 (2654602776)|WF_SPOOL_ACTION_BEGIN|Workflow
13:58:46.115 (2654643816)|WF_ACTION| Flow Trigger: 1;
13:58:46.115 (2654650626)|WF_RULE_EVAL_END
13:58:46.654 (2654834067)|FLOW_CREATE_INTERVIEW_BEGIN|00D30000000pE7X|3001O000000YS2q|3015Y000000guo4
13:58:46.654 (2654909498)|FLOW_CREATE_INTERVIEW_END|7980a578498f5bcdd8e23fa7e3501a0487fc940-3565|Clients Meeting from Acc to CP
13:58:46.115 (2654923248)|WF_FLOW_ACTION_BEGIN|09L5Y000000ZQ0V
13:58:46.655 (2655370681)|FLOW_START_INTERVIEWS_BEGIN|1
13:58:46.655 (2655403351)|FLOW_START_INTERVIEW_BEGIN|7980a578498f5bcdd8e23fa7e3501a0487fc940-3565|Clients Meeting from Acc to CP
13:58:46.655 (2661191545)|FLOW_START_INTERVIEW_END|7980a578498f5bcdd8e23fa7e3501a0487fc940-3565|Clients Meeting from Acc to CP
13:58:46.655 (2661206335)|FLOW_START_INTERVIEWS_END|1
13:58:46.655 (2661228415)|FLOW_INTERVIEW_FINISHED|7980a578498f5bcdd8e23fa7e3501a0487fc940-3565|Clients Meeting from Acc to CP
13:58:46.115 (2663151676)|WF_FLOW_ACTION_END|09L5Y000000ZQ0V
13:58:46.115 (2663272647)|WF_ACTIONS_END| Flow Trigger: 1;
13:58:46.115 (2663278397)|CODE_UNIT_FINISHED|Workflow:Account
13:58:46.115 (2663380487)|CODE_UNIT_STARTED|[EXTERNAL]|Flow:Account
13:58:46.115 (2663837830)|CODE_UNIT_FINISHED|Flow:Account
13:58:46.115 (2663885620)|CODE_UNIT_STARTED|[EXTERNAL]|Flow:Account
13:58:46.115 (2663933491)|CODE_UNIT_FINISHED|Flow:Account
13:58:46.115 (2665676411)|DML_END|[77]
13:58:46.115 (2666530186)|HEAP_ALLOCATE|[EXTERNAL]|Bytes:8
13:58:46.115 (2666547926)|STATEMENT_EXECUTE|[78]
13:58:46.115 (2666555396)|HEAP_ALLOCATE|[78]|Bytes:48
13:58:46.115 (2666615567)|USER_DEBUG|[78]|DEBUG|>>> Succeed to update rest of Accounts in the DB
13:58:46.666 (2666630917)|CUMULATIVE_LIMIT_USAGE
13:58:46.666 (2666630917)|LIMIT_USAGE_FOR_NS|(default)|
  Number of SOQL queries: 8 out of 200
  Number of query rows: 6 out of 50000
  Number of SOSL queries: 0 out of 20
  Number of DML statements: 4 out of 150
  Number of Publish Immediate DML: 0 out of 150
  Number of DML rows: 6 out of 10000
  Maximum CPU time: 499 out of 60000
  Maximum heap size: 0 out of 12000000
  Number of callouts: 0 out of 0
  Number of Email Invocations: 0 out of 10
  Number of future calls: 0 out of 50
  Number of queueable jobs added to the queue: 0 out of 1
  Number of Mobile Apex push calls: 0 out of 10

13:58:46.666 (2666630917)|LIMIT_USAGE_FOR_NS|MC4SF|
  Number of SOQL queries: 1 out of 200
  Number of query rows: 0 out of 50000
  Number of SOSL queries: 0 out of 20
  Number of DML statements: 0 out of 150
  Number of Publish Immediate DML: 0 out of 150
  Number of DML rows: 0 out of 10000
  Maximum CPU time: 0 out of 60000
  Maximum heap size: 0 out of 12000000
  Number of callouts: 0 out of 0
  Number of Email Invocations: 0 out of 10
  Number of future calls: 0 out of 50
  Number of queueable jobs added to the queue: 0 out of 1
  Number of Mobile Apex push calls: 0 out of 10

13:58:46.666 (2666630917)|LIMIT_USAGE_FOR_NS|pw_cc|
  Number of SOQL queries: 1 out of 200
  Number of query rows: 0 out of 50000
  Number of SOSL queries: 0 out of 20
  Number of DML statements: 0 out of 150
  Number of Publish Immediate DML: 0 out of 150
  Number of DML rows: 0 out of 10000
  Maximum CPU time: 0 out of 60000
  Maximum heap size: 0 out of 12000000
  Number of callouts: 0 out of 0
  Number of Email Invocations: 0 out of 10
  Number of future calls: 0 out of 50
  Number of queueable jobs added to the queue: 0 out of 1
  Number of Mobile Apex push calls: 0 out of 10

13:58:46.666 (2666630917)|LIMIT_USAGE_FOR_NS|SFSSDupeCatcher|
  Number of SOQL queries: 25 out of 200
  Number of query rows: 30 out of 50000
  Number of SOSL queries: 0 out of 20
  Number of DML statements: 0 out of 150
  Number of Publish Immediate DML: 0 out of 150
  Number of DML rows: 0 out of 10000
  Maximum CPU time: 0 out of 60000
  Maximum heap size: 0 out of 12000000
  Number of callouts: 0 out of 0
  Number of Email Invocations: 0 out of 10
  Number of future calls: 0 out of 50
  Number of queueable jobs added to the queue: 0 out of 1
  Number of Mobile Apex push calls: 0 out of 10

13:58:46.666 (2666630917)|LIMIT_USAGE_FOR_NS|slackv2|
  Number of SOQL queries: 1 out of 200
  Number of query rows: 1 out of 50000
  Number of SOSL queries: 0 out of 20
  Number of DML statements: 0 out of 150
  Number of Publish Immediate DML: 4 out of 150
  Number of DML rows: 0 out of 10000
  Maximum CPU time: 0 out of 60000
  Maximum heap size: 0 out of 12000000
  Number of callouts: 0 out of 0
  Number of Email Invocations: 0 out of 10
  Number of future calls: 0 out of 50
  Number of queueable jobs added to the queue: 0 out of 1
  Number of Mobile Apex push calls: 0 out of 10

13:58:46.666 (2666630917)|CUMULATIVE_LIMIT_USAGE_END

13:58:46.115 (2666779538)|CODE_UNIT_FINISHED|Opportunity_UpdateOppStageOnAccount on Opportunity trigger event AfterInsert|__sfdc_trigger/Opportunity_UpdateOppStageOnAccount
13:58:46.115 (2667051439)|CODE_UNIT_STARTED|[EXTERNAL]|Workflow:Opportunity
13:58:46.115 (2679059110)|WF_RULE_EVAL_BEGIN|Workflow
13:58:46.115 (2679100730)|WF_CRITERIA_BEGIN|[Opportunity: Syntech Solutions Kft. — Merchant Onboarding 006Pj00000zMrow]|Application Form Complete Date|01Q30000000IlZG|ON_ALL_CHANGES|0
13:58:46.115 (2681002452)|WF_FORMULA|Formula:ENCODED:[treatNullAsNull]ISPICKVAL( {!ID:StageName} , "Application Form Complete")&&ISCHANGED({!ID:StageName})|Values:StageName=In Pre-Approval
13:58:46.115 (2681082432)|WF_CRITERIA_END|false
13:58:46.115 (2681121052)|WF_CRITERIA_BEGIN|[Opportunity: Syntech Solutions Kft. — Merchant Onboarding 006Pj00000zMrow]|Update Expected Close date – Gate2Shop,GTS – "Application Form Complete " – "Excpected Start Date: today()+19 Days"|01Q30000000J7Uv|ON_ALL_CHANGES|0
13:58:46.115 (2681541405)|WF_FORMULA|Formula:ENCODED:[treatNullAsNull]( {!ID:$RecordType.Name}= "G2S"  &#124;&#124;  {!ID:$RecordType.Name}="GTSBilling" )&&ISCHANGED({!ID:StageName})   &&  ISPICKVAL({!ID:StageName} ,"Application Form Complete")|Values:$RecordType.Name=Safecharge, StageName=In Pre-Approval
13:58:46.115 (2681665495)|WF_CRITERIA_END|false
13:58:46.115 (2681691816)|WF_CRITERIA_BEGIN|[Opportunity: Syntech Solutions Kft. — Merchant Onboarding 006Pj00000zMrow]|In Pre Approval Date-SC|01Q30000000Iq3x|ON_ALL_CHANGES|0
13:58:46.115 (2681891557)|WF_FORMULA|Formula:ENCODED:[treatNullAsNull]ISPICKVAL( {!ID:StageName} , "In Pre-Approval")&&ISCHANGED({!ID:StageName})|Values:StageName=In Pre-Approval
13:58:46.115 (2681903487)|WF_CRITERIA_END|false
13:58:46.115 (2681917017)|WF_CRITERIA_BEGIN|[Opportunity: Syntech Solutions Kft. — Merchant Onboarding 006Pj00000zMrow]|Opportunity assign to Onboarding manager|01Q5Y000001AqO2|ON_CREATE_OR_TRIGGERING_UPDATE|0
13:58:46.115 (2681978967)|WF_RULE_FILTER|[Opportunity : Checklist submitted? equals Assigned] 
AND [Opportunity : Onboarding Manager not equal to ] 
AND [Opportunity : Type not equal to Existing Business]
13:58:46.115 (2681990777)|WF_RULE_EVAL_VALUE|
13:58:46.115 (2681992977)|WF_CRITERIA_END|false
13:58:46.115 (2681998987)|WF_CRITERIA_BEGIN|[Opportunity: Syntech Solutions Kft. — Merchant Onboarding 006Pj00000zMrow]|Update Expected Close date – Gate2Shop,GTS – "Not Interested" – "Excpected Start Date: today()"|01Q30000000J6Ih|ON_ALL_CHANGES|0
13:58:46.115 (2682155958)|WF_FORMULA|Formula:ENCODED:[treatNullAsNull]( {!ID:$RecordType.Name} ="G2S"  &#124;&#124; {!ID:$RecordType.Name} ="GTSBilling" )&&ISCHANGED({!ID:StageName})   &&  ISPICKVAL({!ID:StageName} ,"Not Interested")|Values:$RecordType.Name=Safecharge, StageName=In Pre-Approval
13:58:46.115 (2682165968)|WF_CRITERIA_END|false
13:58:46.115 (2682173768)|WF_CRITERIA_BEGIN|[Opportunity: Syntech Solutions Kft. — Merchant Onboarding 006Pj00000zMrow]|Update Expected Close date – G2S,GTS – "In Pre-Approval" – "Excpected Start Date: today()+23 Days"|01Q30000000J7Uq|ON_ALL_CHANGES|0
13:58:46.115 (2682292089)|WF_FORMULA|Formula:ENCODED:[treatNullAsNull]( {!ID:$RecordType.Name}  = "G2S"  &#124;&#124; {!ID:$RecordType.Name}  ="GTSBilling" )&&ISCHANGED({!ID:StageName})   &&  ISPICKVAL({!ID:StageName} ,"In Pre-Approval")|Values:$RecordType.Name=Safecharge, StageName=In Pre-Approval
13:58:46.115 (2682299079)|WF_CRITERIA_END|false
13:58:46.115 (2682306789)|WF_CRITERIA_BEGIN|[Opportunity: Syntech Solutions Kft. — Merchant Onboarding 006Pj00000zMrow]|In Application Form Complete Date-SC|01Q30000000Iq3s|ON_ALL_CHANGES|0
13:58:46.115 (2682372920)|WF_FORMULA|Formula:ENCODED:[treatNullAsNull]ISPICKVAL( {!ID:StageName} , "Application Form Complete")&&ISCHANGED({!ID:StageName})|Values:StageName=In Pre-Approval
13:58:46.115 (2682377190)|WF_CRITERIA_END|false
13:58:46.115 (2682395560)|WF_CRITERIA_BEGIN|[Opportunity: Syntech Solutions Kft. — Merchant Onboarding 006Pj00000zMrow]|Update Expected Close date – Gate2Shop,GTS – "On Hold" – "Excpected Start Date: today()"|01Q30000000J6Ic|ON_ALL_CHANGES|0
13:58:46.115 (2682536931)|WF_FORMULA|Formula:ENCODED:[treatNullAsNull]( {!ID:$RecordType.Name} ="G2S"  &#124;&#124;  {!ID:$RecordType.Name} ="GTSBilling" )&&ISCHANGED({!ID:StageName})   &&  ISPICKVAL({!ID:StageName} ,"On Hold")|Values:$RecordType.Name=Safecharge, StageName=In Pre-Approval
13:58:46.115 (2682543451)|WF_CRITERIA_END|false
13:58:46.115 (2682569381)|WF_CRITERIA_BEGIN|[Opportunity: Syntech Solutions Kft. — Merchant Onboarding 006Pj00000zMrow]|Integration team notification -  'Price Proposal Signed/Compliance+API'|01Q30000000JF58|ON_CREATE_OR_TRIGGERING_UPDATE|0
13:58:46.115 (2683942679)|WF_FORMULA|Formula:ENCODED:[treatNullAsNull]AND(
 {!ID:$RecordType.Name} = 'Safecharge',
ISPICKVAL({!ID:StageName} , 'Price Proposal Signed/Compliance+API')
)|Values:$RecordType.Name=Safecharge, StageName=In Pre-Approval
13:58:46.115 (2683965129)|WF_CRITERIA_END|false
13:58:46.115 (2683980219)|WF_CRITERIA_BEGIN|[Opportunity: Syntech Solutions Kft. — Merchant Onboarding 006Pj00000zMrow]|SendOM - opportunity is not verified|01Q30000000IzKv|ON_CREATE_OR_TRIGGERING_UPDATE|0
13:58:46.115 (2684003779)|WF_RULE_FILTER|[Opportunity : SendOM equals opportunity is not verified]
13:58:46.115 (2684010809)|WF_RULE_EVAL_VALUE|
13:58:46.115 (2684013069)|WF_CRITERIA_END|false
13:58:46.115 (2684022639)|WF_CRITERIA_BEGIN|[Opportunity: Syntech Solutions Kft. — Merchant Onboarding 006Pj00000zMrow]|inform account owner of a new opportunity|01Q30000000J2ZN|ON_CREATE_ONLY|0
13:58:46.115 (2684369481)|WF_FORMULA|Formula:ENCODED:[treatNullAsNull]{!ID:Owner}  <>  {!ID:Account.Owner} &&  {!ID:Account.Owner}  <> "00530000003nXOC" &&  {!ID:CreatedBy.FirstName} <> "Ashley"|Values:OwnerId=00530000006NODJ, Account.OwnerId=00530000006NODJ, CreatedBy.FirstName=Nuvei Connect Webhook
13:58:46.115 (2684376812)|WF_CRITERIA_END|false
13:58:46.115 (2684385962)|WF_CRITERIA_BEGIN|[Opportunity: Syntech Solutions Kft. — Merchant Onboarding 006Pj00000zMrow]|Update Expected Close date – Gate2Shop,GTS – "Declined" – "Excpected Start Date: today()"|01Q30000000J6IX|ON_ALL_CHANGES|0
13:58:46.115 (2684522862)|WF_FORMULA|Formula:ENCODED:[treatNullAsNull]( {!ID:$RecordType.Name} ="G2S"  &#124;&#124;  {!ID:$RecordType.Name} ="GTSBilling" )&&ISCHANGED({!ID:StageName})   &&  ISPICKVAL({!ID:StageName} ,"Declined")|Values:$RecordType.Name=Safecharge, StageName=In Pre-Approval
13:58:46.115 (2684530462)|WF_CRITERIA_END|false
13:58:46.115 (2684537642)|WF_CRITERIA_BEGIN|[Opportunity: Syntech Solutions Kft. — Merchant Onboarding 006Pj00000zMrow]|Opportunity Start Date Reached for Non-Approved Opportunity|01Q30000000J7xe|ON_CREATE_OR_TRIGGERING_UPDATE|0
13:58:46.115 (2685751790)|WF_FORMULA|Formula:ENCODED:[treatNullAsNull]NOT( ISPICKVAL( {!ID:00N30000007uAll} ,"Approved by Client") &#124;&#124;  ISPICKVAL( {!ID:00N30000007uAll} , "Declined by Client") )  &&   ({!ID:$RecordType.Name} ="XTCommerce") && {!ID:CloseDate} > TODAY()|Values:XTCommerce_Stage__c=Internal Processing, $RecordType.Name=Safecharge, CloseDate=2026-09-27 00:00:00
13:58:46.115 (2685839040)|WF_CRITERIA_END|false
13:58:46.115 (2685855700)|WF_CRITERIA_BEGIN|[Opportunity: Syntech Solutions Kft. — Merchant Onboarding 006Pj00000zMrow]|Declined/Closing Date|01Q30000000IlZp|ON_ALL_CHANGES|0
13:58:46.115 (2685981951)|WF_FORMULA|Formula:ENCODED:[treatNullAsNull]ISPICKVAL( {!ID:StageName} , "Declined")&&ISCHANGED({!ID:StageName})|Values:StageName=In Pre-Approval
13:58:46.115 (2685988051)|WF_CRITERIA_END|false
13:58:46.115 (2685996801)|WF_CRITERIA_BEGIN|[Opportunity: Syntech Solutions Kft. — Merchant Onboarding 006Pj00000zMrow]|Integration team notification - On Hold|01Q30000000JF9u|ON_CREATE_OR_TRIGGERING_UPDATE|0
13:58:46.115 (2686084972)|WF_FORMULA|Formula:ENCODED:[treatNullAsNull]AND(
 {!ID:$RecordType.Name} = 'Safecharge',
ISPICKVAL({!ID:StageName} , 'On Hold')
)|Values:$RecordType.Name=Safecharge, StageName=In Pre-Approval
13:58:46.115 (2686090112)|WF_CRITERIA_END|false
13:58:46.115 (2686097262)|WF_CRITERIA_BEGIN|[Opportunity: Syntech Solutions Kft. — Merchant Onboarding 006Pj00000zMrow]|In At the Bank-SC|01Q30000000Iq4C|ON_ALL_CHANGES|0
13:58:46.115 (2687361389)|WF_FORMULA|Formula:ENCODED:[treatNullAsNull]ISPICKVAL( {!ID:StageName},"At The Bank") &&ISCHANGED({!ID:StageName})|Values:StageName=In Pre-Approval
13:58:46.115 (2687369809)|WF_CRITERIA_END|false
13:58:46.115 (2687379369)|WF_CRITERIA_BEGIN|[Opportunity: Syntech Solutions Kft. — Merchant Onboarding 006Pj00000zMrow]|SendOM - XTPayments Notify compliance and backoff|01Q30000000IzKq|ON_CREATE_OR_TRIGGERING_UPDATE|0
13:58:46.115 (2687398660)|WF_RULE_FILTER|[Opportunity : SendOM equals XTPayments Notify compliance and backoff]
13:58:46.115 (2687405380)|WF_RULE_EVAL_VALUE|
13:58:46.115 (2687407290)|WF_CRITERIA_END|false
13:58:46.115 (2687412280)|WF_CRITERIA_BEGIN|[Opportunity: Syntech Solutions Kft. — Merchant Onboarding 006Pj00000zMrow]|Update Expected Close date – Gate2Shop,GTS – "Live" – "Excpected Start Date: today()"|01Q30000000J6IS|ON_ALL_CHANGES|0
13:58:46.115 (2687540540)|WF_FORMULA|Formula:ENCODED:[treatNullAsNull]( {!ID:$RecordType.Name} ="G2S"  &#124;&#124; {!ID:$RecordType.Name} = "GTSBilling" )&&ISCHANGED({!ID:StageName})   &&  ISPICKVAL({!ID:StageName} ,"Live")|Values:$RecordType.Name=Safecharge, StageName=In Pre-Approval
13:58:46.115 (2687565461)|WF_CRITERIA_END|false
13:58:46.115 (2687572501)|WF_CRITERIA_BEGIN|[Opportunity: Syntech Solutions Kft. — Merchant Onboarding 006Pj00000zMrow]|Update Expected Close date – Gate2Shop,GTS – "In Integration" – "Excpected Start Date: today()+3 Days"|01Q30000000J6IN|ON_ALL_CHANGES|0
13:58:46.115 (2688794348)|WF_FORMULA|Formula:ENCODED:[treatNullAsNull]( {!ID:$RecordType.Name} ="G2S"  &#124;&#124; {!ID:$RecordType.Name} ="GTSBilling" )&&ISCHANGED({!ID:StageName})   &&  ISPICKVAL({!ID:StageName} ,"In integration")|Values:$RecordType.Name=Safecharge, StageName=In Pre-Approval
13:58:46.115 (2688806378)|WF_CRITERIA_END|false
13:58:46.115 (2688817558)|WF_CRITERIA_BEGIN|[Opportunity: Syntech Solutions Kft. — Merchant Onboarding 006Pj00000zMrow]|Opportunity assign to Onboarding manager - existing|01Q5Y000000q56S|ON_CREATE_OR_TRIGGERING_UPDATE|0
13:58:46.115 (2688850938)|WF_RULE_FILTER|[Opportunity : Checklist submitted? equals Assigned] 
AND [Opportunity : Onboarding Manager not equal to ] 
AND [Opportunity : Type equals Existing Business]
13:58:46.115 (2688857448)|WF_RULE_EVAL_VALUE|
13:58:46.115 (2688859298)|WF_CRITERIA_END|false
13:58:46.115 (2688864398)|WF_CRITERIA_BEGIN|[Opportunity: Syntech Solutions Kft. — Merchant Onboarding 006Pj00000zMrow]|SendOM - Update merchant status|01Q30000000IzLK|ON_CREATE_OR_TRIGGERING_UPDATE|0
13:58:46.115 (2688871728)|WF_RULE_FILTER|[Opportunity : SendOM equals XTPayments - Update merchant status]
13:58:46.115 (2688874088)|WF_RULE_EVAL_VALUE|
13:58:46.115 (2688875498)|WF_CRITERIA_END|false
13:58:46.115 (2688879698)|WF_CRITERIA_BEGIN|[Opportunity: Syntech Solutions Kft. — Merchant Onboarding 006Pj00000zMrow]|Mid But not live Date|01Q30000000IlZf|ON_ALL_CHANGES|0
13:58:46.115 (2690015625)|WF_FORMULA|Formula:ENCODED:[treatNullAsNull]ISPICKVAL( {!ID:StageName} , "Mid But not live")&&ISCHANGED({!ID:StageName})|Values:StageName=In Pre-Approval
13:58:46.115 (2690025645)|WF_CRITERIA_END|false
13:58:46.115 (2690035545)|WF_CRITERIA_BEGIN|[Opportunity: Syntech Solutions Kft. — Merchant Onboarding 006Pj00000zMrow]|XTPayments_Update the start processing date= today|01Q30000000J2Lq|ON_CREATE_OR_TRIGGERING_UPDATE|0
13:58:46.115 (2690138866)|WF_FORMULA|Formula:ENCODED:[treatNullAsNull]{!ID:$RecordType.Name} = "XTPayments"  && {!ID:00N30000007rZty}>0|Values:$RecordType.Name=Safecharge, Merchant_Volume__c=null
13:58:46.115 (2690144396)|WF_CRITERIA_END|false
13:58:46.115 (2690152036)|WF_CRITERIA_BEGIN|[Opportunity: Syntech Solutions Kft. — Merchant Onboarding 006Pj00000zMrow]|Unresponsive Opportunities|01Q1O000000Jjwq|ON_CREATE_OR_TRIGGERING_UPDATE|0
13:58:46.115 (2690188286)|WF_RULE_FILTER|[Opportunity : Stage equals Prospect Lead] 
AND [Opportunity : Created By contains G2SAutomation] 
AND [Opportunity : Application form update not equal to ]
13:58:46.115 (2690205676)|WF_RULE_EVAL_VALUE|In Pre-Approval
13:58:46.115 (2690208086)|WF_CRITERIA_END|false
13:58:46.115 (2690212606)|WF_CRITERIA_BEGIN|[Opportunity: Syntech Solutions Kft. — Merchant Onboarding 006Pj00000zMrow]|In Contract Signed-SC|01Q30000000Iq47|ON_ALL_CHANGES|0
13:58:46.115 (2690464868)|WF_FORMULA|Formula:ENCODED:[treatNullAsNull]ISPICKVAL( {!ID:StageName} , "Contract Signed") &&ISCHANGED({!ID:StageName})|Values:StageName=In Pre-Approval
13:58:46.115 (2690471488)|WF_CRITERIA_END|false
13:58:46.115 (2690478098)|WF_CRITERIA_BEGIN|[Opportunity: Syntech Solutions Kft. — Merchant Onboarding 006Pj00000zMrow]|SendOM - Set merchant status to Verifi|01Q30000000IzLF|ON_CREATE_OR_TRIGGERING_UPDATE|0
13:58:46.115 (2690488368)|WF_RULE_FILTER|[Opportunity : SendOM equals Set merchant status to Verifi]
13:58:46.115 (2690492588)|WF_RULE_EVAL_VALUE|
13:58:46.115 (2690494008)|WF_CRITERIA_END|false
13:58:46.115 (2690498178)|WF_CRITERIA_BEGIN|[Opportunity: Syntech Solutions Kft. — Merchant Onboarding 006Pj00000zMrow]|At the bank notification|01Q30000000JFVe|ON_CREATE_OR_TRIGGERING_UPDATE|0
13:58:46.115 (2690535178)|WF_RULE_FILTER|[Opportunity : Opportunity Record Type equals Safecharge] 
AND [Opportunity : Stage equals At The Bank] 
AND [Opportunity : Integration Complete equals false]
13:58:46.115 (2690543908)|WF_RULE_EVAL_VALUE|01230000001B5OT
13:58:46.115 (2690551508)|WF_RULE_EVAL_VALUE|In Pre-Approval
13:58:46.115 (2690553518)|WF_CRITERIA_END|false
13:58:46.115 (2690557929)|WF_CRITERIA_BEGIN|[Opportunity: Syntech Solutions Kft. — Merchant Onboarding 006Pj00000zMrow]|Update301Pj00000SYBKO|01QPj000001ebMr|ON_ALL_CHANGES|0
13:58:46.115 (2690585539)|WF_FORMULA|Formula:ENCODED:[treatNullAsNull]true|Values:
13:58:46.115 (2690588669)|WF_CRITERIA_END|true
13:58:46.115 (2691040571)|WF_CRITERIA_BEGIN|[Opportunity: Syntech Solutions Kft. — Merchant Onboarding 006Pj00000zMrow]|Applied at the bank Date|01Q30000000IlZa|ON_ALL_CHANGES|0
13:58:46.115 (2691117032)|WF_FORMULA|Formula:ENCODED:[treatNullAsNull]ISPICKVAL( {!ID:StageName} , "At The Bank")&&ISCHANGED({!ID:StageName})|Values:StageName=In Pre-Approval
13:58:46.115 (2691121232)|WF_CRITERIA_END|false
13:58:46.115 (2691127282)|WF_CRITERIA_BEGIN|[Opportunity: Syntech Solutions Kft. — Merchant Onboarding 006Pj00000zMrow]|Sent Price Proposal follow up|01Q30000000JECr|ON_CREATE_OR_TRIGGERING_UPDATE|0
13:58:46.115 (2691144752)|WF_RULE_FILTER|[Opportunity : Sent Price Proposal equals true] 
AND [Opportunity : Stage equals In Pre-Approval, Application Form Complete, Pre Approved]
13:58:46.115 (2691150472)|WF_RULE_EVAL_VALUE|false
13:58:46.115 (2691152632)|WF_CRITERIA_END|false
13:58:46.115 (2691156612)|WF_CRITERIA_BEGIN|[Opportunity: Syntech Solutions Kft. — Merchant Onboarding 006Pj00000zMrow]|Neglected Opportunities|01Q30000000IoWw|ON_CREATE_OR_TRIGGERING_UPDATE|0
13:58:46.115 (2692863652)|WF_FORMULA|Formula:ENCODED:[treatNullAsNull]AND(
{!ID:00Na0000002gkUl}  >= 30,
NOT(ISPICKVAL( {!ID:StageName} , "Live")),
NOT(ISPICKVAL( {!ID:StageName} , "Declined")),
NOT(ISPICKVAL( {!ID:StageName} , "Closed")),
NOT(ISPICKVAL( {!ID:StageName} , "On Hold")),
NOT(ISPICKVAL( {!ID:StageName} , "Declined by Client")), NOT(CONTAINS( {!ID:Name} , "Test")),
NOT( ISPICKVAL( {!ID:StageName} , "Not Interested")),
OR(
{!ID:$RecordType.Name} ="G2S", {!ID:$RecordType.Name} = "Safecharge",   {!ID:$RecordType.Name} ="GTSBilling")
)|Values:$RecordType.Name=Safecharge, Days_Since_last_update__c=0, StageName=In Pre-Approval, Name=Syntech Solutions Kft. — Merchant Onboarding
13:58:46.115 (2692880932)|WF_CRITERIA_END|false
13:58:46.115 (2692897602)|WF_CRITERIA_BEGIN|[Opportunity: Syntech Solutions Kft. — Merchant Onboarding 006Pj00000zMrow]|In Price Proposal Signed/Compliance+API-SC|01Q30000000Iq42|ON_ALL_CHANGES|0
13:58:46.115 (2692997463)|WF_FORMULA|Formula:ENCODED:[treatNullAsNull]ISPICKVAL( {!ID:StageName} , "Price Proposal Signed/Compliance+API") &&ISCHANGED({!ID:StageName})|Values:StageName=In Pre-Approval
13:58:46.115 (2693003213)|WF_CRITERIA_END|false
13:58:46.115 (2693011853)|WF_CRITERIA_BEGIN|[Opportunity: Syntech Solutions Kft. — Merchant Onboarding 006Pj00000zMrow]|SendOM - Declined by Compliance-Failed|01Q30000000IzLA|ON_CREATE_OR_TRIGGERING_UPDATE|0
13:58:46.115 (2693026063)|WF_RULE_FILTER|[Opportunity : SendOM equals Declined by Compliance-Failed]
13:58:46.115 (2693031123)|WF_RULE_EVAL_VALUE|
13:58:46.115 (2693033123)|WF_CRITERIA_END|false
13:58:46.115 (2693038433)|WF_CRITERIA_BEGIN|[Opportunity: Syntech Solutions Kft. — Merchant Onboarding 006Pj00000zMrow]|Update Account Primary Contact Email|01Q30000000JGFN|ON_ALL_CHANGES|0
13:58:46.115 (2693056263)|WF_RULE_FILTER|[Account : Primary Contact's email not equal to ]
13:58:46.115 (2693061673)|WF_RULE_EVAL_VALUE|
13:58:46.115 (2693063103)|WF_CRITERIA_END|false
13:58:46.115 (2693067983)|WF_CRITERIA_BEGIN|[Opportunity: Syntech Solutions Kft. — Merchant Onboarding 006Pj00000zMrow]|New merchant opportunity - Qualification Reminder|01Q5Y000001AqNi|ON_CREATE_OR_TRIGGERING_UPDATE|0
13:58:46.115 (2693082774)|WF_RULE_FILTER|[Opportunity : Checklist submitted? equals Submitted] 
AND [Opportunity : Type not equal to Existing Business]
13:58:46.115 (2693085484)|WF_RULE_EVAL_VALUE|
13:58:46.115 (2693086794)|WF_CRITERIA_END|false
13:58:46.115 (2693091054)|WF_CRITERIA_BEGIN|[Opportunity: Syntech Solutions Kft. — Merchant Onboarding 006Pj00000zMrow]|Opportunity is open for 25 days|01Q30000000IuJA|ON_CREATE_OR_TRIGGERING_UPDATE|0
13:58:46.115 (2693337915)|WF_FORMULA|Formula:ENCODED:[treatNullAsNull]AND( OR( {!ID:LastActivityDate} = TODAY(), DATEVALUE({!ID:LastModifiedDate}) = TODAY() ) , NOT(ISPICKVAL( {!ID:StageName} , "Live")), NOT(ISPICKVAL( {!ID:StageName} , "Declined")), NOT(ISPICKVAL( {!ID:StageName} , "On Hold")),NOT( ISPICKVAL( {!ID:StageName} , "Not Interested") ) , OR( {!ID:$RecordType.Name} ="Safecharge", {!ID:$RecordType.Name} = "GTSBilling"), NOT(CONTAINS( {!ID:Name} , "test") )  , ({!ID:Owner} ="00530000003nXCX"))|Values:LastModifiedDate=2026-08-28 13:58:46, $RecordType.Name=Safecharge, OwnerId=00530000006NODJ, StageName=In Pre-Approval, LastActivityDate=null, Name=Syntech Solutions Kft. — Merchant Onboarding
13:58:46.115 (2693349615)|WF_CRITERIA_END|false
13:58:46.115 (2693361735)|WF_CRITERIA_BEGIN|[Opportunity: Syntech Solutions Kft. — Merchant Onboarding 006Pj00000zMrow]|SC Express Opp assignment Sales Rep|01Q1O000000lupf|ON_ALL_CHANGES|0
13:58:46.115 (2693585206)|WF_FORMULA|Formula:ENCODED:[treatNullAsNull]ISCHANGED({!ID:00N1400000BOZxy}) && {!ID:RecordType.Name} = "SafeCharge Express"  &#124;&#124;  ISCHANGED({!ID:00N1400000BOZxy}) && {!ID:Owner.Id}="0051400000BAOmX"|Values:Sales_Rep__c=00530000006NODJ, RecordType.Name=Safecharge, Owner.Id=00530000006NODJ
13:58:46.115 (2693592516)|WF_CRITERIA_END|false
13:58:46.115 (2693600937)|WF_CRITERIA_BEGIN|[Opportunity: Syntech Solutions Kft. — Merchant Onboarding 006Pj00000zMrow]|SC_G2S_Start processing date = Today|01Q30000000J2Lb|ON_CREATE_OR_TRIGGERING_UPDATE|0
13:58:46.115 (2694768503)|WF_FORMULA|Formula:ENCODED:[treatNullAsNull]OR(  {!ID:$RecordType.Name} ="GTSBilling", {!ID:$RecordType.Name} = "G2S", {!ID:$RecordType.Name} = "Safecharge" )  && ISPICKVAL({!ID:00N30000008sLaP},  "yes")|Values:Processing__c=no, $RecordType.Name=Safecharge
13:58:46.115 (2694776913)|WF_CRITERIA_END|false
13:58:46.115 (2694786473)|WF_CRITERIA_BEGIN|[Opportunity: Syntech Solutions Kft. — Merchant Onboarding 006Pj00000zMrow]|Update Expected Close date – Gate2Shop,GTS – "Pre Approved " – "Excpected Start Date: today()+21 Days  "|01Q30000000J6HZ|ON_ALL_CHANGES|0
13:58:46.115 (2694891984)|WF_FORMULA|Formula:ENCODED:[treatNullAsNull]( {!ID:$RecordType.Name} ="G2S"  &#124;&#124; {!ID:$RecordType.Name} ="GTSBilling" )&&ISCHANGED({!ID:StageName})   &&  ISPICKVAL({!ID:StageName} ,"Pre Approved")|Values:$RecordType.Name=Safecharge, StageName=In Pre-Approval
13:58:46.115 (2694897634)|WF_CRITERIA_END|false
13:58:46.115 (2694904094)|WF_CRITERIA_BEGIN|[Opportunity: Syntech Solutions Kft. — Merchant Onboarding 006Pj00000zMrow]|SendOM - Freeze Account|01Q30000000IzL5|ON_CREATE_OR_TRIGGERING_UPDATE|0
13:58:46.115 (2694915504)|WF_RULE_FILTER|[Opportunity : SendOM equals Freeze Account]
13:58:46.115 (2694919814)|WF_RULE_EVAL_VALUE|
13:58:46.115 (2694921504)|WF_CRITERIA_END|false
13:58:46.115 (2694926294)|WF_CRITERIA_BEGIN|[Opportunity: Syntech Solutions Kft. — Merchant Onboarding 006Pj00000zMrow]|Created In Application Form Complete Date-SC|01Q30000000J9Qy|ON_CREATE_OR_TRIGGERING_UPDATE|0
13:58:46.115 (2694980465)|WF_FORMULA|Formula:ENCODED:[treatNullAsNull]ISPICKVAL( {!ID:StageName} , "Application Form Complete")|Values:StageName=In Pre-Approval
13:58:46.115 (2694984275)|WF_CRITERIA_END|false
13:58:46.115 (2694990075)|WF_CRITERIA_BEGIN|[Opportunity: Syntech Solutions Kft. — Merchant Onboarding 006Pj00000zMrow]|In MID but not live-SC|01Q30000000Iq4b|ON_ALL_CHANGES|0
13:58:46.115 (2695044585)|WF_FORMULA|Formula:ENCODED:[treatNullAsNull]ISPICKVAL( {!ID:StageName},"MID but not Live") &&ISCHANGED({!ID:StageName})|Values:StageName=In Pre-Approval
13:58:46.115 (2695048415)|WF_CRITERIA_END|false
13:58:46.115 (2695053935)|WF_CRITERIA_BEGIN|[Opportunity: Syntech Solutions Kft. — Merchant Onboarding 006Pj00000zMrow]|Pre Approved Date|01Q30000000IlZL|ON_ALL_CHANGES|0
13:58:46.115 (2695103325)|WF_FORMULA|Formula:ENCODED:[treatNullAsNull]ISPICKVAL( {!ID:StageName} , "Pre Approved")&&ISCHANGED({!ID:StageName})|Values:StageName=In Pre-Approval
13:58:46.115 (2695107165)|WF_CRITERIA_END|false
13:58:46.115 (2695112845)|WF_CRITERIA_BEGIN|[Opportunity: Syntech Solutions Kft. — Merchant Onboarding 006Pj00000zMrow]|SendOM - Disapproval by compliance|01Q30000000IzL0|ON_CREATE_OR_TRIGGERING_UPDATE|0
13:58:46.115 (2695121275)|WF_RULE_FILTER|[Opportunity : SendOM equals Disapproval by compliance]
13:58:46.115 (2695123955)|WF_RULE_EVAL_VALUE|
13:58:46.115 (2695125445)|WF_CRITERIA_END|false
13:58:46.115 (2695159056)|WF_SPOOL_ACTION_BEGIN|Workflow
13:58:46.115 (2695193466)|WF_ACTION| Flow Trigger: 1;
13:58:46.115 (2695196826)|WF_RULE_EVAL_END
13:58:46.697 (2697038847)|FLOW_CREATE_INTERVIEW_BEGIN|00D30000000pE7X|3001O000000cQck|301Pj00000SYBKO
13:58:46.697 (2698261414)|FLOW_CREATE_INTERVIEW_END|7981a578498f5bcdd8e23fa7e3501a0487fc940-3566|Update Compliance status if Opportunity is On Hold or Declined
13:58:46.115 (2698287194)|WF_FLOW_ACTION_BEGIN|09LPj0000001Ie1
13:58:46.698 (2698696446)|FLOW_START_INTERVIEWS_BEGIN|1
13:58:46.698 (2698734666)|FLOW_START_INTERVIEW_BEGIN|7981a578498f5bcdd8e23fa7e3501a0487fc940-3566|Update Compliance status if Opportunity is On Hold or Declined
13:58:46.698 (2699131449)|FLOW_START_INTERVIEW_END|7981a578498f5bcdd8e23fa7e3501a0487fc940-3566|Update Compliance status if Opportunity is On Hold or Declined
13:58:46.698 (2699143819)|FLOW_START_INTERVIEWS_END|1
13:58:46.698 (2699165079)|FLOW_INTERVIEW_FINISHED|7981a578498f5bcdd8e23fa7e3501a0487fc940-3566|Update Compliance status if Opportunity is On Hold or Declined
13:58:46.115 (2701022990)|WF_FLOW_ACTION_END|09LPj0000001Ie1
13:58:46.115 (2701129050)|WF_TIME_TRIGGERS_BEGIN
13:58:46.115 (2704185429)|WF_ACTIONS_END| Flow Trigger: 1;
13:58:46.115 (2704196349)|CODE_UNIT_FINISHED|Workflow:Opportunity
13:58:46.115 (2704399110)|CODE_UNIT_STARTED|[EXTERNAL]|Flow:Opportunity
13:58:46.115 (2704604101)|CODE_UNIT_FINISHED|Flow:Opportunity
13:58:46.115 (2704655881)|CODE_UNIT_STARTED|[EXTERNAL]|Flow:Opportunity
13:58:46.115 (2708343023)|CODE_UNIT_FINISHED|Flow:Opportunity
13:58:46.115 (2718150771)|CODE_UNIT_STARTED|[EXTERNAL]|Flow:Account
13:58:46.115 (2718186671)|CODE_UNIT_FINISHED|Flow:Account
13:58:46.719 (2719505579)|ENTERING_MANAGED_PKG|MC4SF
13:58:46.719 (2719693030)|ENTERING_MANAGED_PKG|MC4SF
13:58:46.719 (2720896617)|ENTERING_MANAGED_PKG|MC4SF
13:58:46.722 (2722945739)|CUMULATIVE_LIMIT_USAGE
13:58:46.722 (2722945739)|LIMIT_USAGE_FOR_NS|(default)|
  Number of SOQL queries: 8 out of 200
  Number of query rows: 6 out of 50000
  Number of SOSL queries: 0 out of 20
  Number of DML statements: 4 out of 150
  Number of Publish Immediate DML: 0 out of 150
  Number of DML rows: 6 out of 10000
  Maximum CPU time: 511 out of 60000
  Maximum heap size: 0 out of 12000000
  Number of callouts: 0 out of 0
  Number of Email Invocations: 0 out of 10
  Number of future calls: 0 out of 50
  Number of queueable jobs added to the queue: 0 out of 1
  Number of Mobile Apex push calls: 0 out of 10

13:58:46.722 (2722945739)|LIMIT_USAGE_FOR_NS|MC4SF|
  Number of SOQL queries: 1 out of 200
  Number of query rows: 0 out of 50000
  Number of SOSL queries: 0 out of 20
  Number of DML statements: 0 out of 150
  Number of Publish Immediate DML: 0 out of 150
  Number of DML rows: 0 out of 10000
  Maximum CPU time: 0 out of 60000
  Maximum heap size: 0 out of 12000000
  Number of callouts: 0 out of 0
  Number of Email Invocations: 0 out of 10
  Number of future calls: 0 out of 50
  Number of queueable jobs added to the queue: 0 out of 1
  Number of Mobile Apex push calls: 0 out of 10

13:58:46.722 (2722945739)|LIMIT_USAGE_FOR_NS|pw_cc|
  Number of SOQL queries: 1 out of 200
  Number of query rows: 0 out of 50000
  Number of SOSL queries: 0 out of 20
  Number of DML statements: 0 out of 150
  Number of Publish Immediate DML: 0 out of 150
  Number of DML rows: 0 out of 10000
  Maximum CPU time: 0 out of 60000
  Maximum heap size: 0 out of 12000000
  Number of callouts: 0 out of 0
  Number of Email Invocations: 0 out of 10
  Number of future calls: 0 out of 50
  Number of queueable jobs added to the queue: 0 out of 1
  Number of Mobile Apex push calls: 0 out of 10

13:58:46.722 (2722945739)|LIMIT_USAGE_FOR_NS|SFSSDupeCatcher|
  Number of SOQL queries: 25 out of 200
  Number of query rows: 30 out of 50000
  Number of SOSL queries: 0 out of 20
  Number of DML statements: 0 out of 150
  Number of Publish Immediate DML: 0 out of 150
  Number of DML rows: 0 out of 10000
  Maximum CPU time: 0 out of 60000
  Maximum heap size: 0 out of 12000000
  Number of callouts: 0 out of 0
  Number of Email Invocations: 0 out of 10
  Number of future calls: 0 out of 50
  Number of queueable jobs added to the queue: 0 out of 1
  Number of Mobile Apex push calls: 0 out of 10

13:58:46.722 (2722945739)|LIMIT_USAGE_FOR_NS|slackv2|
  Number of SOQL queries: 1 out of 200
  Number of query rows: 1 out of 50000
  Number of SOSL queries: 0 out of 20
  Number of DML statements: 0 out of 150
  Number of Publish Immediate DML: 4 out of 150
  Number of DML rows: 0 out of 10000
  Maximum CPU time: 0 out of 60000
  Maximum heap size: 0 out of 12000000
  Number of callouts: 0 out of 0
  Number of Email Invocations: 0 out of 10
  Number of future calls: 0 out of 50
  Number of queueable jobs added to the queue: 0 out of 1
  Number of Mobile Apex push calls: 0 out of 10

13:58:46.722 (2722945739)|CUMULATIVE_LIMIT_USAGE_END

13:58:46.724 (2724148296)|ENTERING_MANAGED_PKG|pw_cc
13:58:46.724 (2724220237)|ENTERING_MANAGED_PKG|pw_cc
13:58:46.724 (2724237857)|ENTERING_MANAGED_PKG|pw_cc
13:58:46.724 (2724273597)|CUMULATIVE_LIMIT_USAGE
13:58:46.724 (2724273597)|LIMIT_USAGE_FOR_NS|(default)|
  Number of SOQL queries: 8 out of 200
  Number of query rows: 6 out of 50000
  Number of SOSL queries: 0 out of 20
  Number of DML statements: 4 out of 150
  Number of Publish Immediate DML: 0 out of 150
  Number of DML rows: 6 out of 10000
  Maximum CPU time: 511 out of 60000
  Maximum heap size: 0 out of 12000000
  Number of callouts: 0 out of 0
  Number of Email Invocations: 0 out of 10
  Number of future calls: 0 out of 50
  Number of queueable jobs added to the queue: 0 out of 1
  Number of Mobile Apex push calls: 0 out of 10

13:58:46.724 (2724273597)|LIMIT_USAGE_FOR_NS|MC4SF|
  Number of SOQL queries: 1 out of 200
  Number of query rows: 0 out of 50000
  Number of SOSL queries: 0 out of 20
  Number of DML statements: 0 out of 150
  Number of Publish Immediate DML: 0 out of 150
  Number of DML rows: 0 out of 10000
  Maximum CPU time: 0 out of 60000
  Maximum heap size: 0 out of 12000000
  Number of callouts: 0 out of 0
  Number of Email Invocations: 0 out of 10
  Number of future calls: 0 out of 50
  Number of queueable jobs added to the queue: 0 out of 1
  Number of Mobile Apex push calls: 0 out of 10

13:58:46.724 (2724273597)|LIMIT_USAGE_FOR_NS|pw_cc|
  Number of SOQL queries: 1 out of 200
  Number of query rows: 0 out of 50000
  Number of SOSL queries: 0 out of 20
  Number of DML statements: 0 out of 150
  Number of Publish Immediate DML: 0 out of 150
  Number of DML rows: 0 out of 10000
  Maximum CPU time: 0 out of 60000
  Maximum heap size: 0 out of 12000000
  Number of callouts: 0 out of 0
  Number of Email Invocations: 0 out of 10
  Number of future calls: 0 out of 50
  Number of queueable jobs added to the queue: 0 out of 1
  Number of Mobile Apex push calls: 0 out of 10

13:58:46.724 (2724273597)|LIMIT_USAGE_FOR_NS|SFSSDupeCatcher|
  Number of SOQL queries: 25 out of 200
  Number of query rows: 30 out of 50000
  Number of SOSL queries: 0 out of 20
  Number of DML statements: 0 out of 150
  Number of Publish Immediate DML: 0 out of 150
  Number of DML rows: 0 out of 10000
  Maximum CPU time: 0 out of 60000
  Maximum heap size: 0 out of 12000000
  Number of callouts: 0 out of 0
  Number of Email Invocations: 0 out of 10
  Number of future calls: 0 out of 50
  Number of queueable jobs added to the queue: 0 out of 1
  Number of Mobile Apex push calls: 0 out of 10

13:58:46.724 (2724273597)|LIMIT_USAGE_FOR_NS|slackv2|
  Number of SOQL queries: 1 out of 200
  Number of query rows: 1 out of 50000
  Number of SOSL queries: 0 out of 20
  Number of DML statements: 0 out of 150
  Number of Publish Immediate DML: 4 out of 150
  Number of DML rows: 0 out of 10000
  Maximum CPU time: 0 out of 60000
  Maximum heap size: 0 out of 12000000
  Number of callouts: 0 out of 0
  Number of Email Invocations: 0 out of 10
  Number of future calls: 0 out of 50
  Number of queueable jobs added to the queue: 0 out of 1
  Number of Mobile Apex push calls: 0 out of 10

13:58:46.724 (2724273597)|CUMULATIVE_LIMIT_USAGE_END

13:58:46.725 (2725386744)|ENTERING_MANAGED_PKG|SFSSDupeCatcher
13:58:46.725 (2725429884)|ENTERING_MANAGED_PKG|SFSSDupeCatcher
13:58:46.725 (2725624065)|ENTERING_MANAGED_PKG|SFSSDupeCatcher
13:58:46.725 (2725676856)|ENTERING_MANAGED_PKG|SFSSDupeCatcher
13:58:46.725 (2725743656)|ENTERING_MANAGED_PKG|SFSSDupeCatcher
13:58:46.725 (2725760226)|ENTERING_MANAGED_PKG|SFSSDupeCatcher
13:58:46.725 (2725767336)|ENTERING_MANAGED_PKG|SFSSDupeCatcher
13:58:46.725 (2725805506)|ENTERING_MANAGED_PKG|SFSSDupeCatcher
13:58:46.725 (2726133378)|SOQL_EXECUTE_BEGIN|[3131]|Aggregations:0|SELECT body, name FROM StaticResource WHERE Name = :tmpVar1 LIMIT 1
13:58:46.725 (2730530735)|SOQL_EXECUTE_END|[3131]|Rows:0
13:58:46.725 (2730603835)|ENTERING_MANAGED_PKG|SFSSDupeCatcher
13:58:46.725 (2730703846)|ENTERING_MANAGED_PKG|SFSSDupeCatcher
13:58:46.725 (2731213059)|ENTERING_MANAGED_PKG|SFSSDupeCatcher
13:58:46.725 (2731415970)|ENTERING_MANAGED_PKG|SFSSDupeCatcher
13:58:46.725 (2731452620)|ENTERING_MANAGED_PKG|SFSSDupeCatcher
13:58:46.725 (2731462070)|ENTERING_MANAGED_PKG|SFSSDupeCatcher
13:58:46.725 (2731524201)|ENTERING_MANAGED_PKG|SFSSDupeCatcher
13:58:46.725 (2731535981)|ENTERING_MANAGED_PKG|SFSSDupeCatcher
13:58:46.725 (2731543401)|ENTERING_MANAGED_PKG|SFSSDupeCatcher
13:58:46.725 (2731577641)|ENTERING_MANAGED_PKG|SFSSDupeCatcher
13:58:46.725 (2731767362)|SOQL_EXECUTE_BEGIN|[3131]|Aggregations:0|SELECT body, name FROM StaticResource WHERE Name = :tmpVar1 LIMIT 1
13:58:46.725 (2734598139)|SOQL_EXECUTE_END|[3131]|Rows:0
13:58:46.725 (2734650429)|ENTERING_MANAGED_PKG|SFSSDupeCatcher
13:58:46.725 (2734695519)|ENTERING_MANAGED_PKG|SFSSDupeCatcher
13:58:46.725 (2734885020)|ENTERING_MANAGED_PKG|SFSSDupeCatcher
13:58:46.725 (2734905430)|ENTERING_MANAGED_PKG|SFSSDupeCatcher
13:58:46.725 (2734913890)|ENTERING_MANAGED_PKG|SFSSDupeCatcher
13:58:46.725 (2734947041)|ENTERING_MANAGED_PKG|SFSSDupeCatcher
13:58:46.725 (2734955641)|ENTERING_MANAGED_PKG|SFSSDupeCatcher
13:58:46.725 (2735013631)|ENTERING_MANAGED_PKG|SFSSDupeCatcher
13:58:46.725 (2735024191)|ENTERING_MANAGED_PKG|SFSSDupeCatcher
13:58:46.725 (2735030491)|ENTERING_MANAGED_PKG|SFSSDupeCatcher
13:58:46.725 (2735059411)|ENTERING_MANAGED_PKG|SFSSDupeCatcher
13:58:46.725 (2735206652)|SOQL_EXECUTE_BEGIN|[3131]|Aggregations:0|SELECT body, name FROM StaticResource WHERE Name = :tmpVar1 LIMIT 1
13:58:46.725 (2737919898)|SOQL_EXECUTE_END|[3131]|Rows:0
13:58:46.725 (2737985608)|ENTERING_MANAGED_PKG|SFSSDupeCatcher
13:58:46.725 (2738032959)|ENTERING_MANAGED_PKG|SFSSDupeCatcher
13:58:46.725 (2738624422)|ENTERING_MANAGED_PKG|SFSSDupeCatcher
13:58:46.725 (2738650932)|ENTERING_MANAGED_PKG|SFSSDupeCatcher
13:58:46.725 (2738657132)|ENTERING_MANAGED_PKG|SFSSDupeCatcher
13:58:46.725 (2738680532)|ENTERING_MANAGED_PKG|SFSSDupeCatcher
13:58:46.725 (2738696043)|ENTERING_MANAGED_PKG|SFSSDupeCatcher
13:58:46.725 (2739145335)|SOQL_EXECUTE_BEGIN|[159]|Aggregations:0|SELECT Id, Name, Match_On_Insert_Action__c, Match_On_Update_Action__c, Create_Tasks_for_Warnings__c, Blocked_Duplicates__c, Merged_Duplicates__C, Converted_Duplicates__c, Error_Message__c, Scenario_Type__c, Deployed__c, Bypass_Security__c, Person_Account_Filter__c, OwnerID, CreatedById FROM Scenario__c WHERE (Deployed__c = TRUE AND Match_On_Update_Action__c != 'Report Duplicate') LIMIT 100
13:58:46.725 (2742063092)|SOQL_EXECUTE_END|[159]|Rows:0
13:58:46.725 (2742175023)|ENTERING_MANAGED_PKG|SFSSDupeCatcher
13:58:46.725 (2742217293)|ENTERING_MANAGED_PKG|SFSSDupeCatcher
13:58:46.725 (2742231983)|ENTERING_MANAGED_PKG|SFSSDupeCatcher
13:58:46.725 (2742240913)|ENTERING_MANAGED_PKG|SFSSDupeCatcher
13:58:46.725 (2742281993)|ENTERING_MANAGED_PKG|SFSSDupeCatcher
13:58:46.725 (2742476555)|SOQL_EXECUTE_BEGIN|[3131]|Aggregations:0|SELECT body, name FROM StaticResource WHERE Name = :tmpVar1 LIMIT 1
13:58:46.725 (2745157351)|SOQL_EXECUTE_END|[3131]|Rows:0
13:58:46.725 (2745229131)|ENTERING_MANAGED_PKG|SFSSDupeCatcher
13:58:46.725 (2745301141)|ENTERING_MANAGED_PKG|SFSSDupeCatcher
13:58:46.745 (2745576793)|CUMULATIVE_LIMIT_USAGE
13:58:46.745 (2745576793)|LIMIT_USAGE_FOR_NS|(default)|
  Number of SOQL queries: 8 out of 200
  Number of query rows: 6 out of 50000
  Number of SOSL queries: 0 out of 20
  Number of DML statements: 4 out of 150
  Number of Publish Immediate DML: 0 out of 150
  Number of DML rows: 6 out of 10000
  Maximum CPU time: 519 out of 60000
  Maximum heap size: 0 out of 12000000
  Number of callouts: 0 out of 0
  Number of Email Invocations: 0 out of 10
  Number of future calls: 0 out of 50
  Number of queueable jobs added to the queue: 0 out of 1
  Number of Mobile Apex push calls: 0 out of 10

13:58:46.745 (2745576793)|LIMIT_USAGE_FOR_NS|MC4SF|
  Number of SOQL queries: 1 out of 200
  Number of query rows: 0 out of 50000
  Number of SOSL queries: 0 out of 20
  Number of DML statements: 0 out of 150
  Number of Publish Immediate DML: 0 out of 150
  Number of DML rows: 0 out of 10000
  Maximum CPU time: 0 out of 60000
  Maximum heap size: 0 out of 12000000
  Number of callouts: 0 out of 0
  Number of Email Invocations: 0 out of 10
  Number of future calls: 0 out of 50
  Number of queueable jobs added to the queue: 0 out of 1
  Number of Mobile Apex push calls: 0 out of 10

13:58:46.745 (2745576793)|LIMIT_USAGE_FOR_NS|pw_cc|
  Number of SOQL queries: 1 out of 200
  Number of query rows: 0 out of 50000
  Number of SOSL queries: 0 out of 20
  Number of DML statements: 0 out of 150
  Number of Publish Immediate DML: 0 out of 150
  Number of DML rows: 0 out of 10000
  Maximum CPU time: 0 out of 60000
  Maximum heap size: 0 out of 12000000
  Number of callouts: 0 out of 0
  Number of Email Invocations: 0 out of 10
  Number of future calls: 0 out of 50
  Number of queueable jobs added to the queue: 0 out of 1
  Number of Mobile Apex push calls: 0 out of 10

13:58:46.745 (2745576793)|LIMIT_USAGE_FOR_NS|SFSSDupeCatcher|
  Number of SOQL queries: 30 out of 200
  Number of query rows: 30 out of 50000
  Number of SOSL queries: 0 out of 20
  Number of DML statements: 0 out of 150
  Number of Publish Immediate DML: 0 out of 150
  Number of DML rows: 0 out of 10000
  Maximum CPU time: 0 out of 60000
  Maximum heap size: 0 out of 12000000
  Number of callouts: 0 out of 0
  Number of Email Invocations: 0 out of 10
  Number of future calls: 0 out of 50
  Number of queueable jobs added to the queue: 0 out of 1
  Number of Mobile Apex push calls: 0 out of 10

13:58:46.745 (2745576793)|LIMIT_USAGE_FOR_NS|slackv2|
  Number of SOQL queries: 1 out of 200
  Number of query rows: 1 out of 50000
  Number of SOSL queries: 0 out of 20
  Number of DML statements: 0 out of 150
  Number of Publish Immediate DML: 4 out of 150
  Number of DML rows: 0 out of 10000
  Maximum CPU time: 0 out of 60000
  Maximum heap size: 0 out of 12000000
  Number of callouts: 0 out of 0
  Number of Email Invocations: 0 out of 10
  Number of future calls: 0 out of 50
  Number of queueable jobs added to the queue: 0 out of 1
  Number of Mobile Apex push calls: 0 out of 10

13:58:46.745 (2745576793)|CUMULATIVE_LIMIT_USAGE_END

13:58:46.746 (2746889691)|ENTERING_MANAGED_PKG|sw_connector
13:58:46.746 (2746982722)|ENTERING_MANAGED_PKG|sw_connector
13:58:46.747 (2747093352)|CUMULATIVE_LIMIT_USAGE
13:58:46.747 (2747093352)|LIMIT_USAGE_FOR_NS|(default)|
  Number of SOQL queries: 8 out of 200
  Number of query rows: 6 out of 50000
  Number of SOSL queries: 0 out of 20
  Number of DML statements: 4 out of 150
  Number of Publish Immediate DML: 0 out of 150
  Number of DML rows: 6 out of 10000
  Maximum CPU time: 519 out of 60000
  Maximum heap size: 0 out of 12000000
  Number of callouts: 0 out of 0
  Number of Email Invocations: 0 out of 10
  Number of future calls: 0 out of 50
  Number of queueable jobs added to the queue: 0 out of 1
  Number of Mobile Apex push calls: 0 out of 10

13:58:46.747 (2747093352)|LIMIT_USAGE_FOR_NS|MC4SF|
  Number of SOQL queries: 1 out of 200
  Number of query rows: 0 out of 50000
  Number of SOSL queries: 0 out of 20
  Number of DML statements: 0 out of 150
  Number of Publish Immediate DML: 0 out of 150
  Number of DML rows: 0 out of 10000
  Maximum CPU time: 0 out of 60000
  Maximum heap size: 0 out of 12000000
  Number of callouts: 0 out of 0
  Number of Email Invocations: 0 out of 10
  Number of future calls: 0 out of 50
  Number of queueable jobs added to the queue: 0 out of 1
  Number of Mobile Apex push calls: 0 out of 10

13:58:46.747 (2747093352)|LIMIT_USAGE_FOR_NS|pw_cc|
  Number of SOQL queries: 1 out of 200
  Number of query rows: 0 out of 50000
  Number of SOSL queries: 0 out of 20
  Number of DML statements: 0 out of 150
  Number of Publish Immediate DML: 0 out of 150
  Number of DML rows: 0 out of 10000
  Maximum CPU time: 0 out of 60000
  Maximum heap size: 0 out of 12000000
  Number of callouts: 0 out of 0
  Number of Email Invocations: 0 out of 10
  Number of future calls: 0 out of 50
  Number of queueable jobs added to the queue: 0 out of 1
  Number of Mobile Apex push calls: 0 out of 10

13:58:46.747 (2747093352)|LIMIT_USAGE_FOR_NS|SFSSDupeCatcher|
  Number of SOQL queries: 30 out of 200
  Number of query rows: 30 out of 50000
  Number of SOSL queries: 0 out of 20
  Number of DML statements: 0 out of 150
  Number of Publish Immediate DML: 0 out of 150
  Number of DML rows: 0 out of 10000
  Maximum CPU time: 0 out of 60000
  Maximum heap size: 0 out of 12000000
  Number of callouts: 0 out of 0
  Number of Email Invocations: 0 out of 10
  Number of future calls: 0 out of 50
  Number of queueable jobs added to the queue: 0 out of 1
  Number of Mobile Apex push calls: 0 out of 10

13:58:46.747 (2747093352)|LIMIT_USAGE_FOR_NS|slackv2|
  Number of SOQL queries: 1 out of 200
  Number of query rows: 1 out of 50000
  Number of SOSL queries: 0 out of 20
  Number of DML statements: 0 out of 150
  Number of Publish Immediate DML: 4 out of 150
  Number of DML rows: 0 out of 10000
  Maximum CPU time: 0 out of 60000
  Maximum heap size: 0 out of 12000000
  Number of callouts: 0 out of 0
  Number of Email Invocations: 0 out of 10
  Number of future calls: 0 out of 50
  Number of queueable jobs added to the queue: 0 out of 1
  Number of Mobile Apex push calls: 0 out of 10

13:58:46.747 (2747093352)|CUMULATIVE_LIMIT_USAGE_END

13:58:46.115 (2747926877)|CODE_UNIT_STARTED|[EXTERNAL]|Validation:Account:001Pj00001DndZj
13:58:46.115 (2747951537)|VALIDATION_RULE|03d5Y000001MOXK|Check_Company_Id_Value
13:58:46.115 (2748048578)|VALIDATION_FORMULA|AND(
	(LID__LinkedIn_Company_Id__c <> NULL),
	NOT(ISNUMBER(LID__LinkedIn_Company_Id__c))
)|LID__LinkedIn_Company_Id__c=null
13:58:46.115 (2748054988)|VALIDATION_PASS
13:58:46.115 (2748059938)|CODE_UNIT_FINISHED|Validation:Account:001Pj00001DndZj
13:58:46.115 (2771067504)|CODE_UNIT_STARTED|[EXTERNAL]|01q1400000064lr|ApproveAccount on Account trigger event AfterUpdate|__sfdc_trigger/ApproveAccount
13:58:46.115 (2771120384)|HEAP_ALLOCATE|[EXTERNAL]|Bytes:8
13:58:46.115 (2771152805)|HEAP_ALLOCATE|[EXTERNAL]|Bytes:8
13:58:46.115 (2771219325)|HEAP_ALLOCATE|[EXTERNAL]|Bytes:8
13:58:46.115 (2771247715)|VARIABLE_SCOPE_BEGIN|[1]|this|ApproveAccount|true|false
13:58:46.115 (2771350836)|VARIABLE_ASSIGNMENT|[1]|this|{}|0x4b0935a7
13:58:46.115 (2771396716)|HEAP_ALLOCATE|[EXTERNAL]|Bytes:8
13:58:46.115 (2771400606)|VARIABLE_SCOPE_BEGIN|[1]|this|ApproveAccount|true|false
13:58:46.115 (2771406916)|VARIABLE_ASSIGNMENT|[1]|this|{}|0x4b0935a7
13:58:46.115 (2771411336)|STATEMENT_EXECUTE|[1]
13:58:46.115 (2771419636)|STATEMENT_EXECUTE|[3]
13:58:46.115 (2771433056)|HEAP_ALLOCATE|[3]|Bytes:4
13:58:46.115 (2771493147)|VARIABLE_ASSIGNMENT|[3]|this.accountMap|{}|0x4b0935a7
13:58:46.115 (2771533497)|HEAP_ALLOCATE|[6]|Bytes:5
13:58:46.115 (2771549667)|VARIABLE_SCOPE_BEGIN|[6]|acc|Account|true|false
13:58:46.115 (2773796890)|VARIABLE_ASSIGNMENT|[6]|acc|{"LastModifiedDate":"2026-08-28T13:58:47.000Z","MarketNetwork__c":false,"xt_Commerce_Opt_in_phone__c":false,"Currently_processing__c":false,"xt_Local_Store__c":false,"Simplex_Merchant__c":false,"S2P_Docs_Company_certificate__c":false,"NCP__c":false,"IsUpdate__c":false,"Duplicate__c":false,"Apply_Form_Completed__c":false,"No_Support_Page__c":false,"TAM__c":false,"VIP__c":false,"account6QA6sense__c":false,"AckRequestedXTPayments__c":false,"S2P_Merchant_agreement__c":false,"Name":"Syntech Solutions Kf (2 more) ...","Live_Account_Email_sent__c":false,"Sensitive_Account__c":false,"Strategic_Account__c":false,"Industry":"Unknown","IBT__c":false,"CreatedById":"005Pj00000cEmDOIA0","G2S__c":false,"Account_Owner__c":"Ivaylo Nikolov","HubSpot_Migration__c":false,"Gong__Gong_Count__c":1.00,"Login_For_Purchase__c":false,"GTSBilling__c":false,"Case_Sensitive_Id__c":"001Pj00001DndZjIAJ","Participates_in_affiliate_network__c":false,"S2P_Docs_Register_of_directors__c":false,"Premium_Account__c":false,"Welcome_Call_Done__c":false,"IsDeleted":false,"Temp_Field__c":false,"S2P_Test__c":false,"Automation_Error__c":false,"Partner__c":false,"Live_Safecharge_Opportunities__c":0,"automated_acc__c":false,"Service_Level_Standards__c":false,"CurrencyIsoCode":"USD","S2P_Docs_Bank_statement__c":false,"Processing_Account__c":false,"Safecharge__c":false,"CreatedDate":"2026-08-28T13:58:44.000Z","Enriched__c":false,"Id":"001Pj00001DndZjIAJ","Num_of_Declined_Opportunites__c":0,"IsPartner":false,"French_Speaker__c":false,"SFSSDupeCatcher__Override_DupeCatcher__c":false,"Approve_Account_Status__c":false,"Num_of_Live_Opportunites__c":0,"Using_an_affiliate_program__c":false,"automated__c":false,"Website":"http://cosmedicalsup (7 more) ...","ISV_Partner_Status__c":false,"Is_Paya_Providing_L1_Customer_Support__c":false,"Support_Metal__c":"Bronze","self_created__c":false,"S2P_Test_Platform__c":false,"Verified__c":false,"Currency__c":"EURO","sw_connector__swEnrichWithSW__c":false,"Live_Company_Profile__c":0,"S2P_Merchant_Review_Updates__c":false,"OwnerId":"00530000006NODJAA4","Expected_Monthly_Volume_Total__c":0,"Phone":"+18553106344","S2P_Marketplace__c":false,"Account_Operations_Support__c":false,"Opportunity_record_type_SafeCharge_stage__c":"In Pre-Approval","project__c":"g2s","XTPayments__c":false,"Share__c":false,"Account_Merchant_Tier__c":"Tier 3","Number_of_opps__c":1,"IsCustomerPortal":false,"xt_Commerce_Opt_in_email__c":false,"Optimized__c":false,"Logo_Usage__c":false,"Support_Sensitive__c":false,"Support_Level__c":"Enterprise","Client_s_tier__c":"3","SystemModstamp":"2026-08-28T13:58:47.000Z","AccountNumber":"01-09-409373","Merchant_Classification__c":"General","Owenrship__c":false,"Accepted_xt_Commerce_EULA__c":false,"Monetization__c":false,"Change_Account_Status__c":false,"Type":"Merchant","LastModifiedById":"005Pj00000cEmDOIA0"}|0x4a1c72cc
13:58:46.115 (2773816580)|STATEMENT_EXECUTE|[7]
13:58:46.115 (2773829940)|STATEMENT_EXECUTE|[8]
13:58:46.115 (2773840950)|HEAP_ALLOCATE|[6]|Bytes:5
13:58:46.115 (2773849241)|VARIABLE_ASSIGNMENT|[6]|acc|null|
13:58:46.115 (2773862181)|STATEMENT_EXECUTE|[14]
13:58:46.773 (2773866011)|CUMULATIVE_LIMIT_USAGE
13:58:46.773 (2773866011)|LIMIT_USAGE_FOR_NS|(default)|
  Number of SOQL queries: 8 out of 200
  Number of query rows: 6 out of 50000
  Number of SOSL queries: 0 out of 20
  Number of DML statements: 4 out of 150
  Number of Publish Immediate DML: 0 out of 150
  Number of DML rows: 6 out of 10000
  Maximum CPU time: 519 out of 60000
  Maximum heap size: 0 out of 12000000
  Number of callouts: 0 out of 0
  Number of Email Invocations: 0 out of 10
  Number of future calls: 0 out of 50
  Number of queueable jobs added to the queue: 0 out of 1
  Number of Mobile Apex push calls: 0 out of 10

13:58:46.773 (2773866011)|LIMIT_USAGE_FOR_NS|MC4SF|
  Number of SOQL queries: 1 out of 200
  Number of query rows: 0 out of 50000
  Number of SOSL queries: 0 out of 20
  Number of DML statements: 0 out of 150
  Number of Publish Immediate DML: 0 out of 150
  Number of DML rows: 0 out of 10000
  Maximum CPU time: 0 out of 60000
  Maximum heap size: 0 out of 12000000
  Number of callouts: 0 out of 0
  Number of Email Invocations: 0 out of 10
  Number of future calls: 0 out of 50
  Number of queueable jobs added to the queue: 0 out of 1
  Number of Mobile Apex push calls: 0 out of 10

13:58:46.773 (2773866011)|LIMIT_USAGE_FOR_NS|pw_cc|
  Number of SOQL queries: 1 out of 200
  Number of query rows: 0 out of 50000
  Number of SOSL queries: 0 out of 20
  Number of DML statements: 0 out of 150
  Number of Publish Immediate DML: 0 out of 150
  Number of DML rows: 0 out of 10000
  Maximum CPU time: 0 out of 60000
  Maximum heap size: 0 out of 12000000
  Number of callouts: 0 out of 0
  Number of Email Invocations: 0 out of 10
  Number of future calls: 0 out of 50
  Number of queueable jobs added to the queue: 0 out of 1
  Number of Mobile Apex push calls: 0 out of 10

13:58:46.773 (2773866011)|LIMIT_USAGE_FOR_NS|SFSSDupeCatcher|
  Number of SOQL queries: 30 out of 200
  Number of query rows: 30 out of 50000
  Number of SOSL queries: 0 out of 20
  Number of DML statements: 0 out of 150
  Number of Publish Immediate DML: 0 out of 150
  Number of DML rows: 0 out of 10000
  Maximum CPU time: 0 out of 60000
  Maximum heap size: 0 out of 12000000
  Number of callouts: 0 out of 0
  Number of Email Invocations: 0 out of 10
  Number of future calls: 0 out of 50
  Number of queueable jobs added to the queue: 0 out of 1
  Number of Mobile Apex push calls: 0 out of 10

13:58:46.773 (2773866011)|LIMIT_USAGE_FOR_NS|slackv2|
  Number of SOQL queries: 1 out of 200
  Number of query rows: 1 out of 50000
  Number of SOSL queries: 0 out of 20
  Number of DML statements: 0 out of 150
  Number of Publish Immediate DML: 4 out of 150
  Number of DML rows: 0 out of 10000
  Maximum CPU time: 0 out of 60000
  Maximum heap size: 0 out of 12000000
  Number of callouts: 0 out of 0
  Number of Email Invocations: 0 out of 10
  Number of future calls: 0 out of 50
  Number of queueable jobs added to the queue: 0 out of 1
  Number of Mobile Apex push calls: 0 out of 10

13:58:46.773 (2773866011)|CUMULATIVE_LIMIT_USAGE_END

13:58:46.115 (2774001771)|CODE_UNIT_FINISHED|ApproveAccount on Account trigger event AfterUpdate|__sfdc_trigger/ApproveAccount
13:58:46.115 (2775016717)|CODE_UNIT_STARTED|[EXTERNAL]|01q1400000064ls|ChangeMerchantStatus on Account trigger event AfterUpdate|__sfdc_trigger/ChangeMerchantStatus
13:58:46.115 (2775037517)|HEAP_ALLOCATE|[EXTERNAL]|Bytes:8
13:58:46.115 (2775041587)|HEAP_ALLOCATE|[EXTERNAL]|Bytes:8
13:58:46.115 (2775075478)|HEAP_ALLOCATE|[EXTERNAL]|Bytes:8
13:58:46.115 (2775079278)|VARIABLE_SCOPE_BEGIN|[1]|this|ChangeMerchantStatus|true|false
13:58:46.115 (2775097298)|VARIABLE_ASSIGNMENT|[1]|this|{}|0x4fb3c966
13:58:46.115 (2775108288)|HEAP_ALLOCATE|[EXTERNAL]|Bytes:8
13:58:46.115 (2775111328)|VARIABLE_SCOPE_BEGIN|[1]|this|ChangeMerchantStatus|true|false
13:58:46.115 (2775116868)|VARIABLE_ASSIGNMENT|[1]|this|{}|0x4fb3c966
13:58:46.115 (2775120058)|STATEMENT_EXECUTE|[1]
13:58:46.115 (2775121398)|STATEMENT_EXECUTE|[3]
13:58:46.115 (2775128358)|HEAP_ALLOCATE|[3]|Bytes:4
13:58:46.115 (2775156328)|VARIABLE_ASSIGNMENT|[3]|this.accountMap|{}|0x4fb3c966
13:58:46.115 (2775182438)|HEAP_ALLOCATE|[6]|Bytes:5
13:58:46.115 (2775192948)|VARIABLE_SCOPE_BEGIN|[6]|acc|Account|true|false
13:58:46.115 (2776850408)|VARIABLE_ASSIGNMENT|[6]|acc|{"LastModifiedDate":"2026-08-28T13:58:47.000Z","MarketNetwork__c":false,"xt_Commerce_Opt_in_phone__c":false,"Currently_processing__c":false,"xt_Local_Store__c":false,"Simplex_Merchant__c":false,"S2P_Docs_Company_certificate__c":false,"NCP__c":false,"IsUpdate__c":false,"Duplicate__c":false,"Apply_Form_Completed__c":false,"No_Support_Page__c":false,"TAM__c":false,"VIP__c":false,"account6QA6sense__c":false,"AckRequestedXTPayments__c":false,"S2P_Merchant_agreement__c":false,"Name":"Syntech Solutions Kf (2 more) ...","Live_Account_Email_sent__c":false,"Sensitive_Account__c":false,"Strategic_Account__c":false,"Industry":"Unknown","IBT__c":false,"CreatedById":"005Pj00000cEmDOIA0","G2S__c":false,"Account_Owner__c":"Ivaylo Nikolov","HubSpot_Migration__c":false,"Gong__Gong_Count__c":1.00,"Login_For_Purchase__c":false,"GTSBilling__c":false,"Case_Sensitive_Id__c":"001Pj00001DndZjIAJ","Participates_in_affiliate_network__c":false,"S2P_Docs_Register_of_directors__c":false,"Premium_Account__c":false,"Welcome_Call_Done__c":false,"IsDeleted":false,"Temp_Field__c":false,"S2P_Test__c":false,"Automation_Error__c":false,"Partner__c":false,"Live_Safecharge_Opportunities__c":0,"automated_acc__c":false,"Service_Level_Standards__c":false,"CurrencyIsoCode":"USD","S2P_Docs_Bank_statement__c":false,"Processing_Account__c":false,"Safecharge__c":false,"CreatedDate":"2026-08-28T13:58:44.000Z","Enriched__c":false,"Id":"001Pj00001DndZjIAJ","Num_of_Declined_Opportunites__c":0,"IsPartner":false,"French_Speaker__c":false,"SFSSDupeCatcher__Override_DupeCatcher__c":false,"Approve_Account_Status__c":false,"Num_of_Live_Opportunites__c":0,"Using_an_affiliate_program__c":false,"automated__c":false,"Website":"http://cosmedicalsup (7 more) ...","ISV_Partner_Status__c":false,"Is_Paya_Providing_L1_Customer_Support__c":false,"Support_Metal__c":"Bronze","self_created__c":false,"S2P_Test_Platform__c":false,"Verified__c":false,"Currency__c":"EURO","sw_connector__swEnrichWithSW__c":false,"Live_Company_Profile__c":0,"S2P_Merchant_Review_Updates__c":false,"OwnerId":"00530000006NODJAA4","Expected_Monthly_Volume_Total__c":0,"Phone":"+18553106344","S2P_Marketplace__c":false,"Account_Operations_Support__c":false,"Opportunity_record_type_SafeCharge_stage__c":"In Pre-Approval","project__c":"g2s","XTPayments__c":false,"Share__c":false,"Account_Merchant_Tier__c":"Tier 3","Number_of_opps__c":1,"IsCustomerPortal":false,"xt_Commerce_Opt_in_email__c":false,"Optimized__c":false,"Logo_Usage__c":false,"Support_Sensitive__c":false,"Support_Level__c":"Enterprise","Client_s_tier__c":"3","SystemModstamp":"2026-08-28T13:58:47.000Z","AccountNumber":"01-09-409373","Merchant_Classification__c":"General","Owenrship__c":false,"Accepted_xt_Commerce_EULA__c":false,"Monetization__c":false,"Change_Account_Status__c":false,"Type":"Merchant","LastModifiedById":"005Pj00000cEmDOIA0"}|0x4a1c72cc
13:58:46.115 (2776867718)|STATEMENT_EXECUTE|[7]
13:58:46.115 (2776904078)|STATEMENT_EXECUTE|[8]
13:58:46.115 (2776912028)|HEAP_ALLOCATE|[6]|Bytes:5
13:58:46.115 (2776919718)|VARIABLE_ASSIGNMENT|[6]|acc|null|
13:58:46.115 (2776929258)|STATEMENT_EXECUTE|[13]
13:58:46.776 (2776932069)|CUMULATIVE_LIMIT_USAGE
13:58:46.776 (2776932069)|LIMIT_USAGE_FOR_NS|(default)|
  Number of SOQL queries: 8 out of 200
  Number of query rows: 6 out of 50000
  Number of SOSL queries: 0 out of 20
  Number of DML statements: 4 out of 150
  Number of Publish Immediate DML: 0 out of 150
  Number of DML rows: 6 out of 10000
  Maximum CPU time: 519 out of 60000
  Maximum heap size: 0 out of 12000000
  Number of callouts: 0 out of 0
  Number of Email Invocations: 0 out of 10
  Number of future calls: 0 out of 50
  Number of queueable jobs added to the queue: 0 out of 1
  Number of Mobile Apex push calls: 0 out of 10

13:58:46.776 (2776932069)|LIMIT_USAGE_FOR_NS|MC4SF|
  Number of SOQL queries: 1 out of 200
  Number of query rows: 0 out of 50000
  Number of SOSL queries: 0 out of 20
  Number of DML statements: 0 out of 150
  Number of Publish Immediate DML: 0 out of 150
  Number of DML rows: 0 out of 10000
  Maximum CPU time: 0 out of 60000
  Maximum heap size: 0 out of 12000000
  Number of callouts: 0 out of 0
  Number of Email Invocations: 0 out of 10
  Number of future calls: 0 out of 50
  Number of queueable jobs added to the queue: 0 out of 1
  Number of Mobile Apex push calls: 0 out of 10

13:58:46.776 (2776932069)|LIMIT_USAGE_FOR_NS|pw_cc|
  Number of SOQL queries: 1 out of 200
  Number of query rows: 0 out of 50000
  Number of SOSL queries: 0 out of 20
  Number of DML statements: 0 out of 150
  Number of Publish Immediate DML: 0 out of 150
  Number of DML rows: 0 out of 10000
  Maximum CPU time: 0 out of 60000
  Maximum heap size: 0 out of 12000000
  Number of callouts: 0 out of 0
  Number of Email Invocations: 0 out of 10
  Number of future calls: 0 out of 50
  Number of queueable jobs added to the queue: 0 out of 1
  Number of Mobile Apex push calls: 0 out of 10

13:58:46.776 (2776932069)|LIMIT_USAGE_FOR_NS|SFSSDupeCatcher|
  Number of SOQL queries: 30 out of 200
  Number of query rows: 30 out of 50000
  Number of SOSL queries: 0 out of 20
  Number of DML statements: 0 out of 150
  Number of Publish Immediate DML: 0 out of 150
  Number of DML rows: 0 out of 10000
  Maximum CPU time: 0 out of 60000
  Maximum heap size: 0 out of 12000000
  Number of callouts: 0 out of 0
  Number of Email Invocations: 0 out of 10
  Number of future calls: 0 out of 50
  Number of queueable jobs added to the queue: 0 out of 1
  Number of Mobile Apex push calls: 0 out of 10

13:58:46.776 (2776932069)|LIMIT_USAGE_FOR_NS|slackv2|
  Number of SOQL queries: 1 out of 200
  Number of query rows: 1 out of 50000
  Number of SOSL queries: 0 out of 20
  Number of DML statements: 0 out of 150
  Number of Publish Immediate DML: 4 out of 150
  Number of DML rows: 0 out of 10000
  Maximum CPU time: 0 out of 60000
  Maximum heap size: 0 out of 12000000
  Number of callouts: 0 out of 0
  Number of Email Invocations: 0 out of 10
  Number of future calls: 0 out of 50
  Number of queueable jobs added to the queue: 0 out of 1
  Number of Mobile Apex push calls: 0 out of 10

13:58:46.776 (2776932069)|CUMULATIVE_LIMIT_USAGE_END

13:58:46.115 (2777040899)|CODE_UNIT_FINISHED|ChangeMerchantStatus on Account trigger event AfterUpdate|__sfdc_trigger/ChangeMerchantStatus
13:58:46.115 (2778024825)|CODE_UNIT_STARTED|[EXTERNAL]|01q1400000064lu|SendChangedStatusEmail on Account trigger event AfterUpdate|__sfdc_trigger/SendChangedStatusEmail
13:58:46.115 (2778040515)|HEAP_ALLOCATE|[EXTERNAL]|Bytes:8
13:58:46.115 (2778043705)|HEAP_ALLOCATE|[EXTERNAL]|Bytes:8
13:58:46.115 (2778082485)|HEAP_ALLOCATE|[EXTERNAL]|Bytes:8
13:58:46.115 (2778086225)|VARIABLE_SCOPE_BEGIN|[1]|this|SendChangedStatusEmail|true|false
13:58:46.115 (2778102955)|VARIABLE_ASSIGNMENT|[1]|this|{}|0x1c795848
13:58:46.115 (2778113615)|HEAP_ALLOCATE|[EXTERNAL]|Bytes:8
13:58:46.115 (2778116795)|VARIABLE_SCOPE_BEGIN|[1]|this|SendChangedStatusEmail|true|false
13:58:46.115 (2778122115)|VARIABLE_ASSIGNMENT|[1]|this|{}|0x1c795848
13:58:46.115 (2778125055)|STATEMENT_EXECUTE|[1]
13:58:46.115 (2778126505)|STATEMENT_EXECUTE|[3]
13:58:46.115 (2778133356)|HEAP_ALLOCATE|[3]|Bytes:4
13:58:46.115 (2778156606)|VARIABLE_ASSIGNMENT|[3]|this.accountMap|{}|0x1c795848
13:58:46.115 (2778180036)|HEAP_ALLOCATE|[6]|Bytes:5
13:58:46.115 (2778219376)|VARIABLE_SCOPE_BEGIN|[6]|acc|Account|true|false
13:58:46.115 (2779618804)|VARIABLE_ASSIGNMENT|[6]|acc|{"LastModifiedDate":"2026-08-28T13:58:47.000Z","MarketNetwork__c":false,"xt_Commerce_Opt_in_phone__c":false,"Currently_processing__c":false,"xt_Local_Store__c":false,"Simplex_Merchant__c":false,"S2P_Docs_Company_certificate__c":false,"NCP__c":false,"IsUpdate__c":false,"Duplicate__c":false,"Apply_Form_Completed__c":false,"No_Support_Page__c":false,"TAM__c":false,"VIP__c":false,"account6QA6sense__c":false,"AckRequestedXTPayments__c":false,"S2P_Merchant_agreement__c":false,"Name":"Syntech Solutions Kf (2 more) ...","Live_Account_Email_sent__c":false,"Sensitive_Account__c":false,"Strategic_Account__c":false,"Industry":"Unknown","IBT__c":false,"CreatedById":"005Pj00000cEmDOIA0","G2S__c":false,"Account_Owner__c":"Ivaylo Nikolov","HubSpot_Migration__c":false,"Gong__Gong_Count__c":1.00,"Login_For_Purchase__c":false,"GTSBilling__c":false,"Case_Sensitive_Id__c":"001Pj00001DndZjIAJ","Participates_in_affiliate_network__c":false,"S2P_Docs_Register_of_directors__c":false,"Premium_Account__c":false,"Welcome_Call_Done__c":false,"IsDeleted":false,"Temp_Field__c":false,"S2P_Test__c":false,"Automation_Error__c":false,"Partner__c":false,"Live_Safecharge_Opportunities__c":0,"automated_acc__c":false,"Service_Level_Standards__c":false,"CurrencyIsoCode":"USD","S2P_Docs_Bank_statement__c":false,"Processing_Account__c":false,"Safecharge__c":false,"CreatedDate":"2026-08-28T13:58:44.000Z","Enriched__c":false,"Id":"001Pj00001DndZjIAJ","Num_of_Declined_Opportunites__c":0,"IsPartner":false,"French_Speaker__c":false,"SFSSDupeCatcher__Override_DupeCatcher__c":false,"Approve_Account_Status__c":false,"Num_of_Live_Opportunites__c":0,"Using_an_affiliate_program__c":false,"automated__c":false,"Website":"http://cosmedicalsup (7 more) ...","ISV_Partner_Status__c":false,"Is_Paya_Providing_L1_Customer_Support__c":false,"Support_Metal__c":"Bronze","self_created__c":false,"S2P_Test_Platform__c":false,"Verified__c":false,"Currency__c":"EURO","sw_connector__swEnrichWithSW__c":false,"Live_Company_Profile__c":0,"S2P_Merchant_Review_Updates__c":false,"OwnerId":"00530000006NODJAA4","Expected_Monthly_Volume_Total__c":0,"Phone":"+18553106344","S2P_Marketplace__c":false,"Account_Operations_Support__c":false,"Opportunity_record_type_SafeCharge_stage__c":"In Pre-Approval","project__c":"g2s","XTPayments__c":false,"Share__c":false,"Account_Merchant_Tier__c":"Tier 3","Number_of_opps__c":1,"IsCustomerPortal":false,"xt_Commerce_Opt_in_email__c":false,"Optimized__c":false,"Logo_Usage__c":false,"Support_Sensitive__c":false,"Support_Level__c":"Enterprise","Client_s_tier__c":"3","SystemModstamp":"2026-08-28T13:58:47.000Z","AccountNumber":"01-09-409373","Merchant_Classification__c":"General","Owenrship__c":false,"Accepted_xt_Commerce_EULA__c":false,"Monetization__c":false,"Change_Account_Status__c":false,"Type":"Merchant","LastModifiedById":"005Pj00000cEmDOIA0"}|0x4a1c72cc
13:58:46.115 (2779633664)|STATEMENT_EXECUTE|[7]
13:58:46.115 (2779660694)|STATEMENT_EXECUTE|[8]
13:58:46.115 (2779666344)|HEAP_ALLOCATE|[6]|Bytes:5
13:58:46.115 (2779673224)|VARIABLE_ASSIGNMENT|[6]|acc|null|
13:58:46.115 (2779682485)|STATEMENT_EXECUTE|[13]
13:58:46.779 (2779685145)|CUMULATIVE_LIMIT_USAGE
13:58:46.779 (2779685145)|LIMIT_USAGE_FOR_NS|(default)|
  Number of SOQL queries: 8 out of 200
  Number of query rows: 6 out of 50000
  Number of SOSL queries: 0 out of 20
  Number of DML statements: 4 out of 150
  Number of Publish Immediate DML: 0 out of 150
  Number of DML rows: 6 out of 10000
  Maximum CPU time: 519 out of 60000
  Maximum heap size: 0 out of 12000000
  Number of callouts: 0 out of 0
  Number of Email Invocations: 0 out of 10
  Number of future calls: 0 out of 50
  Number of queueable jobs added to the queue: 0 out of 1
  Number of Mobile Apex push calls: 0 out of 10

13:58:46.779 (2779685145)|LIMIT_USAGE_FOR_NS|MC4SF|
  Number of SOQL queries: 1 out of 200
  Number of query rows: 0 out of 50000
  Number of SOSL queries: 0 out of 20
  Number of DML statements: 0 out of 150
  Number of Publish Immediate DML: 0 out of 150
  Number of DML rows: 0 out of 10000
  Maximum CPU time: 0 out of 60000
  Maximum heap size: 0 out of 12000000
  Number of callouts: 0 out of 0
  Number of Email Invocations: 0 out of 10
  Number of future calls: 0 out of 50
  Number of queueable jobs added to the queue: 0 out of 1
  Number of Mobile Apex push calls: 0 out of 10

13:58:46.779 (2779685145)|LIMIT_USAGE_FOR_NS|pw_cc|
  Number of SOQL queries: 1 out of 200
  Number of query rows: 0 out of 50000
  Number of SOSL queries: 0 out of 20
  Number of DML statements: 0 out of 150
  Number of Publish Immediate DML: 0 out of 150
  Number of DML rows: 0 out of 10000
  Maximum CPU time: 0 out of 60000
  Maximum heap size: 0 out of 12000000
  Number of callouts: 0 out of 0
  Number of Email Invocations: 0 out of 10
  Number of future calls: 0 out of 50
  Number of queueable jobs added to the queue: 0 out of 1
  Number of Mobile Apex push calls: 0 out of 10

13:58:46.779 (2779685145)|LIMIT_USAGE_FOR_NS|SFSSDupeCatcher|
  Number of SOQL queries: 30 out of 200
  Number of query rows: 30 out of 50000
  Number of SOSL queries: 0 out of 20
  Number of DML statements: 0 out of 150
  Number of Publish Immediate DML: 0 out of 150
  Number of DML rows: 0 out of 10000
  Maximum CPU time: 0 out of 60000
  Maximum heap size: 0 out of 12000000
  Number of callouts: 0 out of 0
  Number of Email Invocations: 0 out of 10
  Number of future calls: 0 out of 50
  Number of queueable jobs added to the queue: 0 out of 1
  Number of Mobile Apex push calls: 0 out of 10

13:58:46.779 (2779685145)|LIMIT_USAGE_FOR_NS|slackv2|
  Number of SOQL queries: 1 out of 200
  Number of query rows: 1 out of 50000
  Number of SOSL queries: 0 out of 20
  Number of DML statements: 0 out of 150
  Number of Publish Immediate DML: 4 out of 150
  Number of DML rows: 0 out of 10000
  Maximum CPU time: 0 out of 60000
  Maximum heap size: 0 out of 12000000
  Number of callouts: 0 out of 0
  Number of Email Invocations: 0 out of 10
  Number of future calls: 0 out of 50
  Number of queueable jobs added to the queue: 0 out of 1
  Number of Mobile Apex push calls: 0 out of 10

13:58:46.779 (2779685145)|CUMULATIVE_LIMIT_USAGE_END

13:58:46.115 (2779779705)|CODE_UNIT_FINISHED|SendChangedStatusEmail on Account trigger event AfterUpdate|__sfdc_trigger/SendChangedStatusEmail
13:58:46.780 (2780991732)|ENTERING_MANAGED_PKG|MC4SF
13:58:46.780 (2781128903)|ENTERING_MANAGED_PKG|MC4SF
13:58:46.780 (2782496461)|ENTERING_MANAGED_PKG|MC4SF
13:58:46.784 (2784376552)|CUMULATIVE_LIMIT_USAGE
13:58:46.784 (2784376552)|LIMIT_USAGE_FOR_NS|(default)|
  Number of SOQL queries: 8 out of 200
  Number of query rows: 6 out of 50000
  Number of SOSL queries: 0 out of 20
  Number of DML statements: 4 out of 150
  Number of Publish Immediate DML: 0 out of 150
  Number of DML rows: 6 out of 10000
  Maximum CPU time: 519 out of 60000
  Maximum heap size: 0 out of 12000000
  Number of callouts: 0 out of 0
  Number of Email Invocations: 0 out of 10
  Number of future calls: 0 out of 50
  Number of queueable jobs added to the queue: 0 out of 1
  Number of Mobile Apex push calls: 0 out of 10

13:58:46.784 (2784376552)|LIMIT_USAGE_FOR_NS|MC4SF|
  Number of SOQL queries: 1 out of 200
  Number of query rows: 0 out of 50000
  Number of SOSL queries: 0 out of 20
  Number of DML statements: 0 out of 150
  Number of Publish Immediate DML: 0 out of 150
  Number of DML rows: 0 out of 10000
  Maximum CPU time: 0 out of 60000
  Maximum heap size: 0 out of 12000000
  Number of callouts: 0 out of 0
  Number of Email Invocations: 0 out of 10
  Number of future calls: 0 out of 50
  Number of queueable jobs added to the queue: 0 out of 1
  Number of Mobile Apex push calls: 0 out of 10

13:58:46.784 (2784376552)|LIMIT_USAGE_FOR_NS|pw_cc|
  Number of SOQL queries: 1 out of 200
  Number of query rows: 0 out of 50000
  Number of SOSL queries: 0 out of 20
  Number of DML statements: 0 out of 150
  Number of Publish Immediate DML: 0 out of 150
  Number of DML rows: 0 out of 10000
  Maximum CPU time: 0 out of 60000
  Maximum heap size: 0 out of 12000000
  Number of callouts: 0 out of 0
  Number of Email Invocations: 0 out of 10
  Number of future calls: 0 out of 50
  Number of queueable jobs added to the queue: 0 out of 1
  Number of Mobile Apex push calls: 0 out of 10

13:58:46.784 (2784376552)|LIMIT_USAGE_FOR_NS|SFSSDupeCatcher|
  Number of SOQL queries: 30 out of 200
  Number of query rows: 30 out of 50000
  Number of SOSL queries: 0 out of 20
  Number of DML statements: 0 out of 150
  Number of Publish Immediate DML: 0 out of 150
  Number of DML rows: 0 out of 10000
  Maximum CPU time: 0 out of 60000
  Maximum heap size: 0 out of 12000000
  Number of callouts: 0 out of 0
  Number of Email Invocations: 0 out of 10
  Number of future calls: 0 out of 50
  Number of queueable jobs added to the queue: 0 out of 1
  Number of Mobile Apex push calls: 0 out of 10

13:58:46.784 (2784376552)|LIMIT_USAGE_FOR_NS|slackv2|
  Number of SOQL queries: 1 out of 200
  Number of query rows: 1 out of 50000
  Number of SOSL queries: 0 out of 20
  Number of DML statements: 0 out of 150
  Number of Publish Immediate DML: 4 out of 150
  Number of DML rows: 0 out of 10000
  Maximum CPU time: 0 out of 60000
  Maximum heap size: 0 out of 12000000
  Number of callouts: 0 out of 0
  Number of Email Invocations: 0 out of 10
  Number of future calls: 0 out of 50
  Number of queueable jobs added to the queue: 0 out of 1
  Number of Mobile Apex push calls: 0 out of 10

13:58:46.784 (2784376552)|CUMULATIVE_LIMIT_USAGE_END

13:58:46.785 (2785580879)|ENTERING_MANAGED_PKG|SFSSDupeCatcher
13:58:46.785 (2785628630)|ENTERING_MANAGED_PKG|SFSSDupeCatcher
13:58:46.785 (2785819801)|ENTERING_MANAGED_PKG|SFSSDupeCatcher
13:58:46.785 (2785872701)|ENTERING_MANAGED_PKG|SFSSDupeCatcher
13:58:46.785 (2785938332)|ENTERING_MANAGED_PKG|SFSSDupeCatcher
13:58:46.785 (2785956502)|ENTERING_MANAGED_PKG|SFSSDupeCatcher
13:58:46.785 (2785963612)|ENTERING_MANAGED_PKG|SFSSDupeCatcher
13:58:46.785 (2785987272)|ENTERING_MANAGED_PKG|SFSSDupeCatcher
13:58:46.785 (2786328924)|SOQL_EXECUTE_BEGIN|[3131]|Aggregations:0|SELECT body, name FROM StaticResource WHERE Name = :tmpVar1 LIMIT 1
13:58:46.785 (2791185403)|SOQL_EXECUTE_END|[3131]|Rows:0
13:58:46.785 (2791274593)|ENTERING_MANAGED_PKG|SFSSDupeCatcher
13:58:46.785 (2791430494)|ENTERING_MANAGED_PKG|SFSSDupeCatcher
13:58:46.785 (2791827067)|ENTERING_MANAGED_PKG|SFSSDupeCatcher
13:58:46.785 (2791837997)|ENTERING_MANAGED_PKG|SFSSDupeCatcher
13:58:46.785 (2791916977)|ENTERING_MANAGED_PKG|SFSSDupeCatcher
13:58:46.785 (2792222989)|ENTERING_MANAGED_PKG|SFSSDupeCatcher
13:58:46.785 (2792263629)|ENTERING_MANAGED_PKG|SFSSDupeCatcher
13:58:46.785 (2792274599)|ENTERING_MANAGED_PKG|SFSSDupeCatcher
13:58:46.785 (2792354480)|ENTERING_MANAGED_PKG|SFSSDupeCatcher
13:58:46.785 (2792367780)|ENTERING_MANAGED_PKG|SFSSDupeCatcher
13:58:46.785 (2792375650)|ENTERING_MANAGED_PKG|SFSSDupeCatcher
13:58:46.785 (2792416910)|ENTERING_MANAGED_PKG|SFSSDupeCatcher
13:58:46.785 (2792691832)|SOQL_EXECUTE_BEGIN|[3131]|Aggregations:0|SELECT body, name FROM StaticResource WHERE Name = :tmpVar1 LIMIT 1
13:58:46.785 (2795728280)|SOQL_EXECUTE_END|[3131]|Rows:0
13:58:46.785 (2795792380)|ENTERING_MANAGED_PKG|SFSSDupeCatcher
13:58:46.785 (2795849570)|ENTERING_MANAGED_PKG|SFSSDupeCatcher
13:58:46.785 (2796157352)|ENTERING_MANAGED_PKG|SFSSDupeCatcher
13:58:46.785 (2796183992)|ENTERING_MANAGED_PKG|SFSSDupeCatcher
13:58:46.785 (2796193832)|ENTERING_MANAGED_PKG|SFSSDupeCatcher
13:58:46.785 (2796234883)|ENTERING_MANAGED_PKG|SFSSDupeCatcher
13:58:46.785 (2796243023)|ENTERING_MANAGED_PKG|SFSSDupeCatcher
13:58:46.785 (2796302843)|ENTERING_MANAGED_PKG|SFSSDupeCatcher
13:58:46.785 (2796314503)|ENTERING_MANAGED_PKG|SFSSDupeCatcher
13:58:46.785 (2796321973)|ENTERING_MANAGED_PKG|SFSSDupeCatcher
13:58:46.785 (2796357123)|ENTERING_MANAGED_PKG|SFSSDupeCatcher
13:58:46.785 (2796535994)|SOQL_EXECUTE_BEGIN|[3131]|Aggregations:0|SELECT body, name FROM StaticResource WHERE Name = :tmpVar1 LIMIT 1
13:58:46.785 (2799344381)|SOQL_EXECUTE_END|[3131]|Rows:0
13:58:46.785 (2799412171)|ENTERING_MANAGED_PKG|SFSSDupeCatcher
13:58:46.785 (2799460541)|ENTERING_MANAGED_PKG|SFSSDupeCatcher
13:58:46.785 (2799648622)|ENTERING_MANAGED_PKG|SFSSDupeCatcher
13:58:46.785 (2799670393)|ENTERING_MANAGED_PKG|SFSSDupeCatcher
13:58:46.785 (2799676343)|ENTERING_MANAGED_PKG|SFSSDupeCatcher
13:58:46.785 (2799700233)|ENTERING_MANAGED_PKG|SFSSDupeCatcher
13:58:46.785 (2799714773)|ENTERING_MANAGED_PKG|SFSSDupeCatcher
13:58:46.785 (2800067795)|SOQL_EXECUTE_BEGIN|[214]|Aggregations:0|SELECT Id, Name, Match_On_Insert_Action__c, Match_On_Update_Action__c, Create_Tasks_for_Warnings__c, Blocked_Duplicates__c, Merged_Duplicates__C, Converted_Duplicates__c, Error_Message__c, Scenario_Type__c, Deployed__c, Bypass_Security__c, Person_Account_Filter__c, OwnerID, CreatedById FROM Scenario__c WHERE Deployed__c = TRUE LIMIT 100
13:58:46.785 (2821733443)|SOQL_EXECUTE_END|[214]|Rows:3
13:58:46.785 (2821876594)|ENTERING_MANAGED_PKG|SFSSDupeCatcher
13:58:46.785 (2821888224)|ENTERING_MANAGED_PKG|SFSSDupeCatcher
13:58:46.785 (2821916824)|ENTERING_MANAGED_PKG|SFSSDupeCatcher
13:58:46.785 (2821937794)|ENTERING_MANAGED_PKG|SFSSDupeCatcher
13:58:46.785 (2822261776)|SOQL_EXECUTE_BEGIN|[34]|Aggregations:0|SELECT Name, Id, Mapping_Approach__c, Match_Field__c, Target_Match_Field__c, First_N_Letters__c, Match_Blanks__c, Scenario__c FROM Scenario_Rule__c LIMIT :tmpVar1
13:58:46.785 (2824797871)|SOQL_EXECUTE_END|[34]|Rows:7
13:58:46.785 (2825219554)|ENTERING_MANAGED_PKG|SFSSDupeCatcher
13:58:46.785 (2825351834)|ENTERING_MANAGED_PKG|SFSSDupeCatcher
13:58:46.785 (2825369244)|ENTERING_MANAGED_PKG|SFSSDupeCatcher
13:58:46.785 (2825427655)|ENTERING_MANAGED_PKG|SFSSDupeCatcher
13:58:46.785 (2825437765)|ENTERING_MANAGED_PKG|SFSSDupeCatcher
13:58:46.785 (2825479935)|ENTERING_MANAGED_PKG|SFSSDupeCatcher
13:58:46.785 (2825489535)|ENTERING_MANAGED_PKG|SFSSDupeCatcher
13:58:46.785 (2825526955)|ENTERING_MANAGED_PKG|SFSSDupeCatcher
13:58:46.785 (2825560426)|ENTERING_MANAGED_PKG|SFSSDupeCatcher
13:58:46.785 (2825572286)|ENTERING_MANAGED_PKG|SFSSDupeCatcher
13:58:46.785 (2825580566)|ENTERING_MANAGED_PKG|SFSSDupeCatcher
13:58:46.785 (2825618546)|ENTERING_MANAGED_PKG|SFSSDupeCatcher
13:58:46.785 (2825802137)|SOQL_EXECUTE_BEGIN|[3131]|Aggregations:0|SELECT body, name FROM StaticResource WHERE Name = :tmpVar1 LIMIT 1
13:58:46.785 (2828474863)|SOQL_EXECUTE_END|[3131]|Rows:0
13:58:46.785 (2828533913)|ENTERING_MANAGED_PKG|SFSSDupeCatcher
13:58:46.785 (2828592964)|ENTERING_MANAGED_PKG|SFSSDupeCatcher
13:58:46.828 (2828911166)|CUMULATIVE_LIMIT_USAGE
13:58:46.828 (2828911166)|LIMIT_USAGE_FOR_NS|(default)|
  Number of SOQL queries: 8 out of 200
  Number of query rows: 6 out of 50000
  Number of SOSL queries: 0 out of 20
  Number of DML statements: 4 out of 150
  Number of Publish Immediate DML: 0 out of 150
  Number of DML rows: 6 out of 10000
  Maximum CPU time: 539 out of 60000
  Maximum heap size: 0 out of 12000000
  Number of callouts: 0 out of 0
  Number of Email Invocations: 0 out of 10
  Number of future calls: 0 out of 50
  Number of queueable jobs added to the queue: 0 out of 1
  Number of Mobile Apex push calls: 0 out of 10

13:58:46.828 (2828911166)|LIMIT_USAGE_FOR_NS|MC4SF|
  Number of SOQL queries: 1 out of 200
  Number of query rows: 0 out of 50000
  Number of SOSL queries: 0 out of 20
  Number of DML statements: 0 out of 150
  Number of Publish Immediate DML: 0 out of 150
  Number of DML rows: 0 out of 10000
  Maximum CPU time: 0 out of 60000
  Maximum heap size: 0 out of 12000000
  Number of callouts: 0 out of 0
  Number of Email Invocations: 0 out of 10
  Number of future calls: 0 out of 50
  Number of queueable jobs added to the queue: 0 out of 1
  Number of Mobile Apex push calls: 0 out of 10

13:58:46.828 (2828911166)|LIMIT_USAGE_FOR_NS|pw_cc|
  Number of SOQL queries: 1 out of 200
  Number of query rows: 0 out of 50000
  Number of SOSL queries: 0 out of 20
  Number of DML statements: 0 out of 150
  Number of Publish Immediate DML: 0 out of 150
  Number of DML rows: 0 out of 10000
  Maximum CPU time: 0 out of 60000
  Maximum heap size: 0 out of 12000000
  Number of callouts: 0 out of 0
  Number of Email Invocations: 0 out of 10
  Number of future calls: 0 out of 50
  Number of queueable jobs added to the queue: 0 out of 1
  Number of Mobile Apex push calls: 0 out of 10

13:58:46.828 (2828911166)|LIMIT_USAGE_FOR_NS|SFSSDupeCatcher|
  Number of SOQL queries: 36 out of 200
  Number of query rows: 40 out of 50000
  Number of SOSL queries: 0 out of 20
  Number of DML statements: 0 out of 150
  Number of Publish Immediate DML: 0 out of 150
  Number of DML rows: 0 out of 10000
  Maximum CPU time: 0 out of 60000
  Maximum heap size: 0 out of 12000000
  Number of callouts: 0 out of 0
  Number of Email Invocations: 0 out of 10
  Number of future calls: 0 out of 50
  Number of queueable jobs added to the queue: 0 out of 1
  Number of Mobile Apex push calls: 0 out of 10

13:58:46.828 (2828911166)|LIMIT_USAGE_FOR_NS|slackv2|
  Number of SOQL queries: 1 out of 200
  Number of query rows: 1 out of 50000
  Number of SOSL queries: 0 out of 20
  Number of DML statements: 0 out of 150
  Number of Publish Immediate DML: 4 out of 150
  Number of DML rows: 0 out of 10000
  Maximum CPU time: 0 out of 60000
  Maximum heap size: 0 out of 12000000
  Number of callouts: 0 out of 0
  Number of Email Invocations: 0 out of 10
  Number of future calls: 0 out of 50
  Number of queueable jobs added to the queue: 0 out of 1
  Number of Mobile Apex push calls: 0 out of 10

13:58:46.828 (2828911166)|CUMULATIVE_LIMIT_USAGE_END

13:58:46.830 (2830146823)|ENTERING_MANAGED_PKG|slackv2
13:58:46.830 (2830290394)|ENTERING_MANAGED_PKG|slackv2
13:58:46.830 (2831628092)|ENTERING_MANAGED_PKG|slackv2
13:58:46.830 (2831893533)|ENTERING_MANAGED_PKG|slackv2
13:58:46.830 (2831980494)|ENTERING_MANAGED_PKG|slackv2
13:58:46.830 (3256335949)|ENTERING_MANAGED_PKG|slackv2
13:58:46.830 (3256387940)|ENTERING_MANAGED_PKG|slackv2
13:58:46.830 (3256462120)|ENTERING_MANAGED_PKG|slackv2
13:58:46.830 (3256526570)|ENTERING_MANAGED_PKG|slackv2
13:58:46.830 (3256535231)|ENTERING_MANAGED_PKG|slackv2
13:58:46.830 (3256680511)|ENTERING_MANAGED_PKG|slackv2
13:58:46.830 (3256742472)|ENTERING_MANAGED_PKG|slackv2
13:58:46.830 (3257053314)|VARIABLE_ASSIGNMENT|[EXTERNAL]|this|"common.apex.runtime.impl.ExecutionException"|0x5f514aba
13:58:46.830 (3257091144)|VARIABLE_ASSIGNMENT|[EXTERNAL]|message|"Insufficient \"Read\"  (31 more) ..."
13:58:46.830 (3257112954)|VARIABLE_ASSIGNMENT|[EXTERNAL]|cause|"common.apex.runtime.impl.ExecutionException: Script-thrown exception"|0x7ed4c385
13:58:46.830 (3257167204)|HEAP_ALLOCATE|[820]|Bytes:19
13:58:46.830 (3257180304)|HEAP_ALLOCATE|[820]|Bytes:16
13:58:46.830 (3257181784)|HEAP_ALLOCATE|[820]|Bytes:19
13:58:46.830 (3257200305)|HEAP_ALLOCATE|[820]|Bytes:19
13:58:46.830 (3257201455)|HEAP_ALLOCATE|[820]|Bytes:16
13:58:46.830 (3257202495)|HEAP_ALLOCATE|[820]|Bytes:19
13:58:46.830 (3257204265)|HEAP_ALLOCATE|[820]|Bytes:19
13:58:46.830 (3257205375)|HEAP_ALLOCATE|[820]|Bytes:6
13:58:46.830 (3257206415)|HEAP_ALLOCATE|[820]|Bytes:19
13:58:46.830 (3257207915)|HEAP_ALLOCATE|[820]|Bytes:19
13:58:46.830 (3257208965)|HEAP_ALLOCATE|[820]|Bytes:6
13:58:46.830 (3257210035)|HEAP_ALLOCATE|[820]|Bytes:19
13:58:46.830 (3257211665)|HEAP_ALLOCATE|[820]|Bytes:24
13:58:46.830 (3257212705)|HEAP_ALLOCATE|[820]|Bytes:6
13:58:46.830 (3257213745)|HEAP_ALLOCATE|[820]|Bytes:24
13:58:46.830 (3257215155)|HEAP_ALLOCATE|[820]|Bytes:34
13:58:46.830 (3257216185)|HEAP_ALLOCATE|[820]|Bytes:6
13:58:46.830 (3257217235)|HEAP_ALLOCATE|[820]|Bytes:34
13:58:46.830 (3257218845)|HEAP_ALLOCATE|[820]|Bytes:18
13:58:46.830 (3257220075)|HEAP_ALLOCATE|[820]|Bytes:14
13:58:46.830 (3257221115)|HEAP_ALLOCATE|[820]|Bytes:18
13:58:46.830 (3257222505)|HEAP_ALLOCATE|[820]|Bytes:18
13:58:46.830 (3257223635)|HEAP_ALLOCATE|[820]|Bytes:44
13:58:46.830 (3257224685)|HEAP_ALLOCATE|[820]|Bytes:18
13:58:46.830 (3257226025)|HEAP_ALLOCATE|[820]|Bytes:18
13:58:46.830 (3257227145)|HEAP_ALLOCATE|[820]|Bytes:78
13:58:46.830 (3257228155)|HEAP_ALLOCATE|[820]|Bytes:18
13:58:46.830 (3257229525)|HEAP_ALLOCATE|[820]|Bytes:18
13:58:46.830 (3257233345)|HEAP_ALLOCATE|[820]|Bytes:70
13:58:46.830 (3257234505)|HEAP_ALLOCATE|[820]|Bytes:18
13:58:46.830 (3257235955)|HEAP_ALLOCATE|[820]|Bytes:26
13:58:46.830 (3257237095)|HEAP_ALLOCATE|[820]|Bytes:11
13:58:46.830 (3257238125)|HEAP_ALLOCATE|[820]|Bytes:26
13:58:46.830 (3257239495)|HEAP_ALLOCATE|[820]|Bytes:26
13:58:46.830 (3257240655)|HEAP_ALLOCATE|[820]|Bytes:14
13:58:46.830 (3257241655)|HEAP_ALLOCATE|[820]|Bytes:26
13:58:46.830 (3257243125)|HEAP_ALLOCATE|[820]|Bytes:17
13:58:46.830 (3257244265)|HEAP_ALLOCATE|[820]|Bytes:109
13:58:46.830 (3257245415)|HEAP_ALLOCATE|[820]|Bytes:17
13:58:46.830 (3257246995)|HEAP_ALLOCATE|[820]|Bytes:30
13:58:46.830 (3257248145)|HEAP_ALLOCATE|[820]|Bytes:6
13:58:46.830 (3257249165)|HEAP_ALLOCATE|[820]|Bytes:30
13:58:46.830 (3257384276)|ENTERING_MANAGED_PKG|slackv2
13:58:46.830 (3257568597)|ENTERING_MANAGED_PKG|slackv2
13:58:46.830 (3257801188)|DML_BEGIN|[186]|Op:Insert|Type:slackv2__Subscription_Error__e|Rows:1
13:58:46.830 (3265346853)|DML_END|[186]
13:58:47.265 (3265466134)|CUMULATIVE_LIMIT_USAGE
13:58:47.265 (3265466134)|LIMIT_USAGE_FOR_NS|(default)|
  Number of SOQL queries: 8 out of 200
  Number of query rows: 6 out of 50000
  Number of SOSL queries: 0 out of 20
  Number of DML statements: 4 out of 150
  Number of Publish Immediate DML: 0 out of 150
  Number of DML rows: 6 out of 10000
  Maximum CPU time: 575 out of 60000
  Maximum heap size: 0 out of 12000000
  Number of callouts: 0 out of 0
  Number of Email Invocations: 0 out of 10
  Number of future calls: 0 out of 50
  Number of queueable jobs added to the queue: 0 out of 1
  Number of Mobile Apex push calls: 0 out of 10

13:58:47.265 (3265466134)|LIMIT_USAGE_FOR_NS|MC4SF|
  Number of SOQL queries: 1 out of 200
  Number of query rows: 0 out of 50000
  Number of SOSL queries: 0 out of 20
  Number of DML statements: 0 out of 150
  Number of Publish Immediate DML: 0 out of 150
  Number of DML rows: 0 out of 10000
  Maximum CPU time: 0 out of 60000
  Maximum heap size: 0 out of 12000000
  Number of callouts: 0 out of 0
  Number of Email Invocations: 0 out of 10
  Number of future calls: 0 out of 50
  Number of queueable jobs added to the queue: 0 out of 1
  Number of Mobile Apex push calls: 0 out of 10

13:58:47.265 (3265466134)|LIMIT_USAGE_FOR_NS|pw_cc|
  Number of SOQL queries: 1 out of 200
  Number of query rows: 0 out of 50000
  Number of SOSL queries: 0 out of 20
  Number of DML statements: 0 out of 150
  Number of Publish Immediate DML: 0 out of 150
  Number of DML rows: 0 out of 10000
  Maximum CPU time: 0 out of 60000
  Maximum heap size: 0 out of 12000000
  Number of callouts: 0 out of 0
  Number of Email Invocations: 0 out of 10
  Number of future calls: 0 out of 50
  Number of queueable jobs added to the queue: 0 out of 1
  Number of Mobile Apex push calls: 0 out of 10

13:58:47.265 (3265466134)|LIMIT_USAGE_FOR_NS|SFSSDupeCatcher|
  Number of SOQL queries: 36 out of 200
  Number of query rows: 40 out of 50000
  Number of SOSL queries: 0 out of 20
  Number of DML statements: 0 out of 150
  Number of Publish Immediate DML: 0 out of 150
  Number of DML rows: 0 out of 10000
  Maximum CPU time: 0 out of 60000
  Maximum heap size: 0 out of 12000000
  Number of callouts: 0 out of 0
  Number of Email Invocations: 0 out of 10
  Number of future calls: 0 out of 50
  Number of queueable jobs added to the queue: 0 out of 1
  Number of Mobile Apex push calls: 0 out of 10

13:58:47.265 (3265466134)|LIMIT_USAGE_FOR_NS|slackv2|
  Number of SOQL queries: 1 out of 200
  Number of query rows: 1 out of 50000
  Number of SOSL queries: 0 out of 20
  Number of DML statements: 0 out of 150
  Number of Publish Immediate DML: 5 out of 150
  Number of DML rows: 0 out of 10000
  Maximum CPU time: 0 out of 60000
  Maximum heap size: 0 out of 12000000
  Number of callouts: 0 out of 0
  Number of Email Invocations: 0 out of 10
  Number of future calls: 0 out of 50
  Number of queueable jobs added to the queue: 0 out of 1
  Number of Mobile Apex push calls: 0 out of 10

13:58:47.265 (3265466134)|CUMULATIVE_LIMIT_USAGE_END

13:58:47.266 (3266912762)|ENTERING_MANAGED_PKG|sw_connector
13:58:47.266 (3267079283)|ENTERING_MANAGED_PKG|sw_connector
13:58:47.266 (3267150643)|ENTERING_MANAGED_PKG|sw_connector
13:58:47.267 (3267897978)|CUMULATIVE_LIMIT_USAGE
13:58:47.267 (3267897978)|LIMIT_USAGE_FOR_NS|(default)|
  Number of SOQL queries: 8 out of 200
  Number of query rows: 6 out of 50000
  Number of SOSL queries: 0 out of 20
  Number of DML statements: 4 out of 150
  Number of Publish Immediate DML: 0 out of 150
  Number of DML rows: 6 out of 10000
  Maximum CPU time: 575 out of 60000
  Maximum heap size: 0 out of 12000000
  Number of callouts: 0 out of 0
  Number of Email Invocations: 0 out of 10
  Number of future calls: 0 out of 50
  Number of queueable jobs added to the queue: 0 out of 1
  Number of Mobile Apex push calls: 0 out of 10

13:58:47.267 (3267897978)|LIMIT_USAGE_FOR_NS|MC4SF|
  Number of SOQL queries: 1 out of 200
  Number of query rows: 0 out of 50000
  Number of SOSL queries: 0 out of 20
  Number of DML statements: 0 out of 150
  Number of Publish Immediate DML: 0 out of 150
  Number of DML rows: 0 out of 10000
  Maximum CPU time: 0 out of 60000
  Maximum heap size: 0 out of 12000000
  Number of callouts: 0 out of 0
  Number of Email Invocations: 0 out of 10
  Number of future calls: 0 out of 50
  Number of queueable jobs added to the queue: 0 out of 1
  Number of Mobile Apex push calls: 0 out of 10

13:58:47.267 (3267897978)|LIMIT_USAGE_FOR_NS|pw_cc|
  Number of SOQL queries: 1 out of 200
  Number of query rows: 0 out of 50000
  Number of SOSL queries: 0 out of 20
  Number of DML statements: 0 out of 150
  Number of Publish Immediate DML: 0 out of 150
  Number of DML rows: 0 out of 10000
  Maximum CPU time: 0 out of 60000
  Maximum heap size: 0 out of 12000000
  Number of callouts: 0 out of 0
  Number of Email Invocations: 0 out of 10
  Number of future calls: 0 out of 50
  Number of queueable jobs added to the queue: 0 out of 1
  Number of Mobile Apex push calls: 0 out of 10

13:58:47.267 (3267897978)|LIMIT_USAGE_FOR_NS|SFSSDupeCatcher|
  Number of SOQL queries: 36 out of 200
  Number of query rows: 40 out of 50000
  Number of SOSL queries: 0 out of 20
  Number of DML statements: 0 out of 150
  Number of Publish Immediate DML: 0 out of 150
  Number of DML rows: 0 out of 10000
  Maximum CPU time: 0 out of 60000
  Maximum heap size: 0 out of 12000000
  Number of callouts: 0 out of 0
  Number of Email Invocations: 0 out of 10
  Number of future calls: 0 out of 50
  Number of queueable jobs added to the queue: 0 out of 1
  Number of Mobile Apex push calls: 0 out of 10

13:58:47.267 (3267897978)|LIMIT_USAGE_FOR_NS|slackv2|
  Number of SOQL queries: 1 out of 200
  Number of query rows: 1 out of 50000
  Number of SOSL queries: 0 out of 20
  Number of DML statements: 0 out of 150
  Number of Publish Immediate DML: 5 out of 150
  Number of DML rows: 0 out of 10000
  Maximum CPU time: 0 out of 60000
  Maximum heap size: 0 out of 12000000
  Number of callouts: 0 out of 0
  Number of Email Invocations: 0 out of 10
  Number of future calls: 0 out of 50
  Number of queueable jobs added to the queue: 0 out of 1
  Number of Mobile Apex push calls: 0 out of 10

13:58:47.267 (3267897978)|CUMULATIVE_LIMIT_USAGE_END

13:58:47.268 (3268276460)|CODE_UNIT_STARTED|[EXTERNAL]|Workflow:Account
13:58:47.268 (3277224533)|WF_RULE_EVAL_BEGIN|Workflow
13:58:47.268 (3277302093)|WF_CRITERIA_BEGIN|[Account: Syntech Solutions Kft. 001Pj00001DndZj]|Account Creation|01Q30000000IkbR|ON_CREATE_ONLY|0
13:58:47.268 (3277324903)|WF_RULE_NOT_EVALUATED
13:58:47.268 (3277336403)|WF_CRITERIA_BEGIN|[Account: Syntech Solutions Kft. 001Pj00001DndZj]|Live Account|01Q30000000IoMI|ON_CREATE_OR_TRIGGERING_UPDATE|0
13:58:47.268 (3277484864)|WF_RULE_FILTER|[Account : Num of Live Opportunites equals 1.0] 
AND [Account : Num of Declined Opportunites equals 0.0]
13:58:47.268 (3277502324)|WF_RULE_EVAL_VALUE|0
13:58:47.268 (3277514995)|WF_CRITERIA_END|false
13:58:47.268 (3277529325)|WF_CRITERIA_BEGIN|[Account: Syntech Solutions Kft. 001Pj00001DndZj]|Xtpayments: Notify new account manager when updated|01Q30000000J2JQ|ON_ALL_CHANGES|0
13:58:47.268 (3277798496)|WF_FORMULA|Formula:ENCODED:[treatNullAsNull]ISCHANGED( {!ID:00N30000008sDfB} )|Values:XTPayments_Account_Manager__c=null
13:58:47.268 (3277808436)|WF_CRITERIA_END|false
13:58:47.268 (3277820356)|WF_CRITERIA_BEGIN|[Account: Syntech Solutions Kft. 001Pj00001DndZj]|Update Account Type-Affiliate/Publisher|01Q30000000J3dy|ON_CREATE_ONLY|0
13:58:47.268 (3277826286)|WF_RULE_NOT_EVALUATED
13:58:47.268 (3277830256)|WF_CRITERIA_BEGIN|[Account: Syntech Solutions Kft. 001Pj00001DndZj]|Closed Account|01Q30000000IoMN|ON_CREATE_OR_TRIGGERING_UPDATE|0
13:58:47.268 (3277855577)|WF_RULE_FILTER|[Account : Num of Live Opportunites equals 0.0] 
AND [Account : Num of Declined Opportunites equals 1.0]
13:58:47.268 (3277859457)|WF_RULE_EVAL_VALUE|0
13:58:47.268 (3277861797)|WF_RULE_EVAL_VALUE|0
13:58:47.268 (3277868187)|WF_CRITERIA_END|false
13:58:47.268 (3277881207)|WF_CRITERIA_BEGIN|[Account: Syntech Solutions Kft. 001Pj00001DndZj]|Update Account Type-Reseller/Partner|01Q30000000J3e3|ON_CREATE_ONLY|0
13:58:47.268 (3277884837)|WF_RULE_NOT_EVALUATED
13:58:47.268 (3277888327)|WF_CRITERIA_BEGIN|[Account: Syntech Solutions Kft. 001Pj00001DndZj]|Update Account Type-Advertiser/Reseller|01Q30000000J3do|ON_CREATE_ONLY|0
13:58:47.268 (3277891717)|WF_RULE_NOT_EVALUATED
13:58:47.268 (3277895247)|WF_CRITERIA_BEGIN|[Account: Syntech Solutions Kft. 001Pj00001DndZj]|Clients_Meeting_from_Acc_to_CP3015Y000000guo4|01Q5Y000000q7p0|ON_ALL_CHANGES|0
13:58:47.268 (3277910797)|WF_FORMULA|Formula:ENCODED:[treatNullAsNull]true|Values:
13:58:47.268 (3277914187)|WF_CRITERIA_END|true
13:58:47.268 (3277960477)|WF_SPOOL_ACTION_BEGIN|Workflow
13:58:47.268 (3278014188)|WF_ACTION| Flow Trigger: 1;
13:58:47.268 (3278021198)|WF_RULE_EVAL_END
13:58:47.278 (3278306659)|FLOW_CREATE_INTERVIEW_BEGIN|00D30000000pE7X|3001O000000YS2q|3015Y000000guo4
13:58:47.278 (3278519321)|FLOW_CREATE_INTERVIEW_END|7982a578498f5bcdd8e23fa7e3501a0487fc940-3567|Clients Meeting from Acc to CP
13:58:47.268 (3278550181)|WF_FLOW_ACTION_BEGIN|09L5Y000000ZQ0V
13:58:47.279 (3279377196)|FLOW_START_INTERVIEWS_BEGIN|1
13:58:47.279 (3279464216)|FLOW_START_INTERVIEW_BEGIN|7982a578498f5bcdd8e23fa7e3501a0487fc940-3567|Clients Meeting from Acc to CP
13:58:47.279 (3285253960)|FLOW_START_INTERVIEW_END|7982a578498f5bcdd8e23fa7e3501a0487fc940-3567|Clients Meeting from Acc to CP
13:58:47.279 (3285275851)|FLOW_START_INTERVIEWS_END|1
13:58:47.279 (3285320031)|FLOW_INTERVIEW_FINISHED|7982a578498f5bcdd8e23fa7e3501a0487fc940-3567|Clients Meeting from Acc to CP
13:58:47.268 (3287830745)|WF_FLOW_ACTION_END|09L5Y000000ZQ0V
13:58:47.268 (3288057077)|WF_ACTIONS_END| Flow Trigger: 1;
13:58:47.268 (3288065387)|CODE_UNIT_FINISHED|Workflow:Account
13:58:47.268 (3288179447)|CODE_UNIT_STARTED|[EXTERNAL]|Flow:Account
13:58:47.268 (3288749371)|CODE_UNIT_FINISHED|Flow:Account
13:58:47.268 (3288830101)|CODE_UNIT_STARTED|[EXTERNAL]|Flow:Account
13:58:47.268 (3288939482)|CODE_UNIT_FINISHED|Flow:Account
13:58:47.268 (3292262061)|DML_END|[633]
13:58:47.268 (3293195597)|STATEMENT_EXECUTE|[635]
13:58:47.268 (3293287397)|METHOD_ENTRY|[635]|01pPj00000cpZZ8|NuveiConnectWebhookHandler.buildCompliance(NuveiConnectWebhookHandler.NuveiConnectRequest, Id, Id, Id)
13:58:47.268 (3293336618)|VARIABLE_SCOPE_BEGIN|[861]|req|NuveiConnectWebhookHandler.NuveiConnectRequest|true|false
13:58:47.268 (3293460638)|VARIABLE_ASSIGNMENT|[861]|req|{"additionalInformation":"0x11359e0b","applicationId":"NC178792551537","applicationStatus":"SUBMITTED","bankingInformation":"0x45ddfc8f","businessInformation":"0x46f42a12","businessOwnerInformation":"0x59e8fca4","metadata":"0x6410e454","salesProfile":"0x4e0345dd","taxDetails":"0x29c042b5"}|0x375386f5
13:58:47.268 (3293468708)|VARIABLE_SCOPE_BEGIN|[861]|accountId|Id|false|false
13:58:47.268 (3293501789)|VARIABLE_ASSIGNMENT|[861]|accountId|"001Pj00001DndZjIAJ"
13:58:47.268 (3293504339)|VARIABLE_SCOPE_BEGIN|[861]|oppId|Id|false|false
13:58:47.268 (3293510869)|VARIABLE_ASSIGNMENT|[861]|oppId|"006Pj00000zMrowIAC"
13:58:47.268 (3293512869)|VARIABLE_SCOPE_BEGIN|[861]|contactId|Id|false|false
13:58:47.268 (3293518389)|VARIABLE_ASSIGNMENT|[861]|contactId|"003Pj00001PGTnAIAX"
13:58:47.268 (3293541229)|HEAP_ALLOCATE|[867]|Bytes:5
13:58:47.268 (3293548659)|STATEMENT_EXECUTE|[866]
13:58:47.268 (3293549799)|STATEMENT_EXECUTE|[867]
13:58:47.268 (3293555979)|VARIABLE_SCOPE_BEGIN|[867]|bi|NuveiConnectWebhookHandler.BusinessInformationWrapper|true|false
13:58:47.268 (3293593459)|VARIABLE_ASSIGNMENT|[867]|bi|{"addresses":"0x7d594e5b","businessRegistrationNumber":"01-09-409373","businessStartDate":"2022-12-01","businessType":"LIMITED_COMPANY","contactInformation":"0x3d2b1a9","doingBusinessAs":"Syntech Solutions","legalName":"Syntech Solutions Kf (2 more) ...","merchantCategoryCode":"5047","productDescription":"Wholesale of Medical (9 more) ...","websiteUrl":"http://cosmedicalsup (7 more) ..."}|0x46f42a12
13:58:47.268 (3293597359)|STATEMENT_EXECUTE|[868]
13:58:47.268 (3293632319)|HEAP_ALLOCATE|[868]|Bytes:4
13:58:47.268 (3293731390)|VARIABLE_SCOPE_BEGIN|[868]|comp|Compliance__c|true|false
13:58:47.268 (3293748360)|VARIABLE_ASSIGNMENT|[868]|comp|{}|0x1b3c31ef
13:58:47.268 (3293750780)|STATEMENT_EXECUTE|[870]
13:58:47.268 (3293876841)|VARIABLE_ASSIGNMENT|[870]|this.Name|"Syntech Solutions Kf (2 more) ..."|0x1b3c31ef
13:58:47.268 (3293880661)|STATEMENT_EXECUTE|[871]
13:58:47.268 (3293920511)|VARIABLE_ASSIGNMENT|[871]|this.Account__c|"001Pj00001DndZjIAJ"|0x1b3c31ef
13:58:47.268 (3293929961)|STATEMENT_EXECUTE|[872]
13:58:47.268 (3293945201)|VARIABLE_ASSIGNMENT|[872]|this.Opportunity__c|"006Pj00000zMrowIAC"|0x1b3c31ef
13:58:47.268 (3293947381)|STATEMENT_EXECUTE|[873]
13:58:47.268 (3293957821)|VARIABLE_ASSIGNMENT|[873]|this.Nuvei_Connect_Application_ID__c|"NC178792551537"|0x1b3c31ef
13:58:47.268 (3293959931)|STATEMENT_EXECUTE|[874]
13:58:47.268 (3294062892)|VARIABLE_ASSIGNMENT|[874]|this.Compliance_Status__c|"Oscilar Submitted"|0x1b3c31ef
13:58:47.268 (3294072712)|STATEMENT_EXECUTE|[877]
13:58:47.268 (3294073902)|STATEMENT_EXECUTE|[878]
13:58:47.268 (3294091402)|VARIABLE_ASSIGNMENT|[878]|this.Nuvei_Connect_Status__c|"SUBMITTED"|0x1b3c31ef
13:58:47.268 (3294094192)|STATEMENT_EXECUTE|[882]
13:58:47.268 (3294125612)|VARIABLE_ASSIGNMENT|[EXTERNAL]|this|{"additionalInformation":"0x11359e0b","applicationId":"NC178792551537","applicationStatus":"SUBMITTED","bankingInformation":"0x45ddfc8f","businessInformation":"0x46f42a12","businessOwnerInformation":"0x59e8fca4","metadata":"0x6410e454","salesProfile":"0x4e0345dd","taxDetails":"0x29c042b5"}|0x375386f5
13:58:47.268 (3294130002)|STATEMENT_EXECUTE|[1693]
13:58:47.268 (3294131922)|STATEMENT_EXECUTE|[1694]
13:58:47.268 (3294132952)|STATEMENT_EXECUTE|[1695]
13:58:47.268 (3294142122)|METHOD_ENTRY|[882]|01pPj00000cpZZ8|NuveiConnectWebhookHandler.resolvePartnerId(String)
13:58:47.268 (3294146983)|VARIABLE_SCOPE_BEGIN|[1436]|partnerId|String|false|false
13:58:47.268 (3294151073)|VARIABLE_ASSIGNMENT|[1436]|partnerId|"b5abf69f-0859-4b57-8 (16 more) ..."
13:58:47.268 (3294158983)|HEAP_ALLOCATE|[1437]|Bytes:5
13:58:47.268 (3294161403)|STATEMENT_EXECUTE|[1436]
13:58:47.268 (3294170483)|STATEMENT_EXECUTE|[1437]
13:58:47.268 (3294171513)|STATEMENT_EXECUTE|[1438]
13:58:47.268 (3294173793)|HEAP_ALLOCATE|[1438]|Bytes:73
13:58:47.268 (3294187633)|HEAP_ALLOCATE|[1438]|Bytes:4
13:58:47.268 (3294540025)|SOQL_EXECUTE_BEGIN|[1438]|Aggregations:0|SELECT Id FROM Compliance__c WHERE Nuvei_Partner_ID__c = :tmpVar1 LIMIT 1
13:58:47.268 (3369531497)|SOQL_EXECUTE_END|[1438]|Rows:1
13:58:47.268 (3369587818)|HEAP_ALLOCATE|[1438]|Bytes:8
13:58:47.268 (3369609618)|HEAP_ALLOCATE|[1438]|Bytes:29
13:58:47.268 (3369665498)|HEAP_ALLOCATE|[1438]|Bytes:8
13:58:47.268 (3369687338)|VARIABLE_SCOPE_BEGIN|[1438]|partners|List<Compliance__c>|true|false
13:58:47.268 (3369793289)|VARIABLE_ASSIGNMENT|[1438]|partners|[{"Id":"a0mPj00000u8rTVIAY"}]|0x37ff71b3
13:58:47.268 (3369800699)|STATEMENT_EXECUTE|[1443]
13:58:47.268 (3369866949)|HEAP_ALLOCATE|[1443]|Bytes:8
13:58:47.268 (3369909900)|METHOD_EXIT|[882]|01pPj00000cpZZ8|NuveiConnectWebhookHandler.resolvePartnerId(String)
13:58:47.268 (3370015130)|VARIABLE_ASSIGNMENT|[882]|this.From_Reseller__c|"a0mPj00000u8rTVIAY"|0x1b3c31ef
13:58:47.268 (3370020230)|STATEMENT_EXECUTE|[883]
13:58:47.268 (3370092981)|VARIABLE_ASSIGNMENT|[EXTERNAL]|this|{"additionalInformation":"0x11359e0b","applicationId":"NC178792551537","applicationStatus":"SUBMITTED","bankingInformation":"0x45ddfc8f","businessInformation":"0x46f42a12","businessOwnerInformation":"0x59e8fca4","metadata":"0x6410e454","salesProfile":"0x4e0345dd","taxDetails":"0x29c042b5"}|0x375386f5
13:58:47.268 (3370097721)|STATEMENT_EXECUTE|[1693]
13:58:47.268 (3370101081)|STATEMENT_EXECUTE|[1694]
13:58:47.268 (3370102231)|STATEMENT_EXECUTE|[1695]
13:58:47.268 (3370127051)|VARIABLE_ASSIGNMENT|[883]|this.Nuvei_Partner_ID__c|"b5abf69f-0859-4b57-8 (16 more) ..."|0x1b3c31ef
13:58:47.268 (3370139441)|STATEMENT_EXECUTE|[884]
13:58:47.268 (3370140481)|STATEMENT_EXECUTE|[885]
13:58:47.268 (3370163181)|METHOD_ENTRY|[885]|01pPj00000cpZZ8|NuveiConnectWebhookHandler.seedRolesFromPartner(Compliance__c)
13:58:47.268 (3370197381)|VARIABLE_SCOPE_BEGIN|[1458]|comp|Compliance__c|true|false
13:58:47.268 (3370213482)|VARIABLE_ASSIGNMENT|[1458]|comp|{"Name":"Syntech Solutions Kf (2 more) ...","Account__c":"001Pj00001DndZjIAJ","Opportunity__c":"006Pj00000zMrowIAC","Nuvei_Connect_Application_ID__c":"NC178792551537","Compliance_Status__c":"Oscilar Submitted","Nuvei_Connect_Status__c":"SUBMITTED","From_Reseller__c":"a0mPj00000u8rTVIAY","Nuvei_Partner_ID__c":"b5abf69f-0859-4b57-8 (16 more) ..."}|0x1b3c31ef
13:58:47.268 (3370230582)|HEAP_ALLOCATE|[1459]|Bytes:5
13:58:47.268 (3370233922)|STATEMENT_EXECUTE|[1458]
13:58:47.268 (3370234982)|STATEMENT_EXECUTE|[1459]
13:58:47.268 (3370240392)|VARIABLE_SCOPE_BEGIN|[1459]|partnerComplianceId|Id|false|false
13:58:47.268 (3370281472)|VARIABLE_ASSIGNMENT|[1459]|partnerComplianceId|"a0mPj00000u8rTVIAY"
13:58:47.268 (3370283772)|STATEMENT_EXECUTE|[1460]
13:58:47.268 (3370284722)|STATEMENT_EXECUTE|[1462]
13:58:47.268 (3370287752)|HEAP_ALLOCATE|[1462]|Bytes:221
13:58:47.268 (3370306972)|HEAP_ALLOCATE|[1462]|Bytes:4
13:58:47.268 (3370822085)|SOQL_EXECUTE_BEGIN|[1462]|Aggregations:0|SELECT Sales_Rep__c, Account_Manager__c, Underwriting_Mgr__c, Assessment_Handling_Service_Fee__c, Minimum_monthly_fee_Value_1__c, Remittance_Cycle__c, Settlement_threshold__c FROM Compliance__c WHERE Id = :tmpVar1 LIMIT 1
13:58:47.268 (3377798766)|SOQL_EXECUTE_END|[1462]|Rows:1
13:58:47.268 (3377839906)|HEAP_ALLOCATE|[1462]|Bytes:8
13:58:47.268 (3377857876)|HEAP_ALLOCATE|[1462]|Bytes:292
13:58:47.268 (3377903067)|HEAP_ALLOCATE|[1462]|Bytes:8
13:58:47.268 (3377918747)|VARIABLE_SCOPE_BEGIN|[1462]|partners|List<Compliance__c>|true|false
13:58:47.268 (3378000447)|VARIABLE_ASSIGNMENT|[1462]|partners|[{"Account_Manager__c":"0051O00000Cga4LQAR","Underwriting_Mgr__c":"0051O00000ChbPRQAZ","Settlement_threshold__c":"5000","Id":"a0mPj00000u8rTVIAY","Sales_Rep__c":"00530000006NODJAA4","Minimum_monthly_fee_Value_1__c":5000,"Remittance_Cycle__c":"Weekly with 1 week d (4 more) ..."}]|0x3dd0194e
13:58:47.268 (3378042068)|STATEMENT_EXECUTE|[1472]
13:58:47.268 (3378043938)|STATEMENT_EXECUTE|[1475]
13:58:47.268 (3378053898)|HEAP_ALLOCATE|[1475]|Bytes:32
13:58:47.268 (3378059238)|VARIABLE_SCOPE_BEGIN|[1475]|p|Compliance__c|true|false
13:58:47.268 (3378083848)|VARIABLE_ASSIGNMENT|[1475]|p|{"Account_Manager__c":"0051O00000Cga4LQAR","Underwriting_Mgr__c":"0051O00000ChbPRQAZ","Settlement_threshold__c":"5000","Id":"a0mPj00000u8rTVIAY","Sales_Rep__c":"00530000006NODJAA4","Minimum_monthly_fee_Value_1__c":5000,"Remittance_Cycle__c":"Weekly with 1 week d (4 more) ..."}|0x39182529
13:58:47.268 (3378091578)|STATEMENT_EXECUTE|[1478]
13:58:47.268 (3378143688)|VARIABLE_ASSIGNMENT|[1478]|this.Sales_Rep__c|"00530000006NODJAA4"|0x1b3c31ef
13:58:47.268 (3378148108)|STATEMENT_EXECUTE|[1479]
13:58:47.268 (3378168158)|VARIABLE_ASSIGNMENT|[1479]|this.Account_Manager__c|"0051O00000Cga4LQAR"|0x1b3c31ef
13:58:47.268 (3378171528)|STATEMENT_EXECUTE|[1480]
13:58:47.268 (3378179608)|VARIABLE_ASSIGNMENT|[1480]|this.Underwriting_Mgr__c|"0051O00000ChbPRQAZ"|0x1b3c31ef
13:58:47.268 (3378182708)|STATEMENT_EXECUTE|[1485]
13:58:47.268 (3378190378)|VARIABLE_ASSIGNMENT|[1485]|this.Assessment_Handling_Service_Fee__c|null|0x1b3c31ef
13:58:47.268 (3378193808)|STATEMENT_EXECUTE|[1487]
13:58:47.268 (3378217879)|VARIABLE_ASSIGNMENT|[1487]|this.Minimum_monthly_fee_Value_1__c|5000|0x1b3c31ef
13:58:47.268 (3378220809)|STATEMENT_EXECUTE|[1489]
13:58:47.268 (3378230239)|VARIABLE_ASSIGNMENT|[1489]|this.Remittance_Cycle__c|"Weekly with 1 week d (4 more) ..."|0x1b3c31ef
13:58:47.268 (3378233029)|STATEMENT_EXECUTE|[1491]
13:58:47.268 (3378240539)|VARIABLE_ASSIGNMENT|[1491]|this.Settlement_threshold__c|"5000"|0x1b3c31ef
13:58:47.268 (3378254529)|METHOD_EXIT|[885]|01pPj00000cpZZ8|NuveiConnectWebhookHandler.seedRolesFromPartner(Compliance__c)
13:58:47.268 (3378258159)|STATEMENT_EXECUTE|[887]
13:58:47.268 (3378272679)|VARIABLE_ASSIGNMENT|[887]|this.Manual_MCC_Code__c|"5047"|0x1b3c31ef
13:58:47.268 (3378275219)|STATEMENT_EXECUTE|[888]
13:58:47.268 (3378331819)|VARIABLE_ASSIGNMENT|[888]|this.Company_Type__c|"Limited"|0x1b3c31ef
13:58:47.268 (3378342799)|STATEMENT_EXECUTE|[890]
13:58:47.268 (3378351539)|VARIABLE_ASSIGNMENT|[890]|this.Url__c|"http://cosmedicalsup (7 more) ..."|0x1b3c31ef
13:58:47.268 (3378353909)|STATEMENT_EXECUTE|[891]
13:58:47.268 (3378364899)|METHOD_ENTRY|[891]|01pPj00000cpZZ8|NuveiConnectWebhookHandler.parseDate(String)
13:58:47.268 (3378384689)|VARIABLE_SCOPE_BEGIN|[1431]|val|String|false|false
13:58:47.268 (3378388520)|VARIABLE_ASSIGNMENT|[1431]|val|"2022-12-01"
13:58:47.268 (3378398240)|HEAP_ALLOCATE|[1432]|Bytes:5
13:58:47.268 (3378400820)|STATEMENT_EXECUTE|[1431]
13:58:47.268 (3378420580)|STATEMENT_EXECUTE|[1432]
13:58:47.268 (3378421690)|STATEMENT_EXECUTE|[1433]
13:58:47.268 (3378422510)|STATEMENT_EXECUTE|[1433]
13:58:47.268 (3378423470)|STATEMENT_EXECUTE|[1433]
13:58:47.268 (3378460690)|HEAP_ALLOCATE|[1433]|Bytes:4
13:58:47.268 (3378470050)|METHOD_EXIT|[891]|01pPj00000cpZZ8|NuveiConnectWebhookHandler.parseDate(String)
13:58:47.268 (3378496420)|VARIABLE_ASSIGNMENT|[891]|this.Foundation_date__c|"2022-12-01T00:00:00.000Z"|0x1b3c31ef
13:58:47.268 (3378498950)|STATEMENT_EXECUTE|[892]
13:58:47.268 (3378516750)|VARIABLE_ASSIGNMENT|[892]|this.Trading_Name__c|"Syntech Solutions"|0x1b3c31ef
13:58:47.268 (3378519280)|STATEMENT_EXECUTE|[894]
13:58:47.268 (3378527660)|VARIABLE_ASSIGNMENT|[894]|this.Incorporation_number__c|"01-09-409373"|0x1b3c31ef
13:58:47.268 (3378530220)|STATEMENT_EXECUTE|[896]
13:58:47.268 (3378533120)|HEAP_ALLOCATE|[896]|Bytes:16
13:58:47.268 (3378541300)|METHOD_ENTRY|[896]|01pPj00000cpZZ8|NuveiConnectWebhookHandler.getAddressByType(List<NuveiConnectWebhookHandler.AddressWrapper>, String)
13:58:47.268 (3378547780)|VARIABLE_SCOPE_BEGIN|[1421]|addresses|List<NuveiConnectWebhookHandler.AddressWrapper>|true|false
13:58:47.268 (3378599051)|VARIABLE_ASSIGNMENT|[1421]|addresses|[{"addressLine1":"Kinizsi utca 20. Fsz (8 more) ...","addressType":"BUSINESS_ADDRESS","city":"Budapest","country":"HU","postalCode":"1203","stateOrProvince":"HU-BU"},{"addressLine1":"Kinizsi utca 20. Fsz (8 more) ...","addressType":"TRADING_ADDRESS","city":"Budapest","country":"HU","postalCode":"1203","stateOrProvince":"HU-BU"}]|0x7d594e5b
13:58:47.268 (3378602761)|VARIABLE_SCOPE_BEGIN|[1421]|addressType|String|false|false
13:58:47.268 (3378605881)|VARIABLE_ASSIGNMENT|[1421]|addressType|"BUSINESS_ADDRESS"
13:58:47.268 (3378609981)|HEAP_ALLOCATE|[1424]|Bytes:5
13:58:47.268 (3378612101)|STATEMENT_EXECUTE|[1423]
13:58:47.268 (3378613601)|STATEMENT_EXECUTE|[1424]
13:58:47.268 (3378715601)|HEAP_ALLOCATE|[1425]|Bytes:5
13:58:47.268 (3378727671)|HEAP_ALLOCATE|[1425]|Bytes:32
13:58:47.268 (3378731742)|VARIABLE_SCOPE_BEGIN|[1425]|a|NuveiConnectWebhookHandler.AddressWrapper|true|false
13:58:47.268 (3378745432)|VARIABLE_ASSIGNMENT|[1425]|a|{"addressLine1":"Kinizsi utca 20. Fsz (8 more) ...","addressType":"BUSINESS_ADDRESS","city":"Budapest","country":"HU","postalCode":"1203","stateOrProvince":"HU-BU"}|0x580ee58a
13:58:47.268 (3378748982)|STATEMENT_EXECUTE|[1425]
13:58:47.268 (3378763612)|STATEMENT_EXECUTE|[1426]
13:58:47.268 (3378767412)|METHOD_EXIT|[896]|01pPj00000cpZZ8|NuveiConnectWebhookHandler.getAddressByType(List<NuveiConnectWebhookHandler.AddressWrapper>, String)
13:58:47.268 (3378769732)|VARIABLE_SCOPE_BEGIN|[896]|bizAddr|NuveiConnectWebhookHandler.AddressWrapper|true|false
13:58:47.268 (3378776722)|VARIABLE_ASSIGNMENT|[896]|bizAddr|{"addressLine1":"Kinizsi utca 20. Fsz (8 more) ...","addressType":"BUSINESS_ADDRESS","city":"Budapest","country":"HU","postalCode":"1203","stateOrProvince":"HU-BU"}|0x580ee58a
13:58:47.268 (3378780162)|STATEMENT_EXECUTE|[897]
13:58:47.268 (3378781202)|STATEMENT_EXECUTE|[898]
13:58:47.268 (3378785942)|METHOD_ENTRY|[898]|01pPj00000cpZZ8|NuveiConnectWebhookHandler.resolveCountry(String)
13:58:47.268 (3378790542)|VARIABLE_SCOPE_BEGIN|[344]|code|String|false|false
13:58:47.268 (3378793902)|VARIABLE_ASSIGNMENT|[344]|code|"HU"
13:58:47.268 (3378797042)|HEAP_ALLOCATE|[345]|Bytes:5
13:58:47.268 (3378798892)|STATEMENT_EXECUTE|[344]
13:58:47.268 (3378809212)|STATEMENT_EXECUTE|[345]
13:58:47.268 (3378810232)|STATEMENT_EXECUTE|[346]
13:58:47.268 (3378820812)|HEAP_ALLOCATE|[346]|Bytes:2
13:58:47.268 (3378829122)|HEAP_ALLOCATE|[346]|Bytes:2
13:58:47.268 (3378832222)|VARIABLE_SCOPE_BEGIN|[346]|upper|String|false|false
13:58:47.268 (3378839902)|VARIABLE_ASSIGNMENT|[346]|upper|"HU"
13:58:47.268 (3378841942)|STATEMENT_EXECUTE|[347]
13:58:47.268 (3378858992)|METHOD_EXIT|[898]|01pPj00000cpZZ8|NuveiConnectWebhookHandler.resolveCountry(String)
13:58:47.268 (3378877652)|VARIABLE_ASSIGNMENT|[898]|this.Registered_Country__c|"Hungary"|0x1b3c31ef
13:58:47.268 (3378880202)|STATEMENT_EXECUTE|[899]
13:58:47.268 (3378888542)|VARIABLE_ASSIGNMENT|[899]|this.Registered_City__c|"Budapest"|0x1b3c31ef
13:58:47.268 (3378890842)|STATEMENT_EXECUTE|[900]
13:58:47.268 (3378902093)|VARIABLE_ASSIGNMENT|[900]|this.Registered_Street__c|"Kinizsi utca 20. Fsz (8 more) ..."|0x1b3c31ef
13:58:47.268 (3378904283)|STATEMENT_EXECUTE|[901]
13:58:47.268 (3378914853)|VARIABLE_ASSIGNMENT|[901]|this.Registered_Zip_Postal_Code__c|"1203"|0x1b3c31ef
13:58:47.268 (3378926483)|STATEMENT_EXECUTE|[902]
13:58:47.268 (3378929573)|STATEMENT_EXECUTE|[910]
13:58:47.268 (3378930583)|STATEMENT_EXECUTE|[911]
13:58:47.268 (3378940073)|VARIABLE_ASSIGNMENT|[911]|this.VAT_Number__c|"32153891-2-43"|0x1b3c31ef
13:58:47.268 (3378942213)|STATEMENT_EXECUTE|[912]
13:58:47.268 (3378950543)|VARIABLE_ASSIGNMENT|[912]|this.Tax_ID_Type__c|"VAT"|0x1b3c31ef
13:58:47.268 (3378953443)|STATEMENT_EXECUTE|[915]
13:58:47.268 (3378954503)|STATEMENT_EXECUTE|[916]
13:58:47.268 (3378981853)|VARIABLE_ASSIGNMENT|[916]|this.DocuSign_Recipient__c|"003Pj00001PGTnAIAX"|0x1b3c31ef
13:58:47.268 (3378984383)|STATEMENT_EXECUTE|[920]
13:58:47.268 (3378996143)|VARIABLE_ASSIGNMENT|[920]|this.Primary_Contact__c|"003Pj00001PGTnAIAX"|0x1b3c31ef
13:58:47.268 (3378998353)|STATEMENT_EXECUTE|[924]
13:58:47.268 (3379006693)|VARIABLE_ASSIGNMENT|[924]|this.MSA_Recipient__c|"003Pj00001PGTnAIAX"|0x1b3c31ef
13:58:47.268 (3379009353)|STATEMENT_EXECUTE|[930]
13:58:47.268 (3379010843)|HEAP_ALLOCATE|[930]|Bytes:3
13:58:47.268 (3379019853)|VARIABLE_ASSIGNMENT|[930]|this.Risk_Level__c|"Low"|0x1b3c31ef
13:58:47.268 (3379023313)|STATEMENT_EXECUTE|[931]
13:58:47.268 (3379024723)|HEAP_ALLOCATE|[931]|Bytes:10
13:58:47.268 (3379033013)|VARIABLE_ASSIGNMENT|[931]|this.Checklist_Type__c|"Simplified"|0x1b3c31ef
13:58:47.268 (3379035223)|STATEMENT_EXECUTE|[932]
13:58:47.268 (3379042813)|VARIABLE_ASSIGNMENT|[932]|this.Customer_Due_Diligence_New__c|"Simplified"|0x1b3c31ef
13:58:47.268 (3379045003)|STATEMENT_EXECUTE|[938]
13:58:47.268 (3379053383)|METHOD_ENTRY|[938]|01pPj00000cpZZ8|NuveiConnectWebhookHandler.resolveManagingCompany(String)
13:58:47.268 (3379058113)|VARIABLE_SCOPE_BEGIN|[166]|sfCountry|String|false|false
13:58:47.268 (3379061293)|VARIABLE_ASSIGNMENT|[166]|sfCountry|"Hungary"
13:58:47.268 (3379064943)|HEAP_ALLOCATE|[167]|Bytes:5
13:58:47.268 (3379066943)|STATEMENT_EXECUTE|[166]
13:58:47.268 (3379074764)|STATEMENT_EXECUTE|[167]
13:58:47.268 (3379093194)|STATEMENT_EXECUTE|[168]
13:58:47.268 (3379098524)|STATEMENT_EXECUTE|[169]
13:58:47.268 (3379105804)|STATEMENT_EXECUTE|[170]
13:58:47.268 (3379107004)|HEAP_ALLOCATE|[170]|Bytes:18
13:58:47.268 (3379113584)|METHOD_EXIT|[938]|01pPj00000cpZZ8|NuveiConnectWebhookHandler.resolveManagingCompany(String)
13:58:47.268 (3379115884)|VARIABLE_SCOPE_BEGIN|[938]|managingCo|String|false|false
13:58:47.268 (3379119374)|VARIABLE_ASSIGNMENT|[938]|managingCo|"Safecharge Limited"
13:58:47.268 (3379126644)|STATEMENT_EXECUTE|[939]
13:58:47.268 (3379127714)|STATEMENT_EXECUTE|[940]
13:58:47.268 (3379139484)|VARIABLE_ASSIGNMENT|[940]|this.Managing_Company__c|"Safecharge Limited"|0x1b3c31ef
13:58:47.268 (3379142084)|STATEMENT_EXECUTE|[942]
13:58:47.268 (3379146644)|METHOD_ENTRY|[942]|01pPj00000cpZZ8|NuveiConnectWebhookHandler.resolveComplianceRecordTypeId(String)
13:58:47.268 (3379150684)|VARIABLE_SCOPE_BEGIN|[175]|sfCountry|String|false|false
13:58:47.268 (3379153564)|VARIABLE_ASSIGNMENT|[175]|sfCountry|"Hungary"
13:58:47.268 (3379156884)|HEAP_ALLOCATE|[176]|Bytes:5
13:58:47.268 (3379158744)|STATEMENT_EXECUTE|[175]
13:58:47.268 (3379164764)|STATEMENT_EXECUTE|[176]
13:58:47.268 (3379165624)|STATEMENT_EXECUTE|[177]
13:58:47.268 (3379167284)|VARIABLE_SCOPE_BEGIN|[177]|devName|String|false|false
13:58:47.268 (3379170454)|VARIABLE_ASSIGNMENT|[177]|devName|null
13:58:47.268 (3379182564)|STATEMENT_EXECUTE|[180]
13:58:47.268 (3379183454)|STATEMENT_EXECUTE|[181]
13:58:47.268 (3379185714)|VARIABLE_ASSIGNMENT|[181]|devName|"Safecharge"
13:58:47.268 (3379189474)|STATEMENT_EXECUTE|[185]
13:58:47.268 (3379190334)|STATEMENT_EXECUTE|[186]
13:58:47.268 (3379203454)|HEAP_ALLOCATE|[186]|Bytes:4
13:58:47.268 (3379255095)|VARIABLE_ASSIGNMENT|[186]|NuveiConnectWebhookHandler.complianceRtIdByDevName|{}|0x7945c66b
13:58:47.268 (3379258575)|HEAP_ALLOCATE|[187]|Bytes:147
13:58:47.268 (3379262975)|HEAP_ALLOCATE|[187]|Bytes:4
13:58:47.268 (3379561606)|SOQL_EXECUTE_BEGIN|[187]|Aggregations:0|SELECT Id, DeveloperName FROM RecordType WHERE (SObjectType = 'Compliance__c' AND DeveloperName IN ('Safecharge', 'Safecharge_Financial_Services'))
13:58:47.268 (3384364605)|SOQL_EXECUTE_END|[187]|Rows:2
13:58:47.268 (3384389025)|HEAP_ALLOCATE|[EXTERNAL]|Bytes:12
13:58:47.268 (3384483815)|HEAP_ALLOCATE|[187]|Bytes:28
13:58:47.268 (3384507666)|HEAP_ALLOCATE|[187]|Bytes:12
13:58:47.268 (3384513486)|HEAP_ALLOCATE|[187]|Bytes:8
13:58:47.268 (3384515246)|HEAP_ALLOCATE|[187]|Bytes:8
13:58:47.268 (3384518956)|VARIABLE_SCOPE_BEGIN|[15]|this|Database.QueryLocatorIterator|true|false
13:58:47.268 (3384559146)|VARIABLE_ASSIGNMENT|[15]|this|{}|0x430337c9
13:58:47.268 (3384562696)|VARIABLE_SCOPE_BEGIN|[15]|values|List<SObject>|true|false
13:58:47.268 (3384615126)|VARIABLE_ASSIGNMENT|[15]|values|[{"DeveloperName":"Safecharge","Id":"01214000000AWYCAA4"},{"DeveloperName":"Safecharge_Financial (9 more) ...","Id":"0125Y000001mUMRQA2"}]|0x4401e031
13:58:47.268 (3384623766)|VARIABLE_SCOPE_BEGIN|[15]|ql|Database.QueryLocator|true|false
13:58:47.268 (3384659056)|VARIABLE_ASSIGNMENT|[15]|ql|{"query":"SELECT Id, Developer (127 more) ..."}|0x2aa77b7b
13:58:47.268 (3384661636)|VARIABLE_SCOPE_BEGIN|[15]|totalNumRecords|Integer|false|false
13:58:47.268 (3384665926)|VARIABLE_ASSIGNMENT|[15]|totalNumRecords|2
13:58:47.268 (3384667946)|VARIABLE_SCOPE_BEGIN|[15]|queryMoreSize|Integer|false|false
13:58:47.268 (3384670816)|VARIABLE_ASSIGNMENT|[15]|queryMoreSize|49990
13:58:47.268 (3384728727)|HEAP_ALLOCATE|[187]|Bytes:28
13:58:47.268 (3384744587)|METHOD_ENTRY|[187]||Database.QueryLocatorIterator.hasNext()
13:58:47.268 (3384774077)|METHOD_EXIT|[187]||Database.QueryLocatorIterator.hasNext()
13:58:47.268 (3384777877)|METHOD_ENTRY|[187]||Database.QueryLocatorIterator.next()
13:58:47.268 (3384814777)|METHOD_EXIT|[187]||Database.QueryLocatorIterator.next()
13:58:47.268 (3384818937)|VARIABLE_SCOPE_BEGIN|[187]|rt|RecordType|true|false
13:58:47.268 (3384833147)|VARIABLE_ASSIGNMENT|[187]|rt|{"DeveloperName":"Safecharge","Id":"01214000000AWYCAA4"}|0x19ebf9e8
13:58:47.268 (3384836357)|STATEMENT_EXECUTE|[191]
13:58:47.268 (3384837807)|STATEMENT_EXECUTE|[192]
13:58:47.268 (3384868698)|HEAP_ALLOCATE|[EXTERNAL]|Bytes:-4
13:58:47.268 (3384872828)|METHOD_ENTRY|[187]||Database.QueryLocatorIterator.hasNext()
13:58:47.268 (3384879668)|METHOD_EXIT|[187]||Database.QueryLocatorIterator.hasNext()
13:58:47.268 (3384881808)|METHOD_ENTRY|[187]||Database.QueryLocatorIterator.next()
13:58:47.268 (3384899008)|METHOD_EXIT|[187]||Database.QueryLocatorIterator.next()
13:58:47.268 (3384901268)|VARIABLE_SCOPE_BEGIN|[187]|rt|RecordType|true|false
13:58:47.268 (3384911338)|VARIABLE_ASSIGNMENT|[187]|rt|{"DeveloperName":"Safecharge_Financial (9 more) ...","Id":"0125Y000001mUMRQA2"}|0x438c2863
13:58:47.268 (3384914068)|STATEMENT_EXECUTE|[191]
13:58:47.268 (3384915068)|STATEMENT_EXECUTE|[192]
13:58:47.268 (3384923708)|HEAP_ALLOCATE|[EXTERNAL]|Bytes:-4
13:58:47.268 (3384926308)|METHOD_ENTRY|[187]||Database.QueryLocatorIterator.hasNext()
13:58:47.268 (3384931158)|METHOD_EXIT|[187]||Database.QueryLocatorIterator.hasNext()
13:58:47.268 (3384934228)|VARIABLE_ASSIGNMENT|[187]|rt|null|
13:58:47.268 (3384944428)|STATEMENT_EXECUTE|[195]
13:58:47.268 (3384955928)|METHOD_EXIT|[942]|01pPj00000cpZZ8|NuveiConnectWebhookHandler.resolveComplianceRecordTypeId(String)
13:58:47.268 (3384958528)|VARIABLE_SCOPE_BEGIN|[942]|compRtId|Id|false|false
13:58:47.268 (3384984028)|VARIABLE_ASSIGNMENT|[942]|compRtId|"01214000000AWYCAA4"
13:58:47.268 (3384986638)|STATEMENT_EXECUTE|[943]
13:58:47.268 (3384987658)|STATEMENT_EXECUTE|[944]
13:58:47.268 (3385048429)|VARIABLE_ASSIGNMENT|[944]|this.RecordTypeId|"01214000000AWYCAA4"|0x1b3c31ef
13:58:47.268 (3385071159)|STATEMENT_EXECUTE|[957]
13:58:47.268 (3385072279)|STATEMENT_EXECUTE|[958]
13:58:47.268 (3385095909)|VARIABLE_ASSIGNMENT|[958]|this.City_field__c|"+18553106344"|0x1b3c31ef
13:58:47.268 (3385104569)|STATEMENT_EXECUTE|[963]
13:58:47.268 (3385105639)|STATEMENT_EXECUTE|[964]
13:58:47.268 (3385107749)|VARIABLE_SCOPE_BEGIN|[964]|descMax|Integer|false|false
13:58:47.268 (3385110799)|HEAP_ALLOCATE|[964]|Bytes:4
13:58:47.268 (3385114529)|VARIABLE_ASSIGNMENT|[964]|descMax|22
13:58:47.268 (3385116589)|STATEMENT_EXECUTE|[965]
13:58:47.268 (3385117519)|STATEMENT_EXECUTE|[965]
13:58:47.268 (3385118349)|STATEMENT_EXECUTE|[966]
13:58:47.268 (3385120159)|HEAP_ALLOCATE|[965]|Bytes:13
13:58:47.268 (3385122529)|HEAP_ALLOCATE|[965]|Bytes:13
13:58:47.268 (3386387987)|HEAP_ALLOCATE|[EXTERNAL]|Bytes:4
13:58:47.268 (3386454597)|HEAP_ALLOCATE|[966]|Bytes:8
13:58:47.268 (3386473847)|VARIABLE_SCOPE_BEGIN|[966]|fieldLen|Integer|false|false
13:58:47.268 (3386478017)|HEAP_ALLOCATE|[966]|Bytes:4
13:58:47.268 (3386483277)|VARIABLE_ASSIGNMENT|[966]|fieldLen|40
13:58:47.268 (3386489187)|STATEMENT_EXECUTE|[967]
13:58:47.268 (3386491107)|STATEMENT_EXECUTE|[969]
13:58:47.268 (3386513338)|VARIABLE_SCOPE_BEGIN|[969]|descriptor|String|false|false
13:58:47.268 (3386518748)|VARIABLE_ASSIGNMENT|[969]|descriptor|"Syntech Solutions Kf (2 more) ..."
13:58:47.268 (3386520808)|STATEMENT_EXECUTE|[970]
13:58:47.268 (3386551518)|VARIABLE_ASSIGNMENT|[970]|this.Descriptor__c|"Syntech Solutions Kf (2 more) ..."|0x1b3c31ef
13:58:47.268 (3386554938)|STATEMENT_EXECUTE|[974]
13:58:47.268 (3386556998)|HEAP_ALLOCATE|[974]|Bytes:6
13:58:47.268 (3386569458)|VARIABLE_ASSIGNMENT|[974]|this.Descriptor_Type__c|"Static"|0x1b3c31ef
13:58:47.268 (3386571898)|STATEMENT_EXECUTE|[976]
13:58:47.268 (3386577098)|METHOD_EXIT|[635]|01pPj00000cpZZ8|NuveiConnectWebhookHandler.buildCompliance(NuveiConnectWebhookHandler.NuveiConnectRequest, Id, Id, Id)
13:58:47.268 (3386581908)|VARIABLE_SCOPE_BEGIN|[635]|comp|Compliance__c|true|false
13:58:47.268 (3386619288)|VARIABLE_ASSIGNMENT|[635]|comp|{"Name":"Syntech Solutions Kf (2 more) ...","Account__c":"001Pj00001DndZjIAJ","Opportunity__c":"006Pj00000zMrowIAC","Nuvei_Connect_Application_ID__c":"NC178792551537","Compliance_Status__c":"Oscilar Submitted","Nuvei_Connect_Status__c":"SUBMITTED","From_Reseller__c":"a0mPj00000u8rTVIAY","Nuvei_Partner_ID__c":"b5abf69f-0859-4b57-8 (16 more) ...","Sales_Rep__c":"00530000006NODJAA4","Account_Manager__c":"0051O00000Cga4LQAR","Underwriting_Mgr__c":"0051O00000ChbPRQAZ","Minimum_monthly_fee_Value_1__c":5000,"Remittance_Cycle__c":"Weekly with 1 week d (4 more) ...","Settlement_threshold__c":"5000","Manual_MCC_Code__c":"5047","Company_Type__c":"Limited","Url__c":"http://cosmedicalsup (7 more) ...","Foundation_date__c":"2022-12-01T00:00:00.000Z","Trading_Name__c":"Syntech Solutions","Incorporation_number__c":"01-09-409373","Registered_Country__c":"Hungary","Registered_City__c":"Budapest","Registered_Street__c":"Kinizsi utca 20. Fsz (8 more) ...","Registered_Zip_Postal_Code__c":"1203","VAT_Number__c":"32153891-2-43","Tax_ID_Type__c":"VAT","DocuSign_Recipient__c":"003Pj00001PGTnAIAX","Primary_Contact__c":"003Pj00001PGTnAIAX","MSA_Recipient__c":"003Pj00001PGTnAIAX","Risk_Level__c":"Low","Checklist_Type__c":"Simplified","Customer_Due_Diligence_New__c":"Simplified","Managing_Company__c":"Safecharge Limited","RecordTypeId":"01214000000AWYCAA4","City_field__c":"+18553106344","Descriptor__c":"Syntech Solutions Kf (2 more) ...","Descriptor_Type__c":"Static"}|0x1b3c31ef
13:58:47.268 (3386628018)|STATEMENT_EXECUTE|[636]
13:58:47.268 (3386628968)|STATEMENT_EXECUTE|[636]
13:58:47.268 (3386629978)|STATEMENT_EXECUTE|[637]
13:58:47.268 (3386660018)|HEAP_ALLOCATE|[637]|Bytes:8
13:58:47.268 (3386673778)|DML_BEGIN|[637]|Op:Insert|Type:Compliance__c|Rows:1
13:58:47.268 (3386705789)|HEAP_ALLOCATE|[EXTERNAL]|Bytes:8
13:58:47.268 (3500066848)|CODE_UNIT_STARTED|[EXTERNAL]|Flow:01I300000027f4c
13:58:47.268 (3501441616)|CODE_UNIT_FINISHED|Flow:01I300000027f4c
13:58:47.268 (3508144966)|CODE_UNIT_STARTED|[EXTERNAL]|01q1O000000k9fA|ComplianceTrigger on Compliance trigger event BeforeInsert|__sfdc_trigger/ComplianceTrigger
13:58:47.268 (3508210446)|HEAP_ALLOCATE|[EXTERNAL]|Bytes:8
13:58:47.268 (3510772172)|HEAP_ALLOCATE|[EXTERNAL]|Bytes:8
13:58:47.268 (3510794362)|VARIABLE_SCOPE_BEGIN|[1]|this|ComplianceTrigger|true|false
13:58:47.268 (3510865052)|VARIABLE_ASSIGNMENT|[1]|this|{}|0x70e447ea
13:58:47.268 (3510909653)|HEAP_ALLOCATE|[EXTERNAL]|Bytes:8
13:58:47.268 (3510913813)|VARIABLE_SCOPE_BEGIN|[1]|this|ComplianceTrigger|true|false
13:58:47.268 (3510921293)|VARIABLE_ASSIGNMENT|[1]|this|{}|0x70e447ea
13:58:47.268 (3510926373)|STATEMENT_EXECUTE|[1]
13:58:47.268 (3510928243)|STATEMENT_EXECUTE|[3]
13:58:47.268 (3510937853)|HEAP_ALLOCATE|[3]|Bytes:9
13:58:47.268 (3510991603)|METHOD_ENTRY|[1]|01p1O000001xhGM|ComplianceTriggerHandler.ComplianceTriggerHandler()
13:58:47.268 (3511018323)|STATEMENT_EXECUTE|[1]
13:58:47.268 (3511023533)|STATEMENT_EXECUTE|[1]
13:58:47.268 (3512810484)|SYSTEM_MODE_ENTER|false
13:58:47.268 (3512829994)|HEAP_ALLOCATE|[3]|Bytes:5
13:58:47.268 (3512838994)|SYSTEM_MODE_EXIT|false
13:58:47.268 (3512851824)|METHOD_EXIT|[1]|ComplianceTriggerHandler
13:58:47.268 (3512864254)|HEAP_ALLOCATE|[3]|Bytes:20
13:58:47.268 (3512893464)|CONSTRUCTOR_ENTRY|[3]|01p1O000001xhGM|<init>()|ComplianceTriggerHandler
13:58:47.268 (3512934285)|VARIABLE_SCOPE_BEGIN|[1]|this|ComplianceTriggerHandler|true|false
13:58:47.268 (3512967615)|VARIABLE_ASSIGNMENT|[1]|this|{}|0x351a88a1
13:58:47.268 (3512975105)|SYSTEM_MODE_ENTER|false
13:58:47.268 (3512978085)|HEAP_ALLOCATE|[EXTERNAL]|Bytes:5
13:58:47.268 (3512986105)|CONSTRUCTOR_ENTRY|[EXTERNAL]|01p1O000001xhGQ|<init>()|ITriggerHandlerImpl
13:58:47.268 (3512991945)|VARIABLE_SCOPE_BEGIN|[1]|this|ITriggerHandlerImpl|true|false
13:58:47.268 (3512999275)|VARIABLE_ASSIGNMENT|[1]|this|{}|0x351a88a1
13:58:47.268 (3513002745)|HEAP_ALLOCATE|[EXTERNAL]|Bytes:5
13:58:47.268 (3513020845)|STATEMENT_EXECUTE|[1]
13:58:47.268 (3513022495)|HEAP_ALLOCATE|[EXTERNAL]|Bytes:5
13:58:47.268 (3513024865)|STATEMENT_EXECUTE|[2]
13:58:47.268 (3513026015)|STATEMENT_EXECUTE|[3]
13:58:47.268 (3513027175)|STATEMENT_EXECUTE|[4]
13:58:47.268 (3513028135)|STATEMENT_EXECUTE|[5]
13:58:47.268 (3513033345)|CONSTRUCTOR_EXIT|[EXTERNAL]|01p1O000001xhGQ|<init>()|ITriggerHandlerImpl
13:58:47.268 (3513037105)|SYSTEM_MODE_EXIT|false
13:58:47.268 (3513039555)|STATEMENT_EXECUTE|[1]
13:58:47.268 (3513041365)|SYSTEM_MODE_ENTER|false
13:58:47.268 (3513043345)|HEAP_ALLOCATE|[EXTERNAL]|Bytes:5
13:58:47.268 (3513045935)|SYSTEM_MODE_EXIT|false
13:58:47.268 (3513049885)|CONSTRUCTOR_EXIT|[3]|01p1O000001xhGM|<init>()|ComplianceTriggerHandler
13:58:47.268 (3513094246)|VARIABLE_ASSIGNMENT|[3]|this.handler|0x351a88a1|0x70e447ea
13:58:47.268 (3513097506)|STATEMENT_EXECUTE|[4]
13:58:47.268 (3513123536)|METHOD_ENTRY|[4]|01p1O000001xhGQ|ITriggerHandlerImpl.execute()
13:58:47.268 (3513135856)|VARIABLE_SCOPE_BEGIN|[7]|this|ITriggerHandlerImpl|true|false
13:58:47.268 (3513143786)|VARIABLE_ASSIGNMENT|[7]|this|{}|0x351a88a1
13:58:47.268 (3513149856)|SYSTEM_MODE_ENTER|false
13:58:47.268 (3513152286)|HEAP_ALLOCATE|[8]|Bytes:5
13:58:47.268 (3513154906)|STATEMENT_EXECUTE|[7]
13:58:47.268 (3513161166)|STATEMENT_EXECUTE|[8]
13:58:47.268 (3513162266)|STATEMENT_EXECUTE|[9]
13:58:47.268 (3513203026)|STATEMENT_EXECUTE|[11]
13:58:47.268 (3513211966)|STATEMENT_EXECUTE|[14]
13:58:47.268 (3513215106)|STATEMENT_EXECUTE|[18]
13:58:47.268 (3513218846)|STATEMENT_EXECUTE|[19]
13:58:47.268 (3513219916)|STATEMENT_EXECUTE|[20]
13:58:47.268 (3513224966)|METHOD_ENTRY|[20]|01p1O000001xhGQ|ITriggerHandlerImpl.beforeInsert(Object)
13:58:47.268 (3513228546)|VARIABLE_SCOPE_BEGIN|[43]|this|ITriggerHandlerImpl|true|false
13:58:47.268 (3513243786)|VARIABLE_ASSIGNMENT|[43]|this|{"newRecordList":"0x70d4d4f1"}|0x351a88a1
13:58:47.268 (3513246686)|VARIABLE_SCOPE_BEGIN|[43]|params|Object|false|false
13:58:47.268 (3513251777)|VARIABLE_ASSIGNMENT|[43]|params|null
13:58:47.268 (3513255297)|HEAP_ALLOCATE|[EXTERNAL]|Bytes:5
13:58:47.268 (3513257277)|STATEMENT_EXECUTE|[43]
13:58:47.268 (3513260847)|METHOD_EXIT|[20]|01p1O000001xhGQ|ITriggerHandlerImpl.beforeInsert(Object)
13:58:47.268 (3513264617)|SYSTEM_MODE_EXIT|false
13:58:47.268 (3513267817)|METHOD_EXIT|[4]|01p1O000001xhGQ|ITriggerHandlerImpl.execute()
13:58:47.513 (3513291297)|CUMULATIVE_LIMIT_USAGE
13:58:47.513 (3513291297)|LIMIT_USAGE_FOR_NS|(default)|
  Number of SOQL queries: 11 out of 200
  Number of query rows: 10 out of 50000
  Number of SOSL queries: 0 out of 20
  Number of DML statements: 5 out of 150
  Number of Publish Immediate DML: 0 out of 150
  Number of DML rows: 7 out of 10000
  Maximum CPU time: 592 out of 60000
  Maximum heap size: 0 out of 12000000
  Number of callouts: 0 out of 0
  Number of Email Invocations: 0 out of 10
  Number of future calls: 0 out of 50
  Number of queueable jobs added to the queue: 0 out of 1
  Number of Mobile Apex push calls: 0 out of 10

13:58:47.513 (3513291297)|LIMIT_USAGE_FOR_NS|MC4SF|
  Number of SOQL queries: 1 out of 200
  Number of query rows: 0 out of 50000
  Number of SOSL queries: 0 out of 20
  Number of DML statements: 0 out of 150
  Number of Publish Immediate DML: 0 out of 150
  Number of DML rows: 0 out of 10000
  Maximum CPU time: 0 out of 60000
  Maximum heap size: 0 out of 12000000
  Number of callouts: 0 out of 0
  Number of Email Invocations: 0 out of 10
  Number of future calls: 0 out of 50
  Number of queueable jobs added to the queue: 0 out of 1
  Number of Mobile Apex push calls: 0 out of 10

13:58:47.513 (3513291297)|LIMIT_USAGE_FOR_NS|pw_cc|
  Number of SOQL queries: 1 out of 200
  Number of query rows: 0 out of 50000
  Number of SOSL queries: 0 out of 20
  Number of DML statements: 0 out of 150
  Number of Publish Immediate DML: 0 out of 150
  Number of DML rows: 0 out of 10000
  Maximum CPU time: 0 out of 60000
  Maximum heap size: 0 out of 12000000
  Number of callouts: 0 out of 0
  Number of Email Invocations: 0 out of 10
  Number of future calls: 0 out of 50
  Number of queueable jobs added to the queue: 0 out of 1
  Number of Mobile Apex push calls: 0 out of 10

13:58:47.513 (3513291297)|LIMIT_USAGE_FOR_NS|SFSSDupeCatcher|
  Number of SOQL queries: 36 out of 200
  Number of query rows: 40 out of 50000
  Number of SOSL queries: 0 out of 20
  Number of DML statements: 0 out of 150
  Number of Publish Immediate DML: 0 out of 150
  Number of DML rows: 0 out of 10000
  Maximum CPU time: 0 out of 60000
  Maximum heap size: 0 out of 12000000
  Number of callouts: 0 out of 0
  Number of Email Invocations: 0 out of 10
  Number of future calls: 0 out of 50
  Number of queueable jobs added to the queue: 0 out of 1
  Number of Mobile Apex push calls: 0 out of 10

13:58:47.513 (3513291297)|LIMIT_USAGE_FOR_NS|slackv2|
  Number of SOQL queries: 1 out of 200
  Number of query rows: 1 out of 50000
  Number of SOSL queries: 0 out of 20
  Number of DML statements: 0 out of 150
  Number of Publish Immediate DML: 5 out of 150
  Number of DML rows: 0 out of 10000
  Maximum CPU time: 0 out of 60000
  Maximum heap size: 0 out of 12000000
  Number of callouts: 0 out of 0
  Number of Email Invocations: 0 out of 10
  Number of future calls: 0 out of 50
  Number of queueable jobs added to the queue: 0 out of 1
  Number of Mobile Apex push calls: 0 out of 10

13:58:47.513 (3513291297)|CUMULATIVE_LIMIT_USAGE_END

13:58:47.268 (3513487628)|CODE_UNIT_FINISHED|ComplianceTrigger on Compliance trigger event BeforeInsert|__sfdc_trigger/ComplianceTrigger
13:58:47.268 (3665735327)|CODE_UNIT_STARTED|[EXTERNAL]|Validation:Compliance:new
13:58:47.268 (3665864138)|VALIDATION_RULE|03dPj0000000wvF|AUD_available_for_Nuvei_Australia_Pty_Li
13:58:47.268 (3666110449)|VALIDATION_FORMULA|TEXT(Managing_Company__c) <> "Nuvei Australia Pty Limited" &&   TEXT(Fees_Currency__c) = "AUD"|Managing_Company__c=Safecharge Limited , Fees_Currency__c=EUR
13:58:47.268 (3666129089)|VALIDATION_PASS
13:58:47.268 (3666132099)|VALIDATION_RULE|03d1O0000009Nve|Buy_rates_for_percent_above_buy_blended
13:58:47.268 (3666241090)|VALIDATION_FORMULA|AND(TEXT (Introducer_Commission_Model__c) = "% above buy rate (blended)", ISBLANK(Buy_Rate_actually_received_by_Safecharge__c))|Introducer_Commission_Model__c=null , Buy_Rate_actually_received_by_Safecharge__c=null
13:58:47.268 (3666245420)|VALIDATION_PASS
13:58:47.268 (3666247200)|VALIDATION_RULE|03d1O0000009Nvj|Buy_rates_for_percent_above_buy_IC
13:58:47.268 (3666292310)|VALIDATION_FORMULA|AND(TEXT (Introducer_Commission_Model__c) = "% above buy rate (IC)", ISBLANK(Buy_Rate_actually_received_by_Safecharge__c) )|Introducer_Commission_Model__c=null , Buy_Rate_actually_received_by_Safecharge__c=null
13:58:47.268 (3666297570)|VALIDATION_PASS
13:58:47.268 (3666299300)|VALIDATION_RULE|03dPj000000jukP|CAD_available_for_Nuvei_Tech_Corp
13:58:47.268 (3666353570)|VALIDATION_FORMULA|TEXT(Managing_Company__c) <> "Nuvei Technologies Corp" &&
TEXT(Managing_Company__c) <> "Nuvei Corporation" &&   TEXT(Fees_Currency__c) = "CAD"|Managing_Company__c=Safecharge Limited , Fees_Currency__c=EUR
13:58:47.268 (3666356880)|VALIDATION_PASS
13:58:47.268 (3666358550)|VALIDATION_RULE|03d5Y000001m4Ew|Cashier_Fee_cannot_be_empty
13:58:47.268 (3666502501)|VALIDATION_FORMULA|ISBLANK(Cashier_fee__c) && CONTAINS(RecordType.Name, "Nuvei")  && DateValue(CreatedDate) > Date(2020,01,01)|CreatedDate=null , Cashier_fee__c=0.03 , RecordType.Name=Nuvei Global
13:58:47.268 (3666506721)|VALIDATION_PASS
13:58:47.268 (3666508551)|VALIDATION_RULE|03d5Y000000Adke|Close_Date_Required
13:58:47.268 (3666556652)|VALIDATION_FORMULA|AND(ISPICKVAL(Compliance_Status__c, "Closed"),
   ISBLANK(Close_Date__c))|Compliance_Status__c=Oscilar Submitted , Close_Date__c=null
13:58:47.268 (3666559692)|VALIDATION_PASS
13:58:47.268 (3666561192)|VALIDATION_RULE|03d1O000001DZae|Commission_cannot_be_0
13:58:47.268 (3666591262)|VALIDATION_FORMULA|Reseller_Commission__c = 0|Reseller_Commission__c=null
13:58:47.268 (3666593732)|VALIDATION_PASS
13:58:47.268 (3666595282)|VALIDATION_RULE|03dPj0000001PM9|Company_name_to_be_changed_only_UW
13:58:47.268 (3666814483)|VALIDATION_FORMULA|ISCHANGED(Name) && 
CONTAINS( TEXT(Compliance_Status__c) , "Live") && 
NOT(CONTAINS( Name , "demo")) && 
$Profile.Id <> "00e30000001wPru" && 
$Profile.Id <> "00e14000001x8p0" && 
$Profile.Id <> "00e14000001dsrM" && 
$Profile.Id <> "00e1O000001x9YU" && 
$Profile.Id <> "00ea0000000jQe2"&& 
$User.Username <> 'david.hazan@nuvei.com' && 
$User.Username <> 'dimitar.delchev@nuvei.com' && 
$User.Username <> 'ivaylo.nikolov@nuvei.com' &&
NOT(ISPICKVAL(Managing_Company__c, "Nuvei Technologies Inc.")) &&
NOT(ISPICKVAL(Managing_Company__c, "Nuvei Technologies Corp"))|Compliance_Status__c=Oscilar Submitted , $Profile.Id=00ePj00000snPvq , $User.Username=nuvei_connect_webhook@00d30000000pe7xeau.org.force.com , Managing_Company__c=Safecharge Limited , Name=Syntech Solutions Kft.
13:58:47.268 (3666821453)|VALIDATION_PASS
13:58:47.268 (3666823083)|VALIDATION_RULE|03d1O000001Luzu|CP_Edit_Open_Date
13:58:47.268 (3666927984)|VALIDATION_FORMULA|ISCHANGED( Open_Date__c) &&
($User.ProfileId <> '00e30000001wPru' &&
$User.ProfileId <> '00e30000001g4RQ'&&
$User.ProfileId <> '00e14000000jVHa' &&
$User.ProfileId <> '00e14000001x8p0' &&
$User.ProfileId <> '00e1O000002GVB5' &&
$User.ProfileId <> '00ea0000000jQ06' &&
$User.ProfileId <> '00e30000001MQiE' &&
$User.ProfileId <> '00ea0000000jQe2' &&
$User.ProfileId <> '00e5Y000002Gz1w' &&
$User.ProfileId <> '00e5Y000003bPY2')|Open_Date__c=null , $User.ProfileId=00ePj00000snPvq
13:58:47.268 (3666932804)|VALIDATION_PASS
13:58:47.268 (3666934634)|VALIDATION_RULE|03d1O000001LwOR|DCC_max_value
13:58:47.268 (3666974394)|VALIDATION_FORMULA|DCC__c > 0.50|DCC__c=0
13:58:47.268 (3666977154)|VALIDATION_PASS
13:58:47.268 (3666978774)|VALIDATION_RULE|03d1O000001Q8So|Declined_Reason_mandatory
13:58:47.268 (3667034055)|VALIDATION_FORMULA|AND ( 
TEXT( Compliance_Status__c ) = 'Declined',
ISBLANK(TEXT( Declined_Reason__c ))
)|Compliance_Status__c=Oscilar Submitted , Declined_Reason__c=null
13:58:47.268 (3667039285)|VALIDATION_PASS
13:58:47.268 (3667040985)|VALIDATION_RULE|03dPj000000cIgf|Dormant_Compliance_status_by_Risk_and_UW
13:58:47.268 (3667185065)|VALIDATION_FORMULA|OR(
AND(
ISCHANGED(Compliance_Status__c),
ISPICKVAL(Compliance_Status__c, "Dormant") ,
$Profile.Id <> "00e14000001ZgIZ",
$Profile.Id <> "00e14000001dtZP",
$Profile.Id <> "00e1O000001ZgvW",
$Profile.Id <> "00e1O000002Kho7",
$Profile.Id <> "00e30000001wPru",
OR(
ISPICKVAL(Managing_Company__c, "Safecharge HK Limited"),
ISPICKVAL(Managing_Company__c, "Safecharge PTE Limited"),
ISPICKVAL(Managing_Company__c, "Nuvei Australia Pty Limited"))),
AND(
ISCHANGED(Compliance_Status__c),
ISPICKVAL(Compliance_Status__c, "Dormant") ,
NOT(ISPICKVAL(Managing_Company__c, "Safecharge HK Limited")),
NOT(ISPICKVAL(Managing_Company__c, "Safecharge PTE Limited")),
NOT(ISPICKVAL(Managing_Company__c, "Nuvei Australia Pty Limited")),
$Profile.Id <> "00e14000001ZgIZ",
$Profile.Id <> "00e14000001dtZP",
$Profile.Id <> "00e1O000001ZgvW",
$Profile.Id <> "00e1O000002Kho7",
$Profile.Id <> "00e30000001wPru"))|Compliance_Status__c=Oscilar Submitted , $Profile.Id=00ePj00000snPvq , Managing_Company__c=Safecharge Limited
13:58:47.268 (3667191185)|VALIDATION_PASS
13:58:47.268 (3667192925)|VALIDATION_RULE|03d5Y000001MOSz|GW_Processing_Fee_cannot_be_empty
13:58:47.268 (3667238206)|VALIDATION_FORMULA|ISBLANK(GW_Processing_Fee__c ) && CONTAINS(RecordType.Name, "Nuvei")|RecordType.Name=Nuvei Global , GW_Processing_Fee__c=0.15
13:58:47.268 (3667241216)|VALIDATION_PASS
13:58:47.268 (3667242896)|VALIDATION_RULE|03d14000000thRk|Holdback_for_APMs_edited_only_by_Risk
13:58:47.268 (3667317956)|VALIDATION_FORMULA|ISCHANGED(Holdback_for_APMs__c) &&  
($User.ProfileId <> '00e1O000001Zgwo' &&
$User.ProfileId <> '00e1O000002KhoR' &&
$User.ProfileId <> '00e30000001g4RQ' && 
$User.Id <> '0055Y00000Gd389'
&& $User.Id <> '0055Y00000HxVGa'
&& $User.Id <> '0055Y00000I7146'
&& $User.Id <> '005Pj00000Faent'
&& $User.Id <> '005Pj00000JVzM1'
)|Holdback_for_APMs__c=10 , $User.Id=005Pj00000cEmDO , $User.ProfileId=00ePj00000snPvq
13:58:47.268 (3667322156)|VALIDATION_PASS
13:58:47.268 (3667324286)|VALIDATION_RULE|03d14000000qLX3|Industry_Validation
13:58:47.268 (3668589944)|VALIDATION_FORMULA|(Bank_Count__c > 0  &#124;&#124; TEXT (Compliance_Status__c) = "In Pre-Approval"  &#124;&#124; TEXT (Compliance_Status__c) = "KYC")

&& $Profile.Id  != '00e30000001g4RQ' && $Profile.Id  != '00e30000001wPru' && $Profile.Id  != '00e14000001ZgIZ'
&& $Profile.Id  != '00e1O000002Kho7' && $Profile.Id  != '00e14000001dtYg' && $Profile.Id  != '00e1O000002KhoR' && $Profile.Id  != '00e1O000001Zgwo' && $Profile.Id  != '00e14000000jVHa' && $Profile.Id  != '00e1O000001x9YU' && $Profile.Id  != '00e14000001x8p0'

&& (PRIORVALUE( Industry_For_Pricing__c )) <>"" && ISCHANGED(Industry_For_Pricing__c ) && NOT(ISCHANGED(  Integration_Status__c  ))|Compliance_Status__c=Oscilar Submitted , $Profile.Id=00ePj00000snPvq , Integration_Status__c=Not Started , Bank_Count__c=0 , Industry_For_Pricing__c=ECOMMERCE
13:58:47.268 (3668609154)|VALIDATION_PASS
13:58:47.268 (3668611664)|VALIDATION_RULE|03d14000000qJAC|Minimum_monthly_Limit_logic_2
13:58:47.268 (3668708855)|VALIDATION_FORMULA|OR( NOT(ISBLANK(Minimum_monthly_fee_Limit_1__c)) && ISBLANK(Minimum_monthly_fee_Value_2__c), 
		ISBLANK(Minimum_monthly_fee_Limit_1__c) && NOT(ISBLANK(Minimum_monthly_fee_Value_2__c)), 
			Minimum_monthly_fee_Value_2__c <= Minimum_monthly_fee_Value_1__c 
		)|Minimum_monthly_fee_Value_2__c=null , Minimum_monthly_fee_Value_1__c=5000 , Minimum_monthly_fee_Limit_1__c=null
13:58:47.268 (3668713685)|VALIDATION_PASS
13:58:47.268 (3668715485)|VALIDATION_RULE|03d14000000qJAH|Minimum_monthly_Limit_logic_3
13:58:47.268 (3668779075)|VALIDATION_FORMULA|OR( NOT(ISBLANK(Minimum_monthly_fee_Limit_2__c)) && ISBLANK(Minimum_monthly_fee_Value_3__c), 
		ISBLANK(Minimum_monthly_fee_Limit_2__c) && NOT(ISBLANK(Minimum_monthly_fee_Value_3__c)), 
			Minimum_monthly_fee_Value_3__c <= Minimum_monthly_fee_Value_2__c 
		)|Minimum_monthly_fee_Value_2__c=null , Minimum_monthly_fee_Value_3__c=null , Minimum_monthly_fee_Limit_2__c=null
13:58:47.268 (3668782435)|VALIDATION_PASS
13:58:47.268 (3668784075)|VALIDATION_RULE|03d14000000qJAM|Minimum_monthly_Limit_logic_4
13:58:47.268 (3668841855)|VALIDATION_FORMULA|OR( NOT(ISBLANK(Minimum_monthly_fee_Limit_3__c)) && ISBLANK(Minimum_monthly_fee_Value_4__c), 
		ISBLANK(Minimum_monthly_fee_Limit_3__c) && NOT(ISBLANK(Minimum_monthly_fee_Value_4__c)), 
			Minimum_monthly_fee_Value_4__c <= Minimum_monthly_fee_Value_3__c 
		)|Minimum_monthly_fee_Value_4__c=null , Minimum_monthly_fee_Value_3__c=null , Minimum_monthly_fee_Limit_3__c=null
13:58:47.268 (3668845065)|VALIDATION_PASS
13:58:47.268 (3668846765)|VALIDATION_RULE|03d140000009L0v|NON_Minimum_and_term_HARD_limits
13:58:47.268 (3669019686)|VALIDATION_FORMULA|AND( 
	Non_standard_terms__c = true,
        Remittance_Currency_old__c = "Euro",
        TEXT(Remittance_Cycle__c) = "Weekly with 1 week delay",
	NOT(OR( 
		ISBLANK(Minimum_monthly_fee_Value_1__c), 
		(Minimum_monthly_fee_Value_1__c == 0 && (Minimum_monthly_fee_Limit_1__c > 9 &#124;&#124; ISBLANK(Minimum_monthly_fee_Limit_1__c )) ), 
		(Minimum_monthly_fee_Value_1__c < 2000 && ISBLANK(Minimum_monthly_fee_Limit_1__c ) ), 
		(Minimum_monthly_fee_Value_1__c < 2000 && Minimum_monthly_fee_Limit_1__c > 9 ), 

		(NOT(ISBLANK(Minimum_monthly_fee_Value_2__c)) && Minimum_monthly_fee_Value_2__c < 2000 && (Minimum_monthly_fee_Limit_1__c >= 9 &#124;&#124; ISBLANK(Minimum_monthly_fee_Value_3__c) ) ), 
		(NOT(ISBLANK(Minimum_monthly_fee_Value_3__c)) && Minimum_monthly_fee_Value_3__c < 2000 && (Minimum_monthly_fee_Limit_2__c >= 9 &#124;&#124; ISBLANK(Minimum_monthly_fee_Value_4__c) ) ), 
		(NOT(ISBLANK(Minimum_monthly_fee_Value_4__c)) && Minimum_monthly_fee_Value_4__c < 2000 && Minimum_monthly_fee_Limit_3__c >= 9 ), 
		(NOT(ISBLANK(Minimum_monthly_fee_Value_4__c)) && Minimum_monthly_fee_Value_4__c < 2000 ), 

		(ISNULL(Contract_Term__c) &#124;&#124; Contract_Term__c < 12) 
	))
)|Remittance_Currency_old__c=EURO , Minimum_monthly_fee_Value_2__c=null , Contract_Term__c=36 , Minimum_monthly_fee_Value_3__c=null , Minimum_monthly_fee_Value_4__c=null , Minimum_monthly_fee_Limit_3__c=null , Non_standard_terms__c=0 , Minimum_monthly_fee_Value_1__c=5000 , Remittance_Cycle__c=Weekly with 1 week delay , Minimum_monthly_fee_Limit_1__c=null , Minimum_monthly_fee_Limit_2__c=null
13:58:47.268 (3669033016)|VALIDATION_PASS
13:58:47.268 (3669034687)|VALIDATION_RULE|03dPj0000004raP|No_deletion_of_Settlement_threshold
13:58:47.268 (3669077257)|VALIDATION_FORMULA|ISCHANGED( Settlement_threshold__c)   &&   ISBLANK(TEXT(Settlement_threshold__c))|Settlement_threshold__c=5000
13:58:47.268 (3669080597)|VALIDATION_PASS
13:58:47.268 (3669082117)|VALIDATION_RULE|03d14000000thPt|on_finance_admin_issue_set_the_details
13:58:47.268 (3669131457)|VALIDATION_FORMULA|TEXT( Finance_admin_status__c )  = 'Issue' &&
ISBLANK(    finance_Issue_details__c )|finance_Issue_details__c=null , Finance_admin_status__c=null
13:58:47.268 (3669134277)|VALIDATION_PASS
13:58:47.268 (3669135947)|VALIDATION_RULE|03d14000000thPo|on_RSI_issue_set_the_details
13:58:47.268 (3669183247)|VALIDATION_FORMULA|TEXT(MRSI_status__c )  = 'Issue' &&
ISBLANK(   MRSI_Issue_details__c )|MRSI_status__c=null , MRSI_Issue_details__c=null
13:58:47.268 (3669185957)|VALIDATION_PASS
13:58:47.268 (3669187397)|VALIDATION_RULE|03d14000001Hz7D|Rebilling_system_Setup_fee
13:58:47.268 (3669236278)|VALIDATION_FORMULA|ISBLANK(Rebilling_system_Setup__c)|Rebilling_system_Setup__c=0
13:58:47.268 (3669238818)|VALIDATION_PASS
13:58:47.268 (3669240388)|VALIDATION_RULE|03d5Y000001MOP8|Remittance_cycle_required
13:58:47.268 (3669372169)|VALIDATION_FORMULA|OR(RecordType.Name = "Nuvei APAC", 
RecordType.Name = "Nuvei Global",
RecordType.Name = "Nuvei LATAM",
RecordType.Name = "Nuvei Mexico",
RecordType.Name = "Nuvei UAE",
RecordType.Name = "Nuvei UK") 

&& ISBLANK(TEXT(MSA_Status__c))

&& ISBLANK(TEXT(Remittance_Cycle__c))

&& DATEVALUE(CreatedDate) > DATE(2022,01,01)

&& NOT(ISBLANK(TEXT(Managing_Company__c)))|Remittance_Cycle__c=Weekly with 1 week delay , MSA_Status__c=null , CreatedDate=null , RecordType.Name=Nuvei Global , Managing_Company__c=Safecharge Limited
13:58:47.268 (3669376869)|VALIDATION_PASS
13:58:47.268 (3669378449)|VALIDATION_RULE|03d14000000qJCw|Risk_status_manual_set
13:58:47.268 (3669513169)|VALIDATION_FORMULA|AND(    NOT(CONTAINS($Profile.Name, 'Administrator')),
         ISCHANGED(Processing_History__c) ,
        NOT(CONTAINS($Profile.Name, 'Risk')),
        NOT(CONTAINS($Profile.Name, 'automation')),
		OR(ISPICKVAL( Processing_History__c, 'Approved') , ISPICKVAL( Processing_History__c, 'Complete'))
 )|$Profile.Name=Nuvei Connect Webhook Profile , Processing_History__c=null
13:58:47.268 (3669517869)|VALIDATION_PASS
13:58:47.268 (3669524479)|VALIDATION_RULE|03d5Y000001MOIP|State_required_for_US_Canada
13:58:47.268 (3669622410)|VALIDATION_FORMULA|TEXT(Jurisdiction__c) = "USA" &&  (TEXT(Registered_Country__c) = "Canada"  &#124;&#124;  TEXT(Registered_Country__c) = "United States") &&   TEXT ( State_USA__c ) = "" && TEXT(Industry__c) <> "Reseller" && TEXT(Industry__c) <> "ISO" && TEXT(Industry__c) <> "PayFac"|Industry__c=null , Jurisdiction__c=Europe , Registered_Country__c=Hungary , State_USA__c=null
13:58:47.268 (3669627220)|VALIDATION_PASS
13:58:47.268 (3669629040)|VALIDATION_RULE|03d14000001Hz7w|Tokenization_Recurring_fee
13:58:47.268 (3669654320)|VALIDATION_FORMULA|ISBLANK(Tokenization_recurring__c)|Tokenization_recurring__c=0
13:58:47.268 (3669658650)|VALIDATION_PASS
13:58:47.268 (3669660330)|VALIDATION_RULE|03d5Y000001QvWj|Gaming_not_allowed_for_Safecharge_PTE_Li
13:58:47.268 (3669726151)|VALIDATION_FORMULA|OR(TEXT(Managing_Company__c) = "Safecharge PTE Limited", TEXT(Managing_Company__c) = "Nuvei Singapore Pte. Ltd")  &&  Industry_For_Pricing__c = "Gaming"|Industry_For_Pricing__c=ECOMMERCE , Managing_Company__c=Safecharge Limited
13:58:47.268 (3669732181)|VALIDATION_PASS
13:58:47.268 (3669733711)|VALIDATION_RULE|03dPj000000bhu1|MSA_status_change_for_NA
13:58:47.268 (3669947602)|VALIDATION_FORMULA|RecordType.Id = "012Pj000000JUOz" && 
ISCHANGED(MSA_Status__c) && 
$Profile.Id <> "00e30000001wPru" &&
$Profile.Id <> "00e30000001g4RQ" &&
$Profile.Id <> "00e5Y000003bPY2" &&
$Profile.Id <> "00e1O000002GVB0" &&
$User.Username <> 'siobhan.harlow@nuvei.com' && 
$User.Username <> 'brandi.kidd@nuvei.com' && 
$User.Username <> 'jared.murphy@nuvei.com' && 
$User.Username <> 'patrick.wormus@nuvei.com' && 
$User.Username <> 'natalie.hammar@nuvei.com' && 
$User.Username <> 'anna.farrell@nuvei.com' && 
$User.Username <> 'nikola.valchev@nuvei.com' &&
$User.Username <> 'marta.lambova@nuvei.com' &&
$User.Username <> 'svetoslava.mihova@nuvei.com' &&
$User.Username <> 'naamad@safecharge.com' &&
$User.Username <> 'keren.kruyswyk@nuvei.com' &&
$User.Username <> 'nikola.valchev@nuvei.com' &&
$User.Username <> 'silviya.valkova@nuvei.com'|$Profile.Id=00ePj00000snPvq , MSA_Status__c=null , $User.Username=nuvei_connect_webhook@00d30000000pe7xeau.org.force.com , RecordType.Id=01214000000AWYC
13:58:47.268 (3669954972)|VALIDATION_PASS
13:58:47.268 (3669956582)|VALIDATION_RULE|03d1O000001LwOW|No_changes_in_AVS_after_approval
13:58:47.268 (3670106623)|VALIDATION_FORMULA|( ISCHANGED(Mastercard_Automatic_Billing_Updater_ABU__c) &#124;&#124;
ISCHANGED(DCC__c) &#124;&#124;
ISCHANGED(Smart_3D_Secure_Fee__c) &#124;&#124;
ISCHANGED(X3D_Transactions_Fee__c)  
  )
&&
NOT(ISPICKVAL(MSA_Status__c,'Counter Signed'))
&&
NOT(ISPICKVAL(Price_Quote_Status__c,'Pending'))
&&
NOT(ISPICKVAL(Price_Quote_Status__c,'Send PQ for signing'))
&&
NOT(ISPICKVAL(Price_Quote_Status__c,'Started'))
&&
NOT(ISPICKVAL(Price_Quote_Status__c,'Approved'))
&&
NOT(ISPICKVAL(Price_Quote_Status__c,'Declined'))
&&
NOT(ISPICKVAL(Price_Quote_Status__c,''))
&&  $User.Id  <> '00530000003nPYh'|X3D_Transactions_Fee__c=0.03 , Price_Quote_Status__c=Pending , Mastercard_Automatic_Billing_Updater_ABU__c=0.35 , Smart_3D_Secure_Fee__c=0.04 , $User.Id=005Pj00000cEmDO , MSA_Status__c=null , DCC__c=0
13:58:47.268 (3670113903)|VALIDATION_PASS
13:58:47.268 (3670115543)|VALIDATION_RULE|03dPj000002Y1tN|No_change_after_Live_apart_from_UW_Risk
13:58:47.268 (3670448705)|VALIDATION_FORMULA|( ISCHANGED( Name )  &#124;&#124; 
 ISCHANGED( Company_name__c )  &#124;&#124; 
 ISCHANGED( Incorporation_number__c  )  &#124;&#124; 
 ISCHANGED( ABN_Australia__c )  &#124;&#124; 
 ISCHANGED( Registered_City__c )  &#124;&#124; 
 ISCHANGED( Registered_Zip_Postal_Code__c )  &#124;&#124; 
 ISCHANGED( Registered_Address_New__c )  &#124;&#124; 
 ISCHANGED( Registered_Street__c )  &#124;&#124; 
 ISCHANGED( Registered_Country__c )  &#124;&#124; 
 ISCHANGED( Address_Operation_Location_2_New__c )  &#124;&#124; 
 ISCHANGED( Foundation_date__c )  &#124;&#124; 
 ISCHANGED( Industry__c )  &#124;&#124; 
 ISCHANGED( VAT_Number__c )  &#124;&#124; 
 ISCHANGED( Tax_ID_Type__c ))

 && RecordType.DeveloperName = "Nuvei_APAC"
 && TEXT(Compliance_Status__c) = "Live"
 
&& ( $Profile.Id  <>  "00e30000001wPru" &&
$Profile.Id  <>  "00e14000001dtaI" &&
$Profile.Id  <>  "00e1O000002GVo7" &&
$Profile.Id  <>  "00e1O000002Khqc" &&
$Profile.Id  <>  "00e14000001ZgIZ" &&
$Profile.Id  <>  "00e1O000001ZgvW" &&
$Profile.Id  <>  "00e1O000002Kho7" &&
$Profile.Id  <>  "00e14000001dtYg" &&
$Profile.Id  <>  "00e1O000001Zgwo" &&
$Profile.Id  <>  "00e1O000002KhoR" &&

$Profile.Id  <>  "00e30000001g4RQ" &&
$Profile.Id  <>  "00e14000001dsrM" &&
$Profile.Id  <>  "00e5Y000003bPY2")|Registered_Street__c=Kinizsi utca 20. Fsz.1. ajto , Tax_ID_Type__c=VAT , Registered_Address_New__c=null , $Profile.Id=00ePj00000snPvq , Foundation_date__c=2022-12-01 00:00:00 , Address_Operation_Location_2_New__c=null , VAT_Number__c=32153891-2-43 , Company_name__c=null , Name=Syntech Solutions Kft. , Registered_Zip_Postal_Code__c=1203 , Incorporation_number__c=01-09-409373 , Industry__c=null , Compliance_Status__c=Oscilar Submitted , RecordType.DeveloperName=Safecharge , ABN_Australia__c=null , Registered_Country__c=Hungary , Registered_City__c=Budapest
13:58:47.268 (3670461065)|VALIDATION_PASS
13:58:47.268 (3670465985)|VALIDATION_RULE|03dPj0000014AOP|PQ_status_change_for_NA
13:58:47.268 (3670594586)|VALIDATION_FORMULA|RecordType.Id = "012Pj000000JUOz" && 
ISCHANGED (Price_Quote_Status__c) && 
TEXT (Price_Quote_Status__c) <> "Pending" && 
TEXT (Price_Quote_Status__c) <> "In Approval" && 
TEXT (Price_Quote_Status__c) <> "Started" && 
TEXT (Price_Quote_Status__c) <> "Declined" && 
$Profile.Id <> "00e30000001wPru" &&
$Profile.Id <> "00e30000001g4RQ" &&
$Profile.Id <> "00e5Y000003bPY2" &&
$Profile.Id <> "00e1O000002GVB0" &&
$User.Username <> 'siobhan.harlow@nuvei.com' && 
$User.Username <> 'brandi.kidd@nuvei.com' && 
$User.Username <> 'jared.murphy@nuvei.com' && 
$User.Username <> 'patrick.wormus@nuvei.com' && 
$User.Username <> 'natalie.hammar@nuvei.com' && 
$User.Username <> 'anna.farrell@nuvei.com' && 
$User.Username <> 'nikola.valchev@nuvei.com' &&
$User.Username <> 'marta.lambova@nuvei.com' &&
$User.Username <> 'svetoslava.mihova@nuvei.com' &&
$User.Username <> 'naamad@safecharge.com' &&
$User.Username <> 'keren.kruyswyk@nuvei.com' &&
$User.Username <> 'nikola.valchev@nuvei.com'|Price_Quote_Status__c=Pending , $Profile.Id=00ePj00000snPvq , $User.Username=nuvei_connect_webhook@00d30000000pe7xeau.org.force.com , RecordType.Id=01214000000AWYC
13:58:47.268 (3670601066)|VALIDATION_PASS
13:58:47.268 (3670638646)|VALIDATION_RULE|03d1O0000011gOV|Reserve_and_Fixed_edit_only_by_Risk
13:58:47.268 (3670711997)|VALIDATION_FORMULA|(ISCHANGED(Reserve_Tier__c) &#124;&#124; ISCHANGED(Fixed_Reserve__c))
&& 
(CASESAFEID($User.Id) <> '0051400000BcSlUAAV' && 
CASESAFEID($User.ProfileId) <> '00e30000001g4RQAAY' 
)|Fixed_Reserve__c=null , $User.Id=005Pj00000cEmDO , Reserve_Tier__c=null , $User.ProfileId=00ePj00000snPvq
13:58:47.268 (3670716407)|VALIDATION_PASS
13:58:47.268 (3670717957)|VALIDATION_RULE|03d1O0000011gOQ|Reserve_tier_and_Fixed_reserve_set
13:58:47.268 (3670764487)|VALIDATION_FORMULA|(ISBLANK( Reserve_Tier__c )&& NOT(ISBLANK( Fixed_Reserve__c )))
&#124;&#124;
(ISBLANK( Fixed_Reserve__c )&& NOT(ISBLANK( Reserve_Tier__c )))|Fixed_Reserve__c=null , Reserve_Tier__c=null
13:58:47.268 (3670768197)|VALIDATION_PASS
13:58:47.268 (3670769747)|VALIDATION_RULE|03d14000000qJ2I|risk_level_is_set_to_high_Low_risk_Forex
13:58:47.268 (3670848857)|VALIDATION_FORMULA|AND((ISPICKVAL(PRIORVALUE(Risk_Level__c), "Low")&#124;&#124;(ISPICKVAL(PRIORVALUE(Risk_Level__c), "Medium"))), ISPICKVAL(Risk_Level__c, 'High') , ISPICKVAL(Processing_History__c  , 'Low Risk forex'))|Processing_History__c=null , Risk_Level__c=Low
13:58:47.268 (3670852987)|VALIDATION_PASS
13:58:47.268 (3670854467)|VALIDATION_RULE|03d14000000qIre|Settled_PQ_Non_Standad
13:58:47.268 (3670907098)|VALIDATION_FORMULA|ISPICKVAL( Price_Quote_Type__c , 'Non-Standard') &&
 ISPICKVAL( PRIORVALUE( Price_Quote_Status__c) , 'Declined')&& ISPICKVAL(  Price_Quote_Status__c , 'Settled')|Price_Quote_Status__c=Pending , Price_Quote_Type__c=null
13:58:47.268 (3670910388)|VALIDATION_PASS
13:58:47.268 (3670950308)|CODE_UNIT_FINISHED|Validation:Compliance:new
13:58:47.268 (3692961598)|DML_END|[637]
13:58:47.268 (3693141799)|EXCEPTION_THROWN|[637]|System.DmlException: Insert failed. First exception on row 0; first error: DUPLICATE_VALUE, duplicate value found: Nuvei_Connect_Application_ID__c duplicates value on record with id: a0mPj00000ur6lOIAQ: []
13:58:47.268 (3695545273)|HEAP_ALLOCATE|[637]|Bytes:188
13:58:47.268 (3695602763)|VARIABLE_SCOPE_BEGIN|[638]|e|System.DmlException|true|false
13:58:47.268 (3695661464)|VARIABLE_ASSIGNMENT|[638]|e|"common.apex.runtime.impl.DmlExecutionException: Insert failed. First exception on row 0; first error: DUPLICATE_VALUE, duplicate value found: Nuvei_Connect_Application_ID__c duplicates value on record with id: a0mPj00000ur6lOIAQ: []"|0x73696d3
13:58:47.268 (3695679594)|STATEMENT_EXECUTE|[638]
13:58:47.268 (3695681504)|STATEMENT_EXECUTE|[645]
13:58:47.268 (3695685424)|VARIABLE_SCOPE_BEGIN|[645]|isDup|Boolean|false|false
13:58:47.268 (3695692654)|HEAP_ALLOCATE|[645]|Bytes:5
13:58:47.268 (3695699024)|VARIABLE_ASSIGNMENT|[645]|isDup|false
13:58:47.268 (3695702454)|STATEMENT_EXECUTE|[646]
13:58:47.268 (3695704714)|VARIABLE_SCOPE_BEGIN|[646]|i|Integer|false|false
13:58:47.268 (3695708574)|HEAP_ALLOCATE|[646]|Bytes:4
13:58:47.268 (3695715084)|VARIABLE_ASSIGNMENT|[646]|i|0
13:58:47.268 (3695800535)|STATEMENT_EXECUTE|[646]
13:58:47.268 (3696200547)|HEAP_ALLOCATE|[647]|Bytes:16
13:58:47.268 (3696229977)|STATEMENT_EXECUTE|[647]
13:58:47.268 (3696231297)|STATEMENT_EXECUTE|[648]
13:58:47.268 (3696233257)|HEAP_ALLOCATE|[648]|Bytes:5
13:58:47.268 (3696237177)|VARIABLE_ASSIGNMENT|[648]|isDup|true
13:58:47.268 (3696239477)|STATEMENT_EXECUTE|[649]
13:58:47.268 (3696242677)|STATEMENT_EXECUTE|[652]
13:58:47.268 (3696243657)|STATEMENT_EXECUTE|[655]
13:58:47.268 (3696265117)|HEAP_ALLOCATE|[655]|Bytes:4
13:58:47.268 (3696903601)|SOQL_EXECUTE_BEGIN|[655]|Aggregations:0|SELECT Id, Name, Account__c, Compliance_Status__c, Technical_Onboarding_Status__c, Nuvei_Connect_Status__c, Nuvei_Connect_Last_Webhook__c, Manual_MCC_Code__c, Url__c, From_Reseller__c, EU_Indirect_Orchestration__c, City_field__c, Primary_Contact__c, Descriptor__c, Descriptor_Type__c FROM Compliance__c WHERE Nuvei_Connect_Application_ID__c = :tmpVar1 LIMIT 1
13:58:47.268 (3710956674)|SOQL_EXECUTE_END|[655]|Rows:1
13:58:47.268 (3711018715)|HEAP_ALLOCATE|[655]|Bytes:8
13:58:47.268 (3711047715)|HEAP_ALLOCATE|[655]|Bytes:478
13:58:47.268 (3711103325)|HEAP_ALLOCATE|[655]|Bytes:8
13:58:47.268 (3711126855)|VARIABLE_SCOPE_BEGIN|[655]|winner|List<Compliance__c>|true|false
13:58:47.268 (3711339407)|VARIABLE_ASSIGNMENT|[655]|winner|[{"From_Reseller__c":"a0mPj00000u8rTVIAY","Nuvei_Connect_Status__c":"SUBMITTED","Compliance_Status__c":"Oscilar Submitted","Manual_MCC_Code__c":"5047","Descriptor__c":"Syntech Solutions Kf (2 more) ...","Name":"Syntech Solutions Kf (2 more) ...","Url__c":"http://cosmedicalsup (7 more) ...","Nuvei_Connect_Last_Webhook__c":"2026-08-28T13:58:47.000Z","Account__c":"001Pj00001DnhbkIAB","EU_Indirect_Orchestration__c":false,"City_field__c":"+18553106344","Descriptor_Type__c":"Static","Id":"a0mPj00000ur6lOIAQ","Primary_Contact__c":"003Pj00001PFt70IAD"}]|0x56b59695
13:58:47.268 (3711403277)|STATEMENT_EXECUTE|[666]
13:58:47.268 (3711405637)|STATEMENT_EXECUTE|[671]
13:58:47.268 (3711418657)|HEAP_ALLOCATE|[671]|Bytes:60
13:58:47.268 (3711442147)|METHOD_ENTRY|[671]|01pPj00000cpZZ8|NuveiConnectWebhookHandler.handleStatusUpdate(Compliance__c, NuveiConnectWebhookHandler.NuveiConnectRequest)
13:58:47.268 (3711455787)|VARIABLE_SCOPE_BEGIN|[438]|existing|Compliance__c|true|false
13:58:47.268 (3711497768)|VARIABLE_ASSIGNMENT|[438]|existing|{"From_Reseller__c":"a0mPj00000u8rTVIAY","Nuvei_Connect_Status__c":"SUBMITTED","Compliance_Status__c":"Oscilar Submitted","Manual_MCC_Code__c":"5047","Descriptor__c":"Syntech Solutions Kf (2 more) ...","Name":"Syntech Solutions Kf (2 more) ...","Url__c":"http://cosmedicalsup (7 more) ...","Nuvei_Connect_Last_Webhook__c":"2026-08-28T13:58:47.000Z","Account__c":"001Pj00001DnhbkIAB","EU_Indirect_Orchestration__c":false,"City_field__c":"+18553106344","Descriptor_Type__c":"Static","Id":"a0mPj00000ur6lOIAQ","Primary_Contact__c":"003Pj00001PFt70IAD"}|0x38eb6f33
13:58:47.268 (3711503248)|VARIABLE_SCOPE_BEGIN|[438]|req|NuveiConnectWebhookHandler.NuveiConnectRequest|true|false
13:58:47.268 (3711562708)|VARIABLE_ASSIGNMENT|[438]|req|{"additionalInformation":"0x11359e0b","applicationId":"NC178792551537","applicationStatus":"SUBMITTED","bankingInformation":"0x45ddfc8f","businessInformation":"0x46f42a12","businessOwnerInformation":"0x59e8fca4","metadata":"0x6410e454","salesProfile":"0x4e0345dd","taxDetails":"0x29c042b5"}|0x375386f5
13:58:47.268 (3711580628)|HEAP_ALLOCATE|[443]|Bytes:5
13:58:47.268 (3711583398)|STATEMENT_EXECUTE|[441]
13:58:47.268 (3711621568)|STATEMENT_EXECUTE|[443]
13:58:47.268 (3711622718)|STATEMENT_EXECUTE|[444]
13:58:47.268 (3711648768)|VARIABLE_SCOPE_BEGIN|[444]|sfStatus|String|false|false
13:58:47.268 (3711653128)|VARIABLE_ASSIGNMENT|[444]|sfStatus|"Oscilar Submitted"
13:58:47.268 (3711656138)|STATEMENT_EXECUTE|[445]
13:58:47.268 (3711657328)|STATEMENT_EXECUTE|[449]
13:58:47.268 (3711747199)|VARIABLE_ASSIGNMENT|[449]|this.Nuvei_Connect_Status__c|"SUBMITTED"|0x38eb6f33
13:58:47.268 (3711780249)|STATEMENT_EXECUTE|[452]
13:58:47.268 (3711782859)|STATEMENT_EXECUTE|[458]
13:58:47.268 (3711800549)|STATEMENT_EXECUTE|[459]
13:58:47.268 (3711801669)|STATEMENT_EXECUTE|[460]
13:58:47.268 (3711838570)|VARIABLE_ASSIGNMENT|[460]|this.Name|"Syntech Solutions Kf (2 more) ..."|0x38eb6f33
13:58:47.268 (3711847710)|STATEMENT_EXECUTE|[462]
13:58:47.268 (3711848790)|STATEMENT_EXECUTE|[463]
13:58:47.268 (3711858790)|VARIABLE_ASSIGNMENT|[463]|this.Url__c|"http://cosmedicalsup (7 more) ..."|0x38eb6f33
13:58:47.268 (3711865980)|STATEMENT_EXECUTE|[465]
13:58:47.268 (3711866960)|STATEMENT_EXECUTE|[466]
13:58:47.268 (3711877330)|VARIABLE_ASSIGNMENT|[466]|this.Manual_MCC_Code__c|"5047"|0x38eb6f33
13:58:47.268 (3711890680)|STATEMENT_EXECUTE|[470]
13:58:47.268 (3711899540)|HEAP_ALLOCATE|[479]|Bytes:18
13:58:47.268 (3711906900)|STATEMENT_EXECUTE|[479]
13:58:47.268 (3711915880)|STATEMENT_EXECUTE|[495]
13:58:47.268 (3711923380)|STATEMENT_EXECUTE|[510]
13:58:47.268 (3711928650)|METHOD_ENTRY|[515]|01pPj00000cpZZ8|NuveiConnectWebhookHandler.isApprovedStatus(String)
13:58:47.268 (3711934020)|VARIABLE_SCOPE_BEGIN|[102]|ncStatus|String|false|false
13:58:47.268 (3711937400)|VARIABLE_ASSIGNMENT|[102]|ncStatus|"SUBMITTED"
13:58:47.268 (3711941490)|HEAP_ALLOCATE|[103]|Bytes:5
13:58:47.268 (3711943560)|STATEMENT_EXECUTE|[102]
13:58:47.268 (3711944640)|STATEMENT_EXECUTE|[103]
13:58:47.268 (3711956620)|HEAP_ALLOCATE|[103]|Bytes:5
13:58:47.268 (3711963920)|METHOD_EXIT|[515]|01pPj00000cpZZ8|NuveiConnectWebhookHandler.isApprovedStatus(String)
13:58:47.268 (3711966690)|STATEMENT_EXECUTE|[515]
13:58:47.268 (3711967700)|STATEMENT_EXECUTE|[521]
13:58:47.268 (3711972050)|METHOD_ENTRY|[521]|01pPj00000cpZZ8|NuveiConnectWebhookHandler.backfillOwnerContactsAndJunctions(Compliance__c, NuveiConnectWebhookHandler.NuveiConnectRequest)
13:58:47.268 (3711979630)|VARIABLE_SCOPE_BEGIN|[1545]|existing|Compliance__c|true|false
13:58:47.268 (3712017831)|VARIABLE_ASSIGNMENT|[1545]|existing|{"From_Reseller__c":"a0mPj00000u8rTVIAY","Nuvei_Connect_Status__c":"SUBMITTED","Compliance_Status__c":"Oscilar Submitted","Manual_MCC_Code__c":"5047","Descriptor__c":"Syntech Solutions Kf (2 more) ...","Name":"Syntech Solutions Kf (2 more) ...","Url__c":"http://cosmedicalsup (7 more) ...","Nuvei_Connect_Last_Webhook__c":"2026-08-28T13:58:47.000Z","Account__c":"001Pj00001DnhbkIAB","EU_Indirect_Orchestration__c":false,"City_field__c":"+18553106344","Descriptor_Type__c":"Static","Id":"a0mPj00000ur6lOIAQ","Primary_Contact__c":"003Pj00001PFt70IAD"}|0x38eb6f33
13:58:47.268 (3712023241)|VARIABLE_SCOPE_BEGIN|[1545]|req|NuveiConnectWebhookHandler.NuveiConnectRequest|true|false
13:58:47.268 (3712042381)|VARIABLE_ASSIGNMENT|[1545]|req|{"additionalInformation":"0x11359e0b","applicationId":"NC178792551537","applicationStatus":"SUBMITTED","bankingInformation":"0x45ddfc8f","businessInformation":"0x46f42a12","businessOwnerInformation":"0x59e8fca4","metadata":"0x6410e454","salesProfile":"0x4e0345dd","taxDetails":"0x29c042b5"}|0x375386f5
13:58:47.268 (3712047941)|HEAP_ALLOCATE|[1549]|Bytes:5
13:58:47.268 (3712050311)|STATEMENT_EXECUTE|[1548]
13:58:47.268 (3712078771)|STATEMENT_EXECUTE|[1549]
13:58:47.268 (3712079701)|STATEMENT_EXECUTE|[1552]
13:58:47.268 (3712091571)|HEAP_ALLOCATE|[1552]|Bytes:4
13:58:47.268 (3712125671)|VARIABLE_SCOPE_BEGIN|[1552]|alreadyLinkedEmails|Set<String>|true|false
13:58:47.268 (3712152541)|VARIABLE_ASSIGNMENT|[1552]|alreadyLinkedEmails|[]|0x592f0f52
13:58:47.268 (3712156891)|HEAP_ALLOCATE|[1553]|Bytes:93
13:58:47.268 (3712167262)|HEAP_ALLOCATE|[1553]|Bytes:4
13:58:47.268 (3712871346)|SOQL_EXECUTE_BEGIN|[1553]|Aggregations:0|SELECT Contact__c, Contact__r.Email FROM Compliance_Contact__c WHERE Compliance__c = :tmpVar1
13:58:47.268 (3724336703)|SOQL_EXECUTE_END|[1553]|Rows:1
13:58:47.268 (3724390643)|HEAP_ALLOCATE|[EXTERNAL]|Bytes:8
13:58:47.268 (3724600234)|HEAP_ALLOCATE|[1553]|Bytes:28
13:58:47.268 (3724687905)|HEAP_ALLOCATE|[1553]|Bytes:8
13:58:47.268 (3724695455)|HEAP_ALLOCATE|[1553]|Bytes:8
13:58:47.268 (3724697185)|HEAP_ALLOCATE|[1553]|Bytes:8
13:58:47.268 (3724703775)|VARIABLE_SCOPE_BEGIN|[15]|this|Database.QueryLocatorIterator|true|false
13:58:47.268 (3724761365)|VARIABLE_ASSIGNMENT|[15]|this|{}|0x35138da2
13:58:47.268 (3724766875)|VARIABLE_SCOPE_BEGIN|[15]|values|List<SObject>|true|false
13:58:47.268 (3724956957)|VARIABLE_ASSIGNMENT|[15]|values|[{"Contact__r":{"Email":"vladimir.tsekov@yaho (5 more) ...","Id":"003Pj00001PFt70IAD"},"Contact__c":"003Pj00001PFt70IAD","Id":"a14Pj00000JWj5VIAT"}]|0x767da0ae
13:58:47.268 (3724961867)|VARIABLE_SCOPE_BEGIN|[15]|ql|Database.QueryLocator|true|false
13:58:47.268 (3724973857)|VARIABLE_ASSIGNMENT|[15]|ql|{"query":"SELECT Contact__c, C (73 more) ..."}|0x6a29410f
13:58:47.268 (3724976277)|VARIABLE_SCOPE_BEGIN|[15]|totalNumRecords|Integer|false|false
13:58:47.268 (3724988387)|VARIABLE_ASSIGNMENT|[15]|totalNumRecords|1
13:58:47.268 (3724990457)|VARIABLE_SCOPE_BEGIN|[15]|queryMoreSize|Integer|false|false
13:58:47.268 (3724993557)|VARIABLE_ASSIGNMENT|[15]|queryMoreSize|49988
13:58:47.268 (3725043787)|HEAP_ALLOCATE|[1553]|Bytes:28
13:58:47.268 (3725065347)|METHOD_ENTRY|[1553]||Database.QueryLocatorIterator.hasNext()
13:58:47.268 (3725131248)|METHOD_EXIT|[1553]||Database.QueryLocatorIterator.hasNext()
13:58:47.268 (3725135218)|METHOD_ENTRY|[1553]||Database.QueryLocatorIterator.next()
13:58:47.268 (3725169718)|METHOD_EXIT|[1553]||Database.QueryLocatorIterator.next()
13:58:47.268 (3725173738)|VARIABLE_SCOPE_BEGIN|[1553]|cc|Compliance_Contact__c|true|false
13:58:47.268 (3725206458)|VARIABLE_ASSIGNMENT|[1553]|cc|{"Contact__r":{"Email":"vladimir.tsekov@yaho (5 more) ...","Id":"003Pj00001PFt70IAD"},"Contact__c":"003Pj00001PFt70IAD","Id":"a14Pj00000JWj5VIAT"}|0x5e806600
13:58:47.268 (3725212228)|STATEMENT_EXECUTE|[1557]
13:58:47.268 (3725287358)|STATEMENT_EXECUTE|[1558]
13:58:47.268 (3725288688)|STATEMENT_EXECUTE|[1559]
13:58:47.268 (3725298899)|HEAP_ALLOCATE|[1559]|Bytes:25
13:58:47.268 (3725311499)|HEAP_ALLOCATE|[EXTERNAL]|Bytes:4
13:58:47.268 (3725317339)|METHOD_ENTRY|[1553]||Database.QueryLocatorIterator.hasNext()
13:58:47.268 (3725323569)|METHOD_EXIT|[1553]||Database.QueryLocatorIterator.hasNext()
13:58:47.268 (3725327419)|VARIABLE_ASSIGNMENT|[1553]|cc|null|
13:58:47.268 (3725340769)|STATEMENT_EXECUTE|[1564]
13:58:47.268 (3725354129)|HEAP_ALLOCATE|[1564]|Bytes:4
13:58:47.268 (3725361959)|VARIABLE_SCOPE_BEGIN|[1564]|existingByEmail|Map<String,Contact>|true|false
13:58:47.268 (3725375199)|VARIABLE_ASSIGNMENT|[1564]|existingByEmail|{}|0x4563d5ae
13:58:47.268 (3725379809)|HEAP_ALLOCATE|[1565]|Bytes:121
13:58:47.268 (3725385159)|HEAP_ALLOCATE|[1565]|Bytes:4
13:58:47.268 (3725803542)|SOQL_EXECUTE_BEGIN|[1565]|Aggregations:0|SELECT Id, Email, Authorized_Signature__c, Is_CPanel_Admin__c FROM Contact WHERE (AccountId = :tmpVar1 AND Email != NULL)
13:58:47.268 (3733681329)|SOQL_EXECUTE_END|[1565]|Rows:3
13:58:47.268 (3733731199)|HEAP_ALLOCATE|[EXTERNAL]|Bytes:16
13:58:47.268 (3733846819)|HEAP_ALLOCATE|[1565]|Bytes:28
13:58:47.268 (3733871360)|HEAP_ALLOCATE|[1565]|Bytes:16
13:58:47.268 (3733877530)|HEAP_ALLOCATE|[1565]|Bytes:8
13:58:47.268 (3733879340)|HEAP_ALLOCATE|[1565]|Bytes:8
13:58:47.268 (3733894060)|VARIABLE_SCOPE_BEGIN|[15]|this|Database.QueryLocatorIterator|true|false
13:58:47.268 (3733949870)|VARIABLE_ASSIGNMENT|[15]|this|{}|0x53ea5b1d
13:58:47.268 (3733955310)|VARIABLE_SCOPE_BEGIN|[15]|values|List<SObject>|true|false
13:58:47.268 (3734058581)|VARIABLE_ASSIGNMENT|[15]|values|[{"Id":"003Pj00001PFt6zIAD","Email":"applications@aretopa (9 more) ...","Authorized_Signature__c":false,"Is_CPanel_Admin__c":false},{"Id":"003Pj00001PFt70IAD","Email":"vladimir.tsekov@yaho (5 more) ...","Authorized_Signature__c":true,"Is_CPanel_Admin__c":false},{"Id":"003Pj00001PFt71IAD","Email":"ivo@gmail.com","Authorized_Signature__c":false,"Is_CPanel_Admin__c":true}]|0x5019f931
13:58:47.268 (3734064521)|VARIABLE_SCOPE_BEGIN|[15]|ql|Database.QueryLocator|true|false
13:58:47.268 (3734076131)|VARIABLE_ASSIGNMENT|[15]|ql|{"query":"SELECT Id, Email, Au (101 more) ..."}|0x116952c9
13:58:47.268 (3734078671)|VARIABLE_SCOPE_BEGIN|[15]|totalNumRecords|Integer|false|false
13:58:47.268 (3734083921)|VARIABLE_ASSIGNMENT|[15]|totalNumRecords|3
13:58:47.268 (3734088981)|VARIABLE_SCOPE_BEGIN|[15]|queryMoreSize|Integer|false|false
13:58:47.268 (3734092681)|VARIABLE_ASSIGNMENT|[15]|queryMoreSize|49985
13:58:47.268 (3734138121)|HEAP_ALLOCATE|[1565]|Bytes:28
13:58:47.268 (3734175241)|METHOD_ENTRY|[1565]||Database.QueryLocatorIterator.hasNext()
13:58:47.268 (3734199032)|METHOD_EXIT|[1565]||Database.QueryLocatorIterator.hasNext()
13:58:47.268 (3734202772)|METHOD_ENTRY|[1565]||Database.QueryLocatorIterator.next()
13:58:47.268 (3734237552)|METHOD_EXIT|[1565]||Database.QueryLocatorIterator.next()
13:58:47.268 (3734241582)|VARIABLE_SCOPE_BEGIN|[1565]|c|Contact|true|false
13:58:47.268 (3734260012)|VARIABLE_ASSIGNMENT|[1565]|c|{"Id":"003Pj00001PFt6zIAD","Email":"applications@aretopa (9 more) ...","Authorized_Signature__c":false,"Is_CPanel_Admin__c":false}|0x7f6a1897
13:58:47.268 (3734264632)|STATEMENT_EXECUTE|[1569]
13:58:47.268 (3734266472)|STATEMENT_EXECUTE|[1570]
13:58:47.268 (3734304832)|HEAP_ALLOCATE|[1570]|Bytes:29
13:58:47.268 (3734319502)|HEAP_ALLOCATE|[EXTERNAL]|Bytes:-4
13:58:47.268 (3734323692)|METHOD_ENTRY|[1565]||Database.QueryLocatorIterator.hasNext()
13:58:47.268 (3734331342)|METHOD_EXIT|[1565]||Database.QueryLocatorIterator.hasNext()
13:58:47.268 (3734333752)|METHOD_ENTRY|[1565]||Database.QueryLocatorIterator.next()
13:58:47.268 (3734351262)|METHOD_EXIT|[1565]||Database.QueryLocatorIterator.next()
13:58:47.268 (3734353592)|VARIABLE_SCOPE_BEGIN|[1565]|c|Contact|true|false
13:58:47.268 (3734368363)|VARIABLE_ASSIGNMENT|[1565]|c|{"Id":"003Pj00001PFt70IAD","Email":"vladimir.tsekov@yaho (5 more) ...","Authorized_Signature__c":true,"Is_CPanel_Admin__c":false}|0x7e5996d4
13:58:47.268 (3734375293)|STATEMENT_EXECUTE|[1569]
13:58:47.268 (3734376403)|STATEMENT_EXECUTE|[1570]
13:58:47.268 (3734381673)|HEAP_ALLOCATE|[1570]|Bytes:25
13:58:47.268 (3734387443)|HEAP_ALLOCATE|[EXTERNAL]|Bytes:-4
13:58:47.268 (3734390443)|METHOD_ENTRY|[1565]||Database.QueryLocatorIterator.hasNext()
13:58:47.268 (3734396543)|METHOD_EXIT|[1565]||Database.QueryLocatorIterator.hasNext()
13:58:47.268 (3734398883)|METHOD_ENTRY|[1565]||Database.QueryLocatorIterator.next()
13:58:47.268 (3734437893)|METHOD_EXIT|[1565]||Database.QueryLocatorIterator.next()
13:58:47.268 (3734440323)|VARIABLE_SCOPE_BEGIN|[1565]|c|Contact|true|false
13:58:47.268 (3734452613)|VARIABLE_ASSIGNMENT|[1565]|c|{"Id":"003Pj00001PFt71IAD","Email":"ivo@gmail.com","Authorized_Signature__c":false,"Is_CPanel_Admin__c":true}|0x6196385f
13:58:47.268 (3734455533)|STATEMENT_EXECUTE|[1569]
13:58:47.268 (3734456603)|STATEMENT_EXECUTE|[1570]
13:58:47.268 (3734460703)|HEAP_ALLOCATE|[1570]|Bytes:13
13:58:47.268 (3734465713)|HEAP_ALLOCATE|[EXTERNAL]|Bytes:-4
13:58:47.268 (3734468633)|METHOD_ENTRY|[1565]||Database.QueryLocatorIterator.hasNext()
13:58:47.268 (3734474053)|METHOD_EXIT|[1565]||Database.QueryLocatorIterator.hasNext()
13:58:47.268 (3734477603)|VARIABLE_ASSIGNMENT|[1565]|c|null|
13:58:47.268 (3734489013)|STATEMENT_EXECUTE|[1573]
13:58:47.268 (3734494953)|VARIABLE_SCOPE_BEGIN|[1573]|cPanelEmail|String|false|false
13:58:47.268 (3734499173)|VARIABLE_ASSIGNMENT|[1573]|cPanelEmail|"ivo@gmail.com"
13:58:47.268 (3734501663)|STATEMENT_EXECUTE|[1574]
13:58:47.268 (3734516253)|HEAP_ALLOCATE|[1574]|Bytes:13
13:58:47.268 (3734519483)|VARIABLE_SCOPE_BEGIN|[1574]|cPanelLower|String|false|false
13:58:47.268 (3734523453)|VARIABLE_ASSIGNMENT|[1574]|cPanelLower|"ivo@gmail.com"
13:58:47.268 (3734525383)|STATEMENT_EXECUTE|[1576]
13:58:47.268 (3734532473)|HEAP_ALLOCATE|[1576]|Bytes:4
13:58:47.268 (3734558294)|VARIABLE_SCOPE_BEGIN|[1576]|contactsToInsert|List<Contact>|true|false
13:58:47.268 (3734562654)|HEAP_ALLOCATE|[EXTERNAL]|Bytes:4
13:58:47.268 (3734566074)|VARIABLE_ASSIGNMENT|[1576]|contactsToInsert|[]|0x3ab2d1be
13:58:47.268 (3734568664)|STATEMENT_EXECUTE|[1577]
13:58:47.268 (3734570634)|HEAP_ALLOCATE|[1577]|Bytes:4
13:58:47.268 (3734575864)|VARIABLE_SCOPE_BEGIN|[1577]|contactsToUpdate|List<Contact>|true|false
13:58:47.268 (3734578824)|HEAP_ALLOCATE|[EXTERNAL]|Bytes:4
13:58:47.268 (3734581394)|VARIABLE_ASSIGNMENT|[1577]|contactsToUpdate|[]|0x1533c8df
13:58:47.268 (3734602164)|HEAP_ALLOCATE|[1579]|Bytes:5
13:58:47.268 (3734609334)|HEAP_ALLOCATE|[1579]|Bytes:44
13:58:47.268 (3734612334)|VARIABLE_SCOPE_BEGIN|[1579]|bo|NuveiConnectWebhookHandler.BusinessOwnerWrapper|true|false
13:58:47.268 (3734637434)|VARIABLE_ASSIGNMENT|[1579]|bo|{"contactNumber":"+359889532567","dateOfBirth":"1968-10-13","email":"vladimir.tsekov@yaho (5 more) ...","homeAddress":"0x229ce8d6","isAuthorizedSignatory":true,"legalFirstName":"Vladimir Tsvetanov","legalLastName":"Tsekov","nationality":"BG","ownerRole":"DIRECTOR_OWNER","percentageOfOwnership":100}|0x2b2d895e
13:58:47.268 (3734640914)|STATEMENT_EXECUTE|[1579]
13:58:47.268 (3734649034)|STATEMENT_EXECUTE|[1580]
13:58:47.268 (3734649994)|STATEMENT_EXECUTE|[1581]
13:58:47.268 (3734654404)|HEAP_ALLOCATE|[1581]|Bytes:25
13:58:47.268 (3734657644)|VARIABLE_SCOPE_BEGIN|[1581]|emailLower|String|false|false
13:58:47.268 (3734661484)|VARIABLE_ASSIGNMENT|[1581]|emailLower|"vladimir.tsekov@yaho (5 more) ..."
13:58:47.268 (3734675024)|STATEMENT_EXECUTE|[1583]
13:58:47.268 (3734676034)|STATEMENT_EXECUTE|[1584]
13:58:47.268 (3734683604)|VARIABLE_SCOPE_BEGIN|[1584]|existingC|Contact|true|false
13:58:47.268 (3734715365)|VARIABLE_ASSIGNMENT|[1584]|existingC|{"Id":"003Pj00001PFt70IAD","Email":"vladimir.tsekov@yaho (5 more) ...","Authorized_Signature__c":true,"Is_CPanel_Admin__c":false}|0x7e5996d4
13:58:47.268 (3734718125)|STATEMENT_EXECUTE|[1585]
13:58:47.268 (3734719515)|VARIABLE_SCOPE_BEGIN|[1585]|dirty|Boolean|false|false
13:58:47.268 (3734725855)|HEAP_ALLOCATE|[1585]|Bytes:5
13:58:47.268 (3734729005)|VARIABLE_ASSIGNMENT|[1585]|dirty|false
13:58:47.268 (3734741705)|STATEMENT_EXECUTE|[1586]
13:58:47.268 (3734756535)|STATEMENT_EXECUTE|[1590]
13:58:47.268 (3734757955)|STATEMENT_EXECUTE|[1595]
13:58:47.268 (3734761865)|HEAP_ALLOCATE|[1579]|Bytes:5
13:58:47.268 (3734765875)|VARIABLE_ASSIGNMENT|[1579]|bo|null|
13:58:47.268 (3734774255)|STATEMENT_EXECUTE|[1614]
13:58:47.268 (3734778925)|STATEMENT_EXECUTE|[1618]
13:58:47.268 (3734780245)|STATEMENT_EXECUTE|[1623]
13:58:47.268 (3734789425)|HEAP_ALLOCATE|[1623]|Bytes:4
13:58:47.268 (3734793465)|VARIABLE_SCOPE_BEGIN|[1623]|emailToId|Map<String,Id>|true|false
13:58:47.268 (3734805105)|VARIABLE_ASSIGNMENT|[1623]|emailToId|{}|0x276e039b
13:58:47.268 (3734808385)|HEAP_ALLOCATE|[1624]|Bytes:76
13:58:47.268 (3734812785)|HEAP_ALLOCATE|[1624]|Bytes:4
13:58:47.268 (3735216297)|SOQL_EXECUTE_BEGIN|[1624]|Aggregations:0|SELECT Id, Email FROM Contact WHERE (AccountId = :tmpVar1 AND Email != NULL)
13:58:47.268 (3742671791)|SOQL_EXECUTE_END|[1624]|Rows:3
13:58:47.268 (3742735791)|HEAP_ALLOCATE|[EXTERNAL]|Bytes:16
13:58:47.268 (3742897862)|HEAP_ALLOCATE|[1624]|Bytes:28
13:58:47.268 (3742941133)|HEAP_ALLOCATE|[1624]|Bytes:16
13:58:47.268 (3742948283)|HEAP_ALLOCATE|[1624]|Bytes:8
13:58:47.268 (3742950423)|HEAP_ALLOCATE|[1624]|Bytes:8
13:58:47.268 (3742956763)|VARIABLE_SCOPE_BEGIN|[15]|this|Database.QueryLocatorIterator|true|false
13:58:47.268 (3743017713)|VARIABLE_ASSIGNMENT|[15]|this|{}|0x69d9bbb9
13:58:47.268 (3743023263)|VARIABLE_SCOPE_BEGIN|[15]|values|List<SObject>|true|false
13:58:47.268 (3743195424)|VARIABLE_ASSIGNMENT|[15]|values|[{"Id":"003Pj00001PFt6zIAD","Email":"applications@aretopa (9 more) ..."},{"Id":"003Pj00001PFt70IAD","Email":"vladimir.tsekov@yaho (5 more) ..."},{"Id":"003Pj00001PFt71IAD","Email":"ivo@gmail.com"}]|0x75d996a
13:58:47.268 (3743202304)|VARIABLE_SCOPE_BEGIN|[15]|ql|Database.QueryLocator|true|false
13:58:47.268 (3743217574)|VARIABLE_ASSIGNMENT|[15]|ql|{"query":"SELECT Id, Email FRO (56 more) ..."}|0x597a483
13:58:47.268 (3743220664)|VARIABLE_SCOPE_BEGIN|[15]|totalNumRecords|Integer|false|false
13:58:47.268 (3743234094)|VARIABLE_ASSIGNMENT|[15]|totalNumRecords|3
13:58:47.268 (3743236454)|VARIABLE_SCOPE_BEGIN|[15]|queryMoreSize|Integer|false|false
13:58:47.268 (3743240234)|VARIABLE_ASSIGNMENT|[15]|queryMoreSize|49982
13:58:47.268 (3743297365)|HEAP_ALLOCATE|[1624]|Bytes:28
13:58:47.268 (3743321865)|METHOD_ENTRY|[1624]||Database.QueryLocatorIterator.hasNext()
13:58:47.268 (3743350905)|METHOD_EXIT|[1624]||Database.QueryLocatorIterator.hasNext()
13:58:47.268 (3743355215)|METHOD_ENTRY|[1624]||Database.QueryLocatorIterator.next()
13:58:47.268 (3743399915)|METHOD_EXIT|[1624]||Database.QueryLocatorIterator.next()
13:58:47.268 (3743405925)|VARIABLE_SCOPE_BEGIN|[1624]|c|Contact|true|false
13:58:47.268 (3743423635)|VARIABLE_ASSIGNMENT|[1624]|c|{"Id":"003Pj00001PFt6zIAD","Email":"applications@aretopa (9 more) ..."}|0x4d805ceb
13:58:47.268 (3743429005)|STATEMENT_EXECUTE|[1627]
13:58:47.268 (3743431476)|STATEMENT_EXECUTE|[1628]
13:58:47.268 (3743480576)|HEAP_ALLOCATE|[1628]|Bytes:29
13:58:47.268 (3743501956)|HEAP_ALLOCATE|[EXTERNAL]|Bytes:-4
13:58:47.268 (3743506996)|METHOD_ENTRY|[1624]||Database.QueryLocatorIterator.hasNext()
13:58:47.268 (3743515556)|METHOD_EXIT|[1624]||Database.QueryLocatorIterator.hasNext()
13:58:47.268 (3743518306)|METHOD_ENTRY|[1624]||Database.QueryLocatorIterator.next()
13:58:47.268 (3743543346)|METHOD_EXIT|[1624]||Database.QueryLocatorIterator.next()
13:58:47.268 (3743546056)|VARIABLE_SCOPE_BEGIN|[1624]|c|Contact|true|false
13:58:47.268 (3743558656)|VARIABLE_ASSIGNMENT|[1624]|c|{"Id":"003Pj00001PFt70IAD","Email":"vladimir.tsekov@yaho (5 more) ..."}|0x69a02291
13:58:47.268 (3743561776)|STATEMENT_EXECUTE|[1627]
13:58:47.268 (3743562916)|STATEMENT_EXECUTE|[1628]
13:58:47.268 (3743585666)|HEAP_ALLOCATE|[1628]|Bytes:25
13:58:47.268 (3743592166)|HEAP_ALLOCATE|[EXTERNAL]|Bytes:-4
13:58:47.268 (3743595806)|METHOD_ENTRY|[1624]||Database.QueryLocatorIterator.hasNext()
13:58:47.268 (3743602707)|METHOD_EXIT|[1624]||Database.QueryLocatorIterator.hasNext()
13:58:47.268 (3743605127)|METHOD_ENTRY|[1624]||Database.QueryLocatorIterator.next()
13:58:47.268 (3743621237)|METHOD_EXIT|[1624]||Database.QueryLocatorIterator.next()
13:58:47.268 (3743623667)|VARIABLE_SCOPE_BEGIN|[1624]|c|Contact|true|false
13:58:47.268 (3743634547)|VARIABLE_ASSIGNMENT|[1624]|c|{"Id":"003Pj00001PFt71IAD","Email":"ivo@gmail.com"}|0x25d7006
13:58:47.268 (3743641577)|STATEMENT_EXECUTE|[1627]
13:58:47.268 (3743642697)|STATEMENT_EXECUTE|[1628]
13:58:47.268 (3743646997)|HEAP_ALLOCATE|[1628]|Bytes:13
13:58:47.268 (3743652097)|HEAP_ALLOCATE|[EXTERNAL]|Bytes:-4
13:58:47.268 (3743655317)|METHOD_ENTRY|[1624]||Database.QueryLocatorIterator.hasNext()
13:58:47.268 (3743660507)|METHOD_EXIT|[1624]||Database.QueryLocatorIterator.hasNext()
13:58:47.268 (3743664207)|VARIABLE_ASSIGNMENT|[1624]|c|null|
13:58:47.268 (3743677427)|STATEMENT_EXECUTE|[1631]
13:58:47.268 (3743688227)|HEAP_ALLOCATE|[1631]|Bytes:4
13:58:47.268 (3743722137)|VARIABLE_SCOPE_BEGIN|[1631]|junctions|List<Compliance_Contact__c>|true|false
13:58:47.268 (3743727687)|HEAP_ALLOCATE|[EXTERNAL]|Bytes:4
13:58:47.268 (3743731587)|VARIABLE_ASSIGNMENT|[1631]|junctions|[]|0x3a567f72
13:58:47.268 (3743810578)|HEAP_ALLOCATE|[1632]|Bytes:5
13:58:47.268 (3743821918)|HEAP_ALLOCATE|[1632]|Bytes:44
13:58:47.268 (3743825888)|VARIABLE_SCOPE_BEGIN|[1632]|bo|NuveiConnectWebhookHandler.BusinessOwnerWrapper|true|false
13:58:47.268 (3743857028)|VARIABLE_ASSIGNMENT|[1632]|bo|{"contactNumber":"+359889532567","dateOfBirth":"1968-10-13","email":"vladimir.tsekov@yaho (5 more) ...","homeAddress":"0x229ce8d6","isAuthorizedSignatory":true,"legalFirstName":"Vladimir Tsvetanov","legalLastName":"Tsekov","nationality":"BG","ownerRole":"DIRECTOR_OWNER","percentageOfOwnership":100}|0x2b2d895e
13:58:47.268 (3743861768)|STATEMENT_EXECUTE|[1632]
13:58:47.268 (3743876998)|STATEMENT_EXECUTE|[1633]
13:58:47.268 (3743878408)|STATEMENT_EXECUTE|[1634]
13:58:47.268 (3743883338)|HEAP_ALLOCATE|[1634]|Bytes:25
13:58:47.268 (3743887728)|VARIABLE_SCOPE_BEGIN|[1634]|emailLower|String|false|false
13:58:47.268 (3743893098)|VARIABLE_ASSIGNMENT|[1634]|emailLower|"vladimir.tsekov@yaho (5 more) ..."
13:58:47.268 (3743914638)|STATEMENT_EXECUTE|[1635]
13:58:47.268 (3743918638)|HEAP_ALLOCATE|[1632]|Bytes:5
13:58:47.268 (3743923508)|VARIABLE_ASSIGNMENT|[1632]|bo|null|
13:58:47.268 (3743933829)|STATEMENT_EXECUTE|[1642]
13:58:47.268 (3743941509)|METHOD_EXIT|[521]|01pPj00000cpZZ8|NuveiConnectWebhookHandler.backfillOwnerContactsAndJunctions(Compliance__c, NuveiConnectWebhookHandler.NuveiConnectRequest)
13:58:47.268 (3743945539)|STATEMENT_EXECUTE|[523]
13:58:47.268 (3743985269)|HEAP_ALLOCATE|[523]|Bytes:56
13:58:47.268 (3744116080)|VARIABLE_ASSIGNMENT|[523]|this.Nuvei_Connect_Last_Webhook__c|"2026-08-28T13:58:48.086Z"|0x38eb6f33
13:58:47.268 (3744121090)|STATEMENT_EXECUTE|[524]
13:58:47.268 (3744161230)|HEAP_ALLOCATE|[524]|Bytes:8
13:58:47.268 (3744174670)|DML_BEGIN|[524]|Op:Update|Type:Compliance__c|Rows:1
13:58:47.268 (3744205710)|HEAP_ALLOCATE|[EXTERNAL]|Bytes:8
13:58:47.268 (4158313716)|CODE_UNIT_STARTED|[EXTERNAL]|Flow:01I300000027f4c
13:58:47.268 (4160154797)|CODE_UNIT_FINISHED|Flow:01I300000027f4c
13:58:47.268 (4161316234)|CODE_UNIT_STARTED|[EXTERNAL]|01q1O000000k9fA|ComplianceTrigger on Compliance trigger event BeforeUpdate|__sfdc_trigger/ComplianceTrigger
13:58:47.268 (4161472915)|HEAP_ALLOCATE|[EXTERNAL]|Bytes:8
13:58:47.268 (4161499965)|HEAP_ALLOCATE|[EXTERNAL]|Bytes:8
13:58:47.268 (4161568695)|HEAP_ALLOCATE|[EXTERNAL]|Bytes:8
13:58:47.268 (4161579205)|VARIABLE_SCOPE_BEGIN|[1]|this|ComplianceTrigger|true|false
13:58:47.268 (4161635386)|VARIABLE_ASSIGNMENT|[1]|this|{}|0x23080017
13:58:47.268 (4161665546)|HEAP_ALLOCATE|[EXTERNAL]|Bytes:8
13:58:47.268 (4161669306)|VARIABLE_SCOPE_BEGIN|[1]|this|ComplianceTrigger|true|false
13:58:47.268 (4161678806)|VARIABLE_ASSIGNMENT|[1]|this|{}|0x23080017
13:58:47.268 (4161683926)|STATEMENT_EXECUTE|[1]
13:58:47.268 (4161685316)|STATEMENT_EXECUTE|[3]
13:58:47.268 (4161688896)|HEAP_ALLOCATE|[3]|Bytes:20
13:58:47.268 (4161716386)|CONSTRUCTOR_ENTRY|[3]|01p1O000001xhGM|<init>()|ComplianceTriggerHandler
13:58:47.268 (4161723266)|VARIABLE_SCOPE_BEGIN|[1]|this|ComplianceTriggerHandler|true|false
13:58:47.268 (4161734566)|VARIABLE_ASSIGNMENT|[1]|this|{}|0x42a45ddc
13:58:47.268 (4162947423)|SYSTEM_MODE_ENTER|false
13:58:47.268 (4162962533)|HEAP_ALLOCATE|[EXTERNAL]|Bytes:5
13:58:47.268 (4162972074)|CONSTRUCTOR_ENTRY|[EXTERNAL]|01p1O000001xhGQ|<init>()|ITriggerHandlerImpl
13:58:47.268 (4162976314)|VARIABLE_SCOPE_BEGIN|[1]|this|ITriggerHandlerImpl|true|false
13:58:47.268 (4162988904)|VARIABLE_ASSIGNMENT|[1]|this|{}|0x42a45ddc
13:58:47.268 (4162992794)|HEAP_ALLOCATE|[EXTERNAL]|Bytes:5
13:58:47.268 (4163011584)|STATEMENT_EXECUTE|[1]
13:58:47.268 (4163013044)|HEAP_ALLOCATE|[EXTERNAL]|Bytes:5
13:58:47.268 (4163014594)|STATEMENT_EXECUTE|[2]
13:58:47.268 (4163015384)|STATEMENT_EXECUTE|[3]
13:58:47.268 (4163015964)|STATEMENT_EXECUTE|[4]
13:58:47.268 (4163016394)|STATEMENT_EXECUTE|[5]
13:58:47.268 (4163021034)|CONSTRUCTOR_EXIT|[EXTERNAL]|01p1O000001xhGQ|<init>()|ITriggerHandlerImpl
13:58:47.268 (4163025254)|SYSTEM_MODE_EXIT|false
13:58:47.268 (4163027604)|STATEMENT_EXECUTE|[1]
13:58:47.268 (4163029464)|SYSTEM_MODE_ENTER|false
13:58:47.268 (4163031044)|HEAP_ALLOCATE|[EXTERNAL]|Bytes:5
13:58:47.268 (4163032964)|SYSTEM_MODE_EXIT|false
13:58:47.268 (4163035934)|CONSTRUCTOR_EXIT|[3]|01p1O000001xhGM|<init>()|ComplianceTriggerHandler
13:58:47.268 (4163059114)|VARIABLE_ASSIGNMENT|[3]|this.handler|0x42a45ddc|0x23080017
13:58:47.268 (4163064964)|STATEMENT_EXECUTE|[4]
13:58:47.268 (4163072954)|METHOD_ENTRY|[4]|01p1O000001xhGQ|ITriggerHandlerImpl.execute()
13:58:47.268 (4163076184)|VARIABLE_SCOPE_BEGIN|[7]|this|ITriggerHandlerImpl|true|false
13:58:47.268 (4163082024)|VARIABLE_ASSIGNMENT|[7]|this|{}|0x42a45ddc
13:58:47.268 (4163086914)|SYSTEM_MODE_ENTER|false
13:58:47.268 (4163088584)|HEAP_ALLOCATE|[8]|Bytes:5
13:58:47.268 (4163090324)|STATEMENT_EXECUTE|[7]
13:58:47.268 (4163104134)|STATEMENT_EXECUTE|[8]
13:58:47.268 (4163104664)|STATEMENT_EXECUTE|[9]
13:58:47.268 (4163133724)|STATEMENT_EXECUTE|[11]
13:58:47.268 (4163134284)|STATEMENT_EXECUTE|[12]
13:58:47.268 (4163146385)|STATEMENT_EXECUTE|[14]
13:58:47.268 (4163146995)|STATEMENT_EXECUTE|[15]
13:58:47.268 (4163159225)|STATEMENT_EXECUTE|[16]
13:58:47.268 (4163165995)|STATEMENT_EXECUTE|[18]
13:58:47.268 (4163167865)|STATEMENT_EXECUTE|[22]
13:58:47.268 (4163168485)|STATEMENT_EXECUTE|[23]
13:58:47.268 (4163194135)|METHOD_ENTRY|[23]|01p1O000001xhGQ|ITriggerHandlerImpl.beforeUpdate(Object)
13:58:47.268 (4163212415)|VARIABLE_SCOPE_BEGIN|[47]|this|ITriggerHandlerImpl|true|false
13:58:47.268 (4163232685)|VARIABLE_ASSIGNMENT|[47]|this|{"newRecordList":"0x4bea5418","newRecordMap":"0x2881fdca","oldRecordList":"0x482b1fbb","oldRecordMap":"0xb049e63"}|0x42a45ddc
13:58:47.268 (4163237045)|VARIABLE_SCOPE_BEGIN|[47]|params|Object|false|false
13:58:47.268 (4163241705)|VARIABLE_ASSIGNMENT|[47]|params|null
13:58:47.268 (4163245865)|HEAP_ALLOCATE|[EXTERNAL]|Bytes:5
13:58:47.268 (4163247515)|STATEMENT_EXECUTE|[47]
13:58:47.268 (4163260365)|METHOD_EXIT|[23]|01p1O000001xhGQ|ITriggerHandlerImpl.beforeUpdate(Object)
13:58:47.268 (4163264255)|SYSTEM_MODE_EXIT|false
13:58:47.268 (4163266595)|METHOD_EXIT|[4]|01p1O000001xhGQ|ITriggerHandlerImpl.execute()
13:58:48.163 (4163294795)|CUMULATIVE_LIMIT_USAGE
13:58:48.163 (4163294795)|LIMIT_USAGE_FOR_NS|(default)|
  Number of SOQL queries: 15 out of 200
  Number of query rows: 18 out of 50000
  Number of SOSL queries: 0 out of 20
  Number of DML statements: 6 out of 150
  Number of Publish Immediate DML: 0 out of 150
  Number of DML rows: 8 out of 10000
  Maximum CPU time: 668 out of 60000
  Maximum heap size: 0 out of 12000000
  Number of callouts: 0 out of 0
  Number of Email Invocations: 0 out of 10
  Number of future calls: 0 out of 50
  Number of queueable jobs added to the queue: 0 out of 1
  Number of Mobile Apex push calls: 0 out of 10

13:58:48.163 (4163294795)|LIMIT_USAGE_FOR_NS|MC4SF|
  Number of SOQL queries: 1 out of 200
  Number of query rows: 0 out of 50000
  Number of SOSL queries: 0 out of 20
  Number of DML statements: 0 out of 150
  Number of Publish Immediate DML: 0 out of 150
  Number of DML rows: 0 out of 10000
  Maximum CPU time: 0 out of 60000
  Maximum heap size: 0 out of 12000000
  Number of callouts: 0 out of 0
  Number of Email Invocations: 0 out of 10
  Number of future calls: 0 out of 50
  Number of queueable jobs added to the queue: 0 out of 1
  Number of Mobile Apex push calls: 0 out of 10

13:58:48.163 (4163294795)|LIMIT_USAGE_FOR_NS|pw_cc|
  Number of SOQL queries: 1 out of 200
  Number of query rows: 0 out of 50000
  Number of SOSL queries: 0 out of 20
  Number of DML statements: 0 out of 150
  Number of Publish Immediate DML: 0 out of 150
  Number of DML rows: 0 out of 10000
  Maximum CPU time: 0 out of 60000
  Maximum heap size: 0 out of 12000000
  Number of callouts: 0 out of 0
  Number of Email Invocations: 0 out of 10
  Number of future calls: 0 out of 50
  Number of queueable jobs added to the queue: 0 out of 1
  Number of Mobile Apex push calls: 0 out of 10

13:58:48.163 (4163294795)|LIMIT_USAGE_FOR_NS|SFSSDupeCatcher|
  Number of SOQL queries: 36 out of 200
  Number of query rows: 40 out of 50000
  Number of SOSL queries: 0 out of 20
  Number of DML statements: 0 out of 150
  Number of Publish Immediate DML: 0 out of 150
  Number of DML rows: 0 out of 10000
  Maximum CPU time: 0 out of 60000
  Maximum heap size: 0 out of 12000000
  Number of callouts: 0 out of 0
  Number of Email Invocations: 0 out of 10
  Number of future calls: 0 out of 50
  Number of queueable jobs added to the queue: 0 out of 1
  Number of Mobile Apex push calls: 0 out of 10

13:58:48.163 (4163294795)|LIMIT_USAGE_FOR_NS|slackv2|
  Number of SOQL queries: 1 out of 200
  Number of query rows: 1 out of 50000
  Number of SOSL queries: 0 out of 20
  Number of DML statements: 0 out of 150
  Number of Publish Immediate DML: 5 out of 150
  Number of DML rows: 0 out of 10000
  Maximum CPU time: 0 out of 60000
  Maximum heap size: 0 out of 12000000
  Number of callouts: 0 out of 0
  Number of Email Invocations: 0 out of 10
  Number of future calls: 0 out of 50
  Number of queueable jobs added to the queue: 0 out of 1
  Number of Mobile Apex push calls: 0 out of 10

13:58:48.163 (4163294795)|CUMULATIVE_LIMIT_USAGE_END

13:58:47.268 (4163430746)|CODE_UNIT_FINISHED|ComplianceTrigger on Compliance trigger event BeforeUpdate|__sfdc_trigger/ComplianceTrigger
13:58:47.268 (4172372388)|CODE_UNIT_STARTED|[EXTERNAL]|Validation:Compliance:a0mPj00000ur6lO
13:58:47.268 (4172389078)|VALIDATION_RULE|03dPj0000000wvF|AUD_available_for_Nuvei_Australia_Pty_Li
13:58:47.268 (4172504059)|VALIDATION_FORMULA|TEXT(Managing_Company__c) <> "Nuvei Australia Pty Limited" &&   TEXT(Fees_Currency__c) = "AUD"|Managing_Company__c=Safecharge Limited , Fees_Currency__c=EUR
13:58:47.268 (4172510809)|VALIDATION_PASS
13:58:47.268 (4172512839)|VALIDATION_RULE|03d1O0000009Nve|Buy_rates_for_percent_above_buy_blended
13:58:47.268 (4172577600)|VALIDATION_FORMULA|AND(TEXT (Introducer_Commission_Model__c) = "% above buy rate (blended)", ISBLANK(Buy_Rate_actually_received_by_Safecharge__c))|Introducer_Commission_Model__c=null , Buy_Rate_actually_received_by_Safecharge__c=null
13:58:47.268 (4172580860)|VALIDATION_PASS
13:58:47.268 (4172582130)|VALIDATION_RULE|03d1O0000009Nvj|Buy_rates_for_percent_above_buy_IC
13:58:47.268 (4172624610)|VALIDATION_FORMULA|AND(TEXT (Introducer_Commission_Model__c) = "% above buy rate (IC)", ISBLANK(Buy_Rate_actually_received_by_Safecharge__c) )|Introducer_Commission_Model__c=null , Buy_Rate_actually_received_by_Safecharge__c=null
13:58:47.268 (4172627680)|VALIDATION_PASS
13:58:47.268 (4172628790)|VALIDATION_RULE|03dPj000000jukP|CAD_available_for_Nuvei_Tech_Corp
13:58:47.268 (4172680230)|VALIDATION_FORMULA|TEXT(Managing_Company__c) <> "Nuvei Technologies Corp" &&
TEXT(Managing_Company__c) <> "Nuvei Corporation" &&   TEXT(Fees_Currency__c) = "CAD"|Managing_Company__c=Safecharge Limited , Fees_Currency__c=EUR
13:58:47.268 (4172683000)|VALIDATION_PASS
13:58:47.268 (4172684190)|VALIDATION_RULE|03d5Y000001m4Ew|Cashier_Fee_cannot_be_empty
13:58:47.268 (4172751871)|VALIDATION_FORMULA|ISBLANK(Cashier_fee__c) && CONTAINS(RecordType.Name, "Nuvei")  && DateValue(CreatedDate) > Date(2020,01,01)|CreatedDate=2026-08-28 13:58:46 , Cashier_fee__c=0.03 , RecordType.Name=Nuvei Global
13:58:47.268 (4172754881)|VALIDATION_PASS
13:58:47.268 (4172756021)|VALIDATION_RULE|03d5Y000000Adke|Close_Date_Required
13:58:47.268 (4172799531)|VALIDATION_FORMULA|AND(ISPICKVAL(Compliance_Status__c, "Closed"),
   ISBLANK(Close_Date__c))|Compliance_Status__c=Oscilar Submitted , Close_Date__c=null
13:58:47.268 (4172802201)|VALIDATION_PASS
13:58:47.268 (4172803371)|VALIDATION_RULE|03d1O000001DZae|Commission_cannot_be_0
13:58:47.268 (4172839641)|VALIDATION_FORMULA|Reseller_Commission__c = 0|Reseller_Commission__c=null
13:58:47.268 (4172842101)|VALIDATION_PASS
13:58:47.268 (4172843221)|VALIDATION_RULE|03dPj0000001PM9|Company_name_to_be_changed_only_UW
13:58:47.268 (4173002322)|VALIDATION_FORMULA|ISCHANGED(Name) && 
CONTAINS( TEXT(Compliance_Status__c) , "Live") && 
NOT(CONTAINS( Name , "demo")) && 
$Profile.Id <> "00e30000001wPru" && 
$Profile.Id <> "00e14000001x8p0" && 
$Profile.Id <> "00e14000001dsrM" && 
$Profile.Id <> "00e1O000001x9YU" && 
$Profile.Id <> "00ea0000000jQe2"&& 
$User.Username <> 'david.hazan@nuvei.com' && 
$User.Username <> 'dimitar.delchev@nuvei.com' && 
$User.Username <> 'ivaylo.nikolov@nuvei.com' &&
NOT(ISPICKVAL(Managing_Company__c, "Nuvei Technologies Inc.")) &&
NOT(ISPICKVAL(Managing_Company__c, "Nuvei Technologies Corp"))|Compliance_Status__c=Oscilar Submitted , $Profile.Id=00ePj00000snPvq , $User.Username=nuvei_connect_webhook@00d30000000pe7xeau.org.force.com , Managing_Company__c=Safecharge Limited , Name=Syntech Solutions Kft.
13:58:47.268 (4173008322)|VALIDATION_PASS
13:58:47.268 (4173009462)|VALIDATION_RULE|03d1O000001Luzu|CP_Edit_Open_Date
13:58:47.268 (4173091533)|VALIDATION_FORMULA|ISCHANGED( Open_Date__c) &&
($User.ProfileId <> '00e30000001wPru' &&
$User.ProfileId <> '00e30000001g4RQ'&&
$User.ProfileId <> '00e14000000jVHa' &&
$User.ProfileId <> '00e14000001x8p0' &&
$User.ProfileId <> '00e1O000002GVB5' &&
$User.ProfileId <> '00ea0000000jQ06' &&
$User.ProfileId <> '00e30000001MQiE' &&
$User.ProfileId <> '00ea0000000jQe2' &&
$User.ProfileId <> '00e5Y000002Gz1w' &&
$User.ProfileId <> '00e5Y000003bPY2')|Open_Date__c=null , $User.ProfileId=00ePj00000snPvq
13:58:47.268 (4173095263)|VALIDATION_PASS
13:58:47.268 (4173096313)|VALIDATION_RULE|03d1O000001LwOR|DCC_max_value
13:58:47.268 (4173122633)|VALIDATION_FORMULA|DCC__c > 0.50|DCC__c=0
13:58:47.268 (4173124863)|VALIDATION_PASS
13:58:47.268 (4173125953)|VALIDATION_RULE|03d1O000001Q8So|Declined_Reason_mandatory
13:58:47.268 (4173176193)|VALIDATION_FORMULA|AND ( 
TEXT( Compliance_Status__c ) = 'Declined',
ISBLANK(TEXT( Declined_Reason__c ))
)|Compliance_Status__c=Oscilar Submitted , Declined_Reason__c=null
13:58:47.268 (4173178633)|VALIDATION_PASS
13:58:47.268 (4173179733)|VALIDATION_RULE|03dPj000000cIgf|Dormant_Compliance_status_by_Risk_and_UW
13:58:47.268 (4173322874)|VALIDATION_FORMULA|OR(
AND(
ISCHANGED(Compliance_Status__c),
ISPICKVAL(Compliance_Status__c, "Dormant") ,
$Profile.Id <> "00e14000001ZgIZ",
$Profile.Id <> "00e14000001dtZP",
$Profile.Id <> "00e1O000001ZgvW",
$Profile.Id <> "00e1O000002Kho7",
$Profile.Id <> "00e30000001wPru",
OR(
ISPICKVAL(Managing_Company__c, "Safecharge HK Limited"),
ISPICKVAL(Managing_Company__c, "Safecharge PTE Limited"),
ISPICKVAL(Managing_Company__c, "Nuvei Australia Pty Limited"))),
AND(
ISCHANGED(Compliance_Status__c),
ISPICKVAL(Compliance_Status__c, "Dormant") ,
NOT(ISPICKVAL(Managing_Company__c, "Safecharge HK Limited")),
NOT(ISPICKVAL(Managing_Company__c, "Safecharge PTE Limited")),
NOT(ISPICKVAL(Managing_Company__c, "Nuvei Australia Pty Limited")),
$Profile.Id <> "00e14000001ZgIZ",
$Profile.Id <> "00e14000001dtZP",
$Profile.Id <> "00e1O000001ZgvW",
$Profile.Id <> "00e1O000002Kho7",
$Profile.Id <> "00e30000001wPru"))|Compliance_Status__c=Oscilar Submitted , $Profile.Id=00ePj00000snPvq , Managing_Company__c=Safecharge Limited
13:58:47.268 (4173328434)|VALIDATION_PASS
13:58:47.268 (4173348994)|VALIDATION_RULE|03d5Y000001MOSz|GW_Processing_Fee_cannot_be_empty
13:58:47.268 (4173388254)|VALIDATION_FORMULA|ISBLANK(GW_Processing_Fee__c ) && CONTAINS(RecordType.Name, "Nuvei")|RecordType.Name=Nuvei Global , GW_Processing_Fee__c=0.15
13:58:47.268 (4173390544)|VALIDATION_PASS
13:58:47.268 (4173391594)|VALIDATION_RULE|03d14000000thRk|Holdback_for_APMs_edited_only_by_Risk
13:58:47.268 (4173468605)|VALIDATION_FORMULA|ISCHANGED(Holdback_for_APMs__c) &&  
($User.ProfileId <> '00e1O000001Zgwo' &&
$User.ProfileId <> '00e1O000002KhoR' &&
$User.ProfileId <> '00e30000001g4RQ' && 
$User.Id <> '0055Y00000Gd389'
&& $User.Id <> '0055Y00000HxVGa'
&& $User.Id <> '0055Y00000I7146'
&& $User.Id <> '005Pj00000Faent'
&& $User.Id <> '005Pj00000JVzM1'
)|Holdback_for_APMs__c=10 , $User.Id=005Pj00000cEmDO , $User.ProfileId=00ePj00000snPvq
13:58:47.268 (4173472235)|VALIDATION_PASS
13:58:47.268 (4173473205)|VALIDATION_RULE|03d14000000qLX3|Industry_Validation
13:58:47.268 (4173632546)|VALIDATION_FORMULA|(Bank_Count__c > 0  &#124;&#124; TEXT (Compliance_Status__c) = "In Pre-Approval"  &#124;&#124; TEXT (Compliance_Status__c) = "KYC")

&& $Profile.Id  != '00e30000001g4RQ' && $Profile.Id  != '00e30000001wPru' && $Profile.Id  != '00e14000001ZgIZ'
&& $Profile.Id  != '00e1O000002Kho7' && $Profile.Id  != '00e14000001dtYg' && $Profile.Id  != '00e1O000002KhoR' && $Profile.Id  != '00e1O000001Zgwo' && $Profile.Id  != '00e14000000jVHa' && $Profile.Id  != '00e1O000001x9YU' && $Profile.Id  != '00e14000001x8p0'

&& (PRIORVALUE( Industry_For_Pricing__c )) <>"" && ISCHANGED(Industry_For_Pricing__c ) && NOT(ISCHANGED(  Integration_Status__c  ))|Compliance_Status__c=Oscilar Submitted , $Profile.Id=00ePj00000snPvq , Integration_Status__c=Not Started , Bank_Count__c=0 , Industry_For_Pricing__c=ECOMMERCE
13:58:47.268 (4173641126)|VALIDATION_PASS
13:58:47.268 (4173642196)|VALIDATION_RULE|03d14000000qJAC|Minimum_monthly_Limit_logic_2
13:58:47.268 (4173704066)|VALIDATION_FORMULA|OR( NOT(ISBLANK(Minimum_monthly_fee_Limit_1__c)) && ISBLANK(Minimum_monthly_fee_Value_2__c), 
		ISBLANK(Minimum_monthly_fee_Limit_1__c) && NOT(ISBLANK(Minimum_monthly_fee_Value_2__c)), 
			Minimum_monthly_fee_Value_2__c <= Minimum_monthly_fee_Value_1__c 
		)|Minimum_monthly_fee_Value_2__c=null , Minimum_monthly_fee_Value_1__c=5000 , Minimum_monthly_fee_Limit_1__c=null
13:58:47.268 (4173707126)|VALIDATION_PASS
13:58:47.268 (4173708196)|VALIDATION_RULE|03d14000000qJAH|Minimum_monthly_Limit_logic_3
13:58:47.268 (4173760737)|VALIDATION_FORMULA|OR( NOT(ISBLANK(Minimum_monthly_fee_Limit_2__c)) && ISBLANK(Minimum_monthly_fee_Value_3__c), 
		ISBLANK(Minimum_monthly_fee_Limit_2__c) && NOT(ISBLANK(Minimum_monthly_fee_Value_3__c)), 
			Minimum_monthly_fee_Value_3__c <= Minimum_monthly_fee_Value_2__c 
		)|Minimum_monthly_fee_Value_2__c=null , Minimum_monthly_fee_Value_3__c=null , Minimum_monthly_fee_Limit_2__c=null
13:58:47.268 (4173763297)|VALIDATION_PASS
13:58:47.268 (4173764367)|VALIDATION_RULE|03d14000000qJAM|Minimum_monthly_Limit_logic_4
13:58:47.268 (4173813967)|VALIDATION_FORMULA|OR( NOT(ISBLANK(Minimum_monthly_fee_Limit_3__c)) && ISBLANK(Minimum_monthly_fee_Value_4__c), 
		ISBLANK(Minimum_monthly_fee_Limit_3__c) && NOT(ISBLANK(Minimum_monthly_fee_Value_4__c)), 
			Minimum_monthly_fee_Value_4__c <= Minimum_monthly_fee_Value_3__c 
		)|Minimum_monthly_fee_Value_4__c=null , Minimum_monthly_fee_Value_3__c=null , Minimum_monthly_fee_Limit_3__c=null
13:58:47.268 (4173818257)|VALIDATION_PASS
13:58:47.268 (4173819397)|VALIDATION_RULE|03d140000009L0v|NON_Minimum_and_term_HARD_limits
13:58:47.268 (4173979568)|VALIDATION_FORMULA|AND( 
	Non_standard_terms__c = true,
        Remittance_Currency_old__c = "Euro",
        TEXT(Remittance_Cycle__c) = "Weekly with 1 week delay",
	NOT(OR( 
		ISBLANK(Minimum_monthly_fee_Value_1__c), 
		(Minimum_monthly_fee_Value_1__c == 0 && (Minimum_monthly_fee_Limit_1__c > 9 &#124;&#124; ISBLANK(Minimum_monthly_fee_Limit_1__c )) ), 
		(Minimum_monthly_fee_Value_1__c < 2000 && ISBLANK(Minimum_monthly_fee_Limit_1__c ) ), 
		(Minimum_monthly_fee_Value_1__c < 2000 && Minimum_monthly_fee_Limit_1__c > 9 ), 

		(NOT(ISBLANK(Minimum_monthly_fee_Value_2__c)) && Minimum_monthly_fee_Value_2__c < 2000 && (Minimum_monthly_fee_Limit_1__c >= 9 &#124;&#124; ISBLANK(Minimum_monthly_fee_Value_3__c) ) ), 
		(NOT(ISBLANK(Minimum_monthly_fee_Value_3__c)) && Minimum_monthly_fee_Value_3__c < 2000 && (Minimum_monthly_fee_Limit_2__c >= 9 &#124;&#124; ISBLANK(Minimum_monthly_fee_Value_4__c) ) ), 
		(NOT(ISBLANK(Minimum_monthly_fee_Value_4__c)) && Minimum_monthly_fee_Value_4__c < 2000 && Minimum_monthly_fee_Limit_3__c >= 9 ), 
		(NOT(ISBLANK(Minimum_monthly_fee_Value_4__c)) && Minimum_monthly_fee_Value_4__c < 2000 ), 

		(ISNULL(Contract_Term__c) &#124;&#124; Contract_Term__c < 12) 
	))
)|Remittance_Currency_old__c=EURO , Minimum_monthly_fee_Value_2__c=null , Contract_Term__c=36 , Minimum_monthly_fee_Value_3__c=null , Minimum_monthly_fee_Value_4__c=null , Minimum_monthly_fee_Limit_3__c=null , Non_standard_terms__c=0 , Minimum_monthly_fee_Value_1__c=5000 , Remittance_Cycle__c=Weekly with 1 week delay , Minimum_monthly_fee_Limit_1__c=null , Minimum_monthly_fee_Limit_2__c=null
13:58:47.268 (4173990378)|VALIDATION_PASS
13:58:47.268 (4173991328)|VALIDATION_RULE|03dPj0000004raP|No_deletion_of_Settlement_threshold
13:58:47.268 (4174030738)|VALIDATION_FORMULA|ISCHANGED( Settlement_threshold__c)   &&   ISBLANK(TEXT(Settlement_threshold__c))|Settlement_threshold__c=5000
13:58:47.268 (4174033188)|VALIDATION_PASS
13:58:47.268 (4174034338)|VALIDATION_RULE|03d14000000thPt|on_finance_admin_issue_set_the_details
13:58:47.268 (4174076129)|VALIDATION_FORMULA|TEXT( Finance_admin_status__c )  = 'Issue' &&
ISBLANK(    finance_Issue_details__c )|finance_Issue_details__c=null , Finance_admin_status__c=null
13:58:47.268 (4174081749)|VALIDATION_PASS
13:58:47.268 (4174082789)|VALIDATION_RULE|03d14000000thPo|on_RSI_issue_set_the_details
13:58:47.268 (4174120529)|VALIDATION_FORMULA|TEXT(MRSI_status__c )  = 'Issue' &&
ISBLANK(   MRSI_Issue_details__c )|MRSI_status__c=null , MRSI_Issue_details__c=null
13:58:47.268 (4174163929)|VALIDATION_PASS
13:58:47.268 (4174165489)|VALIDATION_RULE|03d14000001Hz7D|Rebilling_system_Setup_fee
13:58:47.268 (4174193509)|VALIDATION_FORMULA|ISBLANK(Rebilling_system_Setup__c)|Rebilling_system_Setup__c=0
13:58:47.268 (4174195779)|VALIDATION_PASS
13:58:47.268 (4174196729)|VALIDATION_RULE|03d5Y000001MOP8|Remittance_cycle_required
13:58:47.268 (4174324510)|VALIDATION_FORMULA|OR(RecordType.Name = "Nuvei APAC", 
RecordType.Name = "Nuvei Global",
RecordType.Name = "Nuvei LATAM",
RecordType.Name = "Nuvei Mexico",
RecordType.Name = "Nuvei UAE",
RecordType.Name = "Nuvei UK") 

&& ISBLANK(TEXT(MSA_Status__c))

&& ISBLANK(TEXT(Remittance_Cycle__c))

&& DATEVALUE(CreatedDate) > DATE(2022,01,01)

&& NOT(ISBLANK(TEXT(Managing_Company__c)))|Remittance_Cycle__c=Weekly with 1 week delay , MSA_Status__c=null , CreatedDate=2026-08-28 13:58:46 , RecordType.Name=Nuvei Global , Managing_Company__c=Safecharge Limited
13:58:47.268 (4174328770)|VALIDATION_PASS
13:58:47.268 (4174329780)|VALIDATION_RULE|03d14000000qJCw|Risk_status_manual_set
13:58:47.268 (4174432921)|VALIDATION_FORMULA|AND(    NOT(CONTAINS($Profile.Name, 'Administrator')),
         ISCHANGED(Processing_History__c) ,
        NOT(CONTAINS($Profile.Name, 'Risk')),
        NOT(CONTAINS($Profile.Name, 'automation')),
		OR(ISPICKVAL( Processing_History__c, 'Approved') , ISPICKVAL( Processing_History__c, 'Complete'))
 )|$Profile.Name=Nuvei Connect Webhook Profile , Processing_History__c=null
13:58:47.268 (4174436661)|VALIDATION_PASS
13:58:47.268 (4174437841)|VALIDATION_RULE|03d5Y000001MOIP|State_required_for_US_Canada
13:58:47.268 (4174526641)|VALIDATION_FORMULA|TEXT(Jurisdiction__c) = "USA" &&  (TEXT(Registered_Country__c) = "Canada"  &#124;&#124;  TEXT(Registered_Country__c) = "United States") &&   TEXT ( State_USA__c ) = "" && TEXT(Industry__c) <> "Reseller" && TEXT(Industry__c) <> "ISO" && TEXT(Industry__c) <> "PayFac"|Industry__c=null , Jurisdiction__c=Europe , Registered_Country__c=Hungary , State_USA__c=null
13:58:47.268 (4174530601)|VALIDATION_PASS
13:58:47.268 (4174531471)|VALIDATION_RULE|03d14000001Hz7w|Tokenization_Recurring_fee
13:58:47.268 (4174552331)|VALIDATION_FORMULA|ISBLANK(Tokenization_recurring__c)|Tokenization_recurring__c=0
13:58:47.268 (4174553981)|VALIDATION_PASS
13:58:47.268 (4174554771)|VALIDATION_RULE|03d5Y000001QvWj|Gaming_not_allowed_for_Safecharge_PTE_Li
13:58:47.268 (4174616062)|VALIDATION_FORMULA|OR(TEXT(Managing_Company__c) = "Safecharge PTE Limited", TEXT(Managing_Company__c) = "Nuvei Singapore Pte. Ltd")  &&  Industry_For_Pricing__c = "Gaming"|Industry_For_Pricing__c=ECOMMERCE , Managing_Company__c=Safecharge Limited
13:58:47.268 (4174618652)|VALIDATION_PASS
13:58:47.268 (4174619752)|VALIDATION_RULE|03dPj000000bhu1|MSA_status_change_for_NA
13:58:47.268 (4174739662)|VALIDATION_FORMULA|RecordType.Id = "012Pj000000JUOz" && 
ISCHANGED(MSA_Status__c) && 
$Profile.Id <> "00e30000001wPru" &&
$Profile.Id <> "00e30000001g4RQ" &&
$Profile.Id <> "00e5Y000003bPY2" &&
$Profile.Id <> "00e1O000002GVB0" &&
$User.Username <> 'siobhan.harlow@nuvei.com' && 
$User.Username <> 'brandi.kidd@nuvei.com' && 
$User.Username <> 'jared.murphy@nuvei.com' && 
$User.Username <> 'patrick.wormus@nuvei.com' && 
$User.Username <> 'natalie.hammar@nuvei.com' && 
$User.Username <> 'anna.farrell@nuvei.com' && 
$User.Username <> 'nikola.valchev@nuvei.com' &&
$User.Username <> 'marta.lambova@nuvei.com' &&
$User.Username <> 'svetoslava.mihova@nuvei.com' &&
$User.Username <> 'naamad@safecharge.com' &&
$User.Username <> 'keren.kruyswyk@nuvei.com' &&
$User.Username <> 'nikola.valchev@nuvei.com' &&
$User.Username <> 'silviya.valkova@nuvei.com'|$Profile.Id=00ePj00000snPvq , MSA_Status__c=null , $User.Username=nuvei_connect_webhook@00d30000000pe7xeau.org.force.com , RecordType.Id=01214000000AWYC
13:58:47.268 (4174745273)|VALIDATION_PASS
13:58:47.268 (4174746163)|VALIDATION_RULE|03d1O000001LwOW|No_changes_in_AVS_after_approval
13:58:47.268 (4174880993)|VALIDATION_FORMULA|( ISCHANGED(Mastercard_Automatic_Billing_Updater_ABU__c) &#124;&#124;
ISCHANGED(DCC__c) &#124;&#124;
ISCHANGED(Smart_3D_Secure_Fee__c) &#124;&#124;
ISCHANGED(X3D_Transactions_Fee__c)  
  )
&&
NOT(ISPICKVAL(MSA_Status__c,'Counter Signed'))
&&
NOT(ISPICKVAL(Price_Quote_Status__c,'Pending'))
&&
NOT(ISPICKVAL(Price_Quote_Status__c,'Send PQ for signing'))
&&
NOT(ISPICKVAL(Price_Quote_Status__c,'Started'))
&&
NOT(ISPICKVAL(Price_Quote_Status__c,'Approved'))
&&
NOT(ISPICKVAL(Price_Quote_Status__c,'Declined'))
&&
NOT(ISPICKVAL(Price_Quote_Status__c,''))
&&  $User.Id  <> '00530000003nPYh'|X3D_Transactions_Fee__c=0.03 , Price_Quote_Status__c=Started , Mastercard_Automatic_Billing_Updater_ABU__c=0.35 , Smart_3D_Secure_Fee__c=0.04 , $User.Id=005Pj00000cEmDO , MSA_Status__c=null , DCC__c=0
13:58:47.268 (4174887253)|VALIDATION_PASS
13:58:47.268 (4174888183)|VALIDATION_RULE|03dPj000002Y1tN|No_change_after_Live_apart_from_UW_Risk
13:58:47.268 (4175157495)|VALIDATION_FORMULA|( ISCHANGED( Name )  &#124;&#124; 
 ISCHANGED( Company_name__c )  &#124;&#124; 
 ISCHANGED( Incorporation_number__c  )  &#124;&#124; 
 ISCHANGED( ABN_Australia__c )  &#124;&#124; 
 ISCHANGED( Registered_City__c )  &#124;&#124; 
 ISCHANGED( Registered_Zip_Postal_Code__c )  &#124;&#124; 
 ISCHANGED( Registered_Address_New__c )  &#124;&#124; 
 ISCHANGED( Registered_Street__c )  &#124;&#124; 
 ISCHANGED( Registered_Country__c )  &#124;&#124; 
 ISCHANGED( Address_Operation_Location_2_New__c )  &#124;&#124; 
 ISCHANGED( Foundation_date__c )  &#124;&#124; 
 ISCHANGED( Industry__c )  &#124;&#124; 
 ISCHANGED( VAT_Number__c )  &#124;&#124; 
 ISCHANGED( Tax_ID_Type__c ))

 && RecordType.DeveloperName = "Nuvei_APAC"
 && TEXT(Compliance_Status__c) = "Live"
 
&& ( $Profile.Id  <>  "00e30000001wPru" &&
$Profile.Id  <>  "00e14000001dtaI" &&
$Profile.Id  <>  "00e1O000002GVo7" &&
$Profile.Id  <>  "00e1O000002Khqc" &&
$Profile.Id  <>  "00e14000001ZgIZ" &&
$Profile.Id  <>  "00e1O000001ZgvW" &&
$Profile.Id  <>  "00e1O000002Kho7" &&
$Profile.Id  <>  "00e14000001dtYg" &&
$Profile.Id  <>  "00e1O000001Zgwo" &&
$Profile.Id  <>  "00e1O000002KhoR" &&

$Profile.Id  <>  "00e30000001g4RQ" &&
$Profile.Id  <>  "00e14000001dsrM" &&
$Profile.Id  <>  "00e5Y000003bPY2")|Registered_Street__c=Kinizsi utca 20. Fsz.1. ajto , Tax_ID_Type__c=VAT , Registered_Address_New__c=null , $Profile.Id=00ePj00000snPvq , Foundation_date__c=2022-12-01 00:00:00 , Address_Operation_Location_2_New__c=null , VAT_Number__c=32153891-2-43 , Company_name__c=null , Name=Syntech Solutions Kft. , Registered_Zip_Postal_Code__c=1203 , Incorporation_number__c=01-09-409373 , Industry__c=null , Compliance_Status__c=Oscilar Submitted , RecordType.DeveloperName=Safecharge , ABN_Australia__c=null , Registered_Country__c=Hungary , Registered_City__c=Budapest
13:58:47.268 (4175169095)|VALIDATION_PASS
13:58:47.268 (4175170135)|VALIDATION_RULE|03dPj0000014AOP|PQ_status_change_for_NA
13:58:47.268 (4175284596)|VALIDATION_FORMULA|RecordType.Id = "012Pj000000JUOz" && 
ISCHANGED (Price_Quote_Status__c) && 
TEXT (Price_Quote_Status__c) <> "Pending" && 
TEXT (Price_Quote_Status__c) <> "In Approval" && 
TEXT (Price_Quote_Status__c) <> "Started" && 
TEXT (Price_Quote_Status__c) <> "Declined" && 
$Profile.Id <> "00e30000001wPru" &&
$Profile.Id <> "00e30000001g4RQ" &&
$Profile.Id <> "00e5Y000003bPY2" &&
$Profile.Id <> "00e1O000002GVB0" &&
$User.Username <> 'siobhan.harlow@nuvei.com' && 
$User.Username <> 'brandi.kidd@nuvei.com' && 
$User.Username <> 'jared.murphy@nuvei.com' && 
$User.Username <> 'patrick.wormus@nuvei.com' && 
$User.Username <> 'natalie.hammar@nuvei.com' && 
$User.Username <> 'anna.farrell@nuvei.com' && 
$User.Username <> 'nikola.valchev@nuvei.com' &&
$User.Username <> 'marta.lambova@nuvei.com' &&
$User.Username <> 'svetoslava.mihova@nuvei.com' &&
$User.Username <> 'naamad@safecharge.com' &&
$User.Username <> 'keren.kruyswyk@nuvei.com' &&
$User.Username <> 'nikola.valchev@nuvei.com'|Price_Quote_Status__c=Started , $Profile.Id=00ePj00000snPvq , $User.Username=nuvei_connect_webhook@00d30000000pe7xeau.org.force.com , RecordType.Id=01214000000AWYC
13:58:47.268 (4175289946)|VALIDATION_PASS
13:58:47.268 (4175290766)|VALIDATION_RULE|03d1O0000011gOV|Reserve_and_Fixed_edit_only_by_Risk
13:58:47.268 (4175345806)|VALIDATION_FORMULA|(ISCHANGED(Reserve_Tier__c) &#124;&#124; ISCHANGED(Fixed_Reserve__c))
&& 
(CASESAFEID($User.Id) <> '0051400000BcSlUAAV' && 
CASESAFEID($User.ProfileId) <> '00e30000001g4RQAAY' 
)|Fixed_Reserve__c=null , $User.Id=005Pj00000cEmDO , Reserve_Tier__c=null , $User.ProfileId=00ePj00000snPvq
13:58:47.268 (4175348916)|VALIDATION_PASS
13:58:47.268 (4175349846)|VALIDATION_RULE|03d1O0000011gOQ|Reserve_tier_and_Fixed_reserve_set
13:58:47.268 (4175390596)|VALIDATION_FORMULA|(ISBLANK( Reserve_Tier__c )&& NOT(ISBLANK( Fixed_Reserve__c )))
&#124;&#124;
(ISBLANK( Fixed_Reserve__c )&& NOT(ISBLANK( Reserve_Tier__c )))|Fixed_Reserve__c=null , Reserve_Tier__c=null
13:58:47.268 (4175393226)|VALIDATION_PASS
13:58:47.268 (4175394086)|VALIDATION_RULE|03d14000000qJ2I|risk_level_is_set_to_high_Low_risk_Forex
13:58:47.268 (4175454377)|VALIDATION_FORMULA|AND((ISPICKVAL(PRIORVALUE(Risk_Level__c), "Low")&#124;&#124;(ISPICKVAL(PRIORVALUE(Risk_Level__c), "Medium"))), ISPICKVAL(Risk_Level__c, 'High') , ISPICKVAL(Processing_History__c  , 'Low Risk forex'))|Processing_History__c=null , Risk_Level__c=Low
13:58:47.268 (4175457677)|VALIDATION_PASS
13:58:47.268 (4175458577)|VALIDATION_RULE|03d14000000qIre|Settled_PQ_Non_Standad
13:58:47.268 (4175503257)|VALIDATION_FORMULA|ISPICKVAL( Price_Quote_Type__c , 'Non-Standard') &&
 ISPICKVAL( PRIORVALUE( Price_Quote_Status__c) , 'Declined')&& ISPICKVAL(  Price_Quote_Status__c , 'Settled')|Price_Quote_Status__c=Started , Price_Quote_Type__c=Standard
13:58:47.268 (4175505457)|VALIDATION_PASS
13:58:47.268 (4175509467)|CODE_UNIT_FINISHED|Validation:Compliance:a0mPj00000ur6lO
13:58:47.268 (4206535331)|CODE_UNIT_STARTED|[EXTERNAL]|01q1400000064lt|NotifyMerchantAndCompliance on Compliance trigger event AfterUpdate|__sfdc_trigger/NotifyMerchantAndCompliance
13:58:47.268 (4206596031)|HEAP_ALLOCATE|[EXTERNAL]|Bytes:8
13:58:47.268 (4206642671)|HEAP_ALLOCATE|[EXTERNAL]|Bytes:8
13:58:47.268 (4206771482)|HEAP_ALLOCATE|[EXTERNAL]|Bytes:8
13:58:47.268 (4206787162)|VARIABLE_SCOPE_BEGIN|[1]|this|NotifyMerchantAndCompliance|true|false
13:58:47.268 (4206850112)|VARIABLE_ASSIGNMENT|[1]|this|{}|0x4bb47ef9
13:58:47.268 (4206886223)|HEAP_ALLOCATE|[EXTERNAL]|Bytes:8
13:58:47.268 (4206890103)|VARIABLE_SCOPE_BEGIN|[1]|this|NotifyMerchantAndCompliance|true|false
13:58:47.268 (4206896093)|VARIABLE_ASSIGNMENT|[1]|this|{}|0x4bb47ef9
13:58:47.268 (4206900033)|STATEMENT_EXECUTE|[1]
13:58:47.268 (4206901413)|STATEMENT_EXECUTE|[3]
13:58:47.268 (4206919143)|HEAP_ALLOCATE|[3]|Bytes:4
13:58:47.268 (4206974853)|VARIABLE_ASSIGNMENT|[3]|this.complianceMap|{}|0x4bb47ef9
13:58:47.268 (4207106914)|HEAP_ALLOCATE|[6]|Bytes:5
13:58:47.268 (4207123544)|VARIABLE_SCOPE_BEGIN|[6]|comp|Compliance__c|true|false
13:58:48.328 (4328075758)|VARIABLE_ASSIGNMENT|[6]|comp|{"Industry_for_APMs__c":"none","LastModifiedDate":"2026-08-28T13:58:48.000Z","Add_Cashier_fee__c":true,"Managing_Company_Location__c":"Other","Multi_GW_Connectivity__c":500.00,"Primary_Contact_Owner__c":"Ivaylo Nikolov","Fix_Holdback_for_APMs__c":false,"minimum_fee_text__c":"\u20ac 5000","X3D_Transactions_Fee__c":0.03,"Remittance_Cycle_MSA_wording__c":"on a weekly basis wi (19 more) ...","Docusign_send_Date__c":"2026-08-28T00:00:00.000Z","TSM__c":" ","MC_Acquirer_ID__c":"15554","Holdback_for_APMs__c":10.00,"PCI_Status__c":"Unknown","Minimum_Scales__c":0,"Logged_User_Email__c":"nuvei_connect_webhoo (34 more) ...","IsDeleted":false,"Jurisdiction__c":"Europe","Manual_Price_Quote__c":false,"Nuvei_Connect_Status__c":"SUBMITTED","Minimum__c":"Euro 5000 in each ca (13 more) ...","Application_Status__c":"None Atuomated","Monthly_Expected_Chargeback_Ratio__c":0.00,"Mastercard_Automatic_Billing_Updater_ABU__c":0.35,"Non_standard_terms__c":false,"Banking_Details_Form1__c":false,"Has_Camden_GW__c":0,"X3D_Secure_setup__c":250,"Is_Marketplace__c":false,"Account_Manager_ID__c":"0051O00000Cga4LQAR","Hide_Express_AF__c":true,"MSA_Template__c":"a1b1400000BCv8f","Is_Reseller__c":false,"Primary_Contact_Last_Name__c":"Tsekov","Active__c":false,"Risk_Role_UBO__c":0.00,"Conga_Template_Termination_Letter__c":"a1b1400000CXfx1","Primary_Contact_ID__c":"003Pj00001PFt70","Amendment_DCC__c":false,"x3rd_party_monthly__c":500.00,"MSA_Recipient__c":"003Pj00001PFt70IAD","Matching_and_Reconciliation__c":"No","Is_SC_Express__c":false,"dailySettlementConversionView__c":true,"RecordTypeId":"01214000000AWYCAA4","EU_Indirect_Orchestration__c":false,"Invoke_Activation__c":false,"Amendment_Mastercard_ABU__c":false,"EU_Indirect_MSA_Trigger__c":"&Id=a0mPj00000ur6lO& (99 more) ...","Tax_ID_Type__c":"VAT","Nuvei_Partner_ID__c":"b5abf69f-0859-4b57-8 (16 more) ...","Proactive_account_optimization__c":"No","Logged_User_Name__c":"Nuvei Connect Webhoo (17 more) ...","Rebilling_System_Activation__c":"Yes","No_URL__c":false,"Connect_APMs__c":0,"SystemModstamp":"2026-08-28T13:58:48.000Z","Owner_Full_Name__c":"Ivaylo Nikolov","Industry_For_Pricing__c":"ECOMMERCE","Smart_3D_Secure_Fee__c":0.04,"G2S_Agreement__c":false,"Case_SafeID__c":"a0mPj00000ur6lOIAQ","Contract_Term__c":36,"MSA_Termination_Date_Formula__c":"2026-09-28T00:00:00.000Z","Incorporation_number__c":"01-09-409373","Covered_Client__c":"No","GW_Processing_Fee__c":0.15,"Underwriting_Mgr_Name__c":"Underwriting Cyprus","Sales_Rep_email_formula__c":"ivaylo.nikolov@nuvei (4 more) ...","Completed_action_Item_Count__c":0,"Pre_approval_Initiation__c":false,"Remittance_Cycle__c":"Weekly with 1 week d (4 more) ...","Remittance_Currency_Text__c":"Euro, ","Name":"Syntech Solutions Kf (2 more) ...","portal_URL__c":"https://safecharge.m (29 more) ...","Account_Manager__c":"0051O00000Cga4LQAR","Managing_Company_Grouping__c":"Nuvei","CreatedById":"005Pj00000cEmDOIA0","OLAP_Volume__c":0.00,"APM_modified_via_Cpanel__c":false,"Risk_Level__c":"Low","Terms_VP_approval__c":false,"Intro_Email_sent__c":false,"Managing_Company_Label__c":"Nuvei Limited","Amendment_3D_Transactions__c":false,"CurrencyIsoCode":"USD","Holdback_rate_for_APMs_for_PQ_MSA__c":"10%","Checklist_Status__c":"Partial","Nuvei_Connect_Application_ID__c":"NC178792551537","Count_of_SC_MSA_LTD_banks__c":0,"CreatedDate":"2026-08-28T13:58:46.000Z","Jira_Link2__c":"None","Visa_Account_Name_Inquiry_ANI__c":0.25,"Progress_Measurement__c":"Not Started - Oscila (24 more) ...","Alert_Flag_FATCA_Check__c":"_IM1_/img/samples/fl (25 more) ...","Minimum_commitment_calculation__c":"5000","Partial_Approval__c":false,"Registered_Zip_Postal_Code__c":"1203","Portal_User_Active__c":false,"Can_Send_Short_MSA__c":"Yes","Expected_Monthly_Volume__c":0.00,"Expected_Monthly_Volume_Total__c":0.00,"primary_Contact_email__c":"vladimir.tsekov@yaho (5 more) ...","AVS_Scan__c":false,"Track_F_Retry_Count__c":0,"Remittance_Currency_old__c":"EURO","Declined_Pre_Approval_Declined__c":false,"G2S_Migrated__c":false,"Settlement_threshold__c":"5000","Has_SC_Acquirer_bank__c":0,"Manual_MCC_Code__c":"5047","Remittance_Currency__c":"Euro","Premium_Flag__c":false,"Non_STD_services_fees__c":"Rebill setup < 1,000 (43 more) ...","VAT_Number__c":"32153891-2-43","Validating_End_User_pa__c":0.50,"Wire_Fee__c":15.00,"Incorporation_Documents_non_eu__c":false,"Management_Approval__c":false,"Account_Manager_Email__c":"plamen.jordanov@nuve (5 more) ...","eKYB_Check_In_Progress__c":false,"Nuvei_Integration_Fee__c":10000.00,"Price_Quote_Status__c":"Started","Account_ID__c":"001Pj00001DnhbkIAB","Opportunity__c":"006Pj00000zMXv7IAG","Registered_Country__c":"Hungary","Finance_Admin_installed__c":false,"Name_on_Card_activation__c":"No","Underwriting_Mgr_ID__c":"0051O00000ChbPRQAZ","Minimum_monthly_fee_with_Waived__c":"5000","Round_Robin_UW_ID__c":"0055Y00000Gct8G","KYC_Progress__c":0,"Sales_Rep__c":"00530000006NODJAA4","Conga_template_ID_by_industry__c":"a1b1400000BCCVg","Merchant_Status__c":"Start!","Age_Verification_activation__c":"Yes","Is_Processing__c":false,"Rebilling_system_transaction__c":0.00,"MSA_Terminated__c":false,"Service_Level_Standards__c":false,"Pre_approval_AI_Received__c":0,"Conga_open_mode__c":false,"Complete_Websites_in_Application_form__c":0,"Id":"a0mPj00000ur6lOIAQ","Gaming_Forex_license__c":false,"SME_Merchant__c":false,"VP_Approval_Status__c":"Not Needed","Foundation_date__c":"2022-12-01T00:00:00.000Z","Rebilling_system_Setup__c":0,"Amendment_Smart_3D__c":false,"Account_Open_Integration_Case__c":false,"Count_of_LTD_banks__c":0,"Descriptor__c":"Syntech Solutions Kf (2 more) ...","Checklist_Type__c":"Simplified","Stage__c":"In Pre-Approval","Cashier_fee__c":0.03,"Url__c":"http://cosmedicalsup (7 more) ...","Pre_approval_AI__c":0,"MCC_Code__c":"5047","OwnerId":"00530000006NODJAA4","Unique_Number__c":"000047348","Integration_Status__c":"Not Started","Registered_Country_Id2__c":"348","Account_owner__c":"Ivaylo Nikolov","Fees_Currency__c":"EUR","Minimum_monthly_fee_Value_1__c":5000,"Price_Quote_Type__c":"Standard","Tokenization_activation__c":"Yes","Track_G_Retry_Count__c":0,"Validating_End_User_Setup__c":1000.00,"x3rd_party_per_int__c":10000.00,"KYC_Checks__c":0,"Submit__c":false,"Tokenization_recurring__c":0,"Government_Owned_Merchant__c":"- NO -","eKYB_Check_Result__c":"Pending","Descriptor_Type__c":"Static","Is_managing_company_Latam__c":false,"dailySettlementConversionRateView__c":false,"Contact_name__c":"Vladimir Tsvetanov T (5 more) ...","DCC__c":0,"Registered_State__c":"Sofia","C_Panel_GO__c":2000,"Owner_Email__c":"ivaylo.nikolov@nuvei (4 more) ...","Customer_Due_Diligence_New__c":"Simplified","VIP__c":"No","G2_Group_ID__c":"19412","Address_Verification_activation__c":"Yes","Registered_Country_Code2__c":"HUN","Company_Type__c":"Limited","Action_Item_Count__c":0,"Bank_Count__c":0,"Minimum_Fee_SC_ACQIURER_MSA_section__c":"Euro 5000 in each ca (12 more) ...","Negative_WC1__c":0,"Update_Sales_AM_OM__c":false,"Managing_Company__c":"Safecharge Limited","Underwriting_Mgr__c":"0051O00000ChbPRQAZ","Incorporation_documents_or_Sole_trade__c":"None","Trading_Name__c":"Syntech Solutions","Manual_Application_Form__c":false,"Gross_Settlement__c":false,"APM_Pricing_Tier__c":"Tier 3","Run_all_eKYB_checks__c":false,"PCI_approved__c":false,"X3D_Secure_activation__c":"Yes","Nuvei_Connect_Last_Webhook__c":"2026-08-28T13:58:48.000Z","Account__c":"001Pj00001DnhbkIAB","Merchant_Tier__c":5,"term_one_time_payment__c":5000.00,"From_Reseller__c":"a0mPj00000u8rTVIAY","Tri_party_MSA__c":false,"Fire_Conga_MSA__c":false,"Terminal_Request__c":false,"Round_Robin_Assignment_Formula__c":1,"AMLCO_Compliance_approval__c":false,"Onboarding_Progress_Measurement__c":0.00,"SC_Acquirer_MSA__c":0,"X1_Month_Past_OLAP_Volume__c":0.00,"Registered_City__c":"Budapest","Negative_Address_Verification_checks__c":0,"Minimum_Fee_ES__c":"EUR 5000 en cada mes (9 more) ...","FI_Approval__c":false,"No_APMs__c":false,"Pre_Approved__c":false,"Primary_Contact__c":"003Pj00001PFt70IAD","Previous_Month_OLAP_Volume__c":0.00,"Registered_Street__c":"Kinizsi utca 20. Fsz (8 more) ...","Compliance_Status__c":"Oscilar Submitted","Country_Code__c":"HU","DocuSign_Recipient__c":"003Pj00001PFt70IAD","Integration_Progress__c":"Start","Is_SC_PoS__c":false,"Primary_Contact_first_Name__c":"Vladimir Tsvetanov","Is_High_Risk_Industry__c":"No","Sales_Rep_ID__c":"00530000006NODJAA4","City_field__c":"+18553106344","LastModifiedById":"005Pj00000cEmDOIA0"}|0x37ecaa36
13:58:48.328 (4328173708)|STATEMENT_EXECUTE|[7]
13:58:48.328 (4328338639)|STATEMENT_EXECUTE|[8]
13:58:48.328 (4328365549)|HEAP_ALLOCATE|[6]|Bytes:5
13:58:48.328 (4328391740)|VARIABLE_ASSIGNMENT|[6]|comp|null|
13:58:48.328 (4328412210)|STATEMENT_EXECUTE|[13]
13:58:48.328 (4328421900)|CUMULATIVE_LIMIT_USAGE
13:58:48.328 (4328421900)|LIMIT_USAGE_FOR_NS|(default)|
  Number of SOQL queries: 15 out of 200
  Number of query rows: 18 out of 50000
  Number of SOSL queries: 0 out of 20
  Number of DML statements: 6 out of 150
  Number of Publish Immediate DML: 0 out of 150
  Number of DML rows: 8 out of 10000
  Maximum CPU time: 668 out of 60000
  Maximum heap size: 0 out of 12000000
  Number of callouts: 0 out of 0
  Number of Email Invocations: 0 out of 10
  Number of future calls: 0 out of 50
  Number of queueable jobs added to the queue: 0 out of 1
  Number of Mobile Apex push calls: 0 out of 10

13:58:48.328 (4328421900)|LIMIT_USAGE_FOR_NS|MC4SF|
  Number of SOQL queries: 1 out of 200
  Number of query rows: 0 out of 50000
  Number of SOSL queries: 0 out of 20
  Number of DML statements: 0 out of 150
  Number of Publish Immediate DML: 0 out of 150
  Number of DML rows: 0 out of 10000
  Maximum CPU time: 0 out of 60000
  Maximum heap size: 0 out of 12000000
  Number of callouts: 0 out of 0
  Number of Email Invocations: 0 out of 10
  Number of future calls: 0 out of 50
  Number of queueable jobs added to the queue: 0 out of 1
  Number of Mobile Apex push calls: 0 out of 10

13:58:48.328 (4328421900)|LIMIT_USAGE_FOR_NS|pw_cc|
  Number of SOQL queries: 1 out of 200
  Number of query rows: 0 out of 50000
  Number of SOSL queries: 0 out of 20
  Number of DML statements: 0 out of 150
  Number of Publish Immediate DML: 0 out of 150
  Number of DML rows: 0 out of 10000
  Maximum CPU time: 0 out of 60000
  Maximum heap size: 0 out of 12000000
  Number of callouts: 0 out of 0
  Number of Email Invocations: 0 out of 10
  Number of future calls: 0 out of 50
  Number of queueable jobs added to the queue: 0 out of 1
  Number of Mobile Apex push calls: 0 out of 10

13:58:48.328 (4328421900)|LIMIT_USAGE_FOR_NS|SFSSDupeCatcher|
  Number of SOQL queries: 36 out of 200
  Number of query rows: 40 out of 50000
  Number of SOSL queries: 0 out of 20
  Number of DML statements: 0 out of 150
  Number of Publish Immediate DML: 0 out of 150
  Number of DML rows: 0 out of 10000
  Maximum CPU time: 0 out of 60000
  Maximum heap size: 0 out of 12000000
  Number of callouts: 0 out of 0
  Number of Email Invocations: 0 out of 10
  Number of future calls: 0 out of 50
  Number of queueable jobs added to the queue: 0 out of 1
  Number of Mobile Apex push calls: 0 out of 10

13:58:48.328 (4328421900)|LIMIT_USAGE_FOR_NS|slackv2|
  Number of SOQL queries: 1 out of 200
  Number of query rows: 1 out of 50000
  Number of SOSL queries: 0 out of 20
  Number of DML statements: 0 out of 150
  Number of Publish Immediate DML: 5 out of 150
  Number of DML rows: 0 out of 10000
  Maximum CPU time: 0 out of 60000
  Maximum heap size: 0 out of 12000000
  Number of callouts: 0 out of 0
  Number of Email Invocations: 0 out of 10
  Number of future calls: 0 out of 50
  Number of queueable jobs added to the queue: 0 out of 1
  Number of Mobile Apex push calls: 0 out of 10

13:58:48.328 (4328421900)|CUMULATIVE_LIMIT_USAGE_END

13:58:48.328 (4328700641)|CODE_UNIT_FINISHED|NotifyMerchantAndCompliance on Compliance trigger event AfterUpdate|__sfdc_trigger/NotifyMerchantAndCompliance
13:58:48.328 (4329816248)|CODE_UNIT_STARTED|[EXTERNAL]|01q1O000000k9fA|ComplianceTrigger on Compliance trigger event AfterUpdate|__sfdc_trigger/ComplianceTrigger
13:58:48.328 (4329861048)|HEAP_ALLOCATE|[EXTERNAL]|Bytes:8
13:58:48.328 (4329866768)|HEAP_ALLOCATE|[EXTERNAL]|Bytes:8
13:58:48.328 (4329911819)|HEAP_ALLOCATE|[EXTERNAL]|Bytes:8
13:58:48.328 (4329919159)|VARIABLE_SCOPE_BEGIN|[1]|this|ComplianceTrigger|true|false
13:58:48.328 (4329954599)|VARIABLE_ASSIGNMENT|[1]|this|{}|0x66150492
13:58:48.328 (4329970069)|HEAP_ALLOCATE|[EXTERNAL]|Bytes:8
13:58:48.328 (4329973579)|VARIABLE_SCOPE_BEGIN|[1]|this|ComplianceTrigger|true|false
13:58:48.328 (4329982939)|VARIABLE_ASSIGNMENT|[1]|this|{}|0x66150492
13:58:48.328 (4329985969)|STATEMENT_EXECUTE|[1]
13:58:48.328 (4329986879)|STATEMENT_EXECUTE|[3]
13:58:48.328 (4329989699)|HEAP_ALLOCATE|[3]|Bytes:20
13:58:48.328 (4330009209)|CONSTRUCTOR_ENTRY|[3]|01p1O000001xhGM|<init>()|ComplianceTriggerHandler
13:58:48.328 (4330014769)|VARIABLE_SCOPE_BEGIN|[1]|this|ComplianceTriggerHandler|true|false
13:58:48.328 (4330024409)|VARIABLE_ASSIGNMENT|[1]|this|{}|0x347aaf7c
13:58:48.328 (4331183626)|SYSTEM_MODE_ENTER|false
13:58:48.328 (4331191756)|HEAP_ALLOCATE|[EXTERNAL]|Bytes:5
13:58:48.328 (4331200916)|CONSTRUCTOR_ENTRY|[EXTERNAL]|01p1O000001xhGQ|<init>()|ITriggerHandlerImpl
13:58:48.328 (4331204556)|VARIABLE_SCOPE_BEGIN|[1]|this|ITriggerHandlerImpl|true|false
13:58:48.328 (4331215526)|VARIABLE_ASSIGNMENT|[1]|this|{}|0x347aaf7c
13:58:48.328 (4331219077)|HEAP_ALLOCATE|[EXTERNAL]|Bytes:5
13:58:48.328 (4331234617)|STATEMENT_EXECUTE|[1]
13:58:48.328 (4331235997)|HEAP_ALLOCATE|[EXTERNAL]|Bytes:5
13:58:48.328 (4331237497)|STATEMENT_EXECUTE|[2]
13:58:48.328 (4331238077)|STATEMENT_EXECUTE|[3]
13:58:48.328 (4331238637)|STATEMENT_EXECUTE|[4]
13:58:48.328 (4331239067)|STATEMENT_EXECUTE|[5]
13:58:48.328 (4331242897)|CONSTRUCTOR_EXIT|[EXTERNAL]|01p1O000001xhGQ|<init>()|ITriggerHandlerImpl
13:58:48.328 (4331247107)|SYSTEM_MODE_EXIT|false
13:58:48.328 (4331249327)|STATEMENT_EXECUTE|[1]
13:58:48.328 (4331251047)|SYSTEM_MODE_ENTER|false
13:58:48.328 (4331252617)|HEAP_ALLOCATE|[EXTERNAL]|Bytes:5
13:58:48.328 (4331254537)|SYSTEM_MODE_EXIT|false
13:58:48.328 (4331257637)|CONSTRUCTOR_EXIT|[3]|01p1O000001xhGM|<init>()|ComplianceTriggerHandler
13:58:48.328 (4331275927)|VARIABLE_ASSIGNMENT|[3]|this.handler|0x347aaf7c|0x66150492
13:58:48.328 (4331277887)|STATEMENT_EXECUTE|[4]
13:58:48.328 (4331284917)|METHOD_ENTRY|[4]|01p1O000001xhGQ|ITriggerHandlerImpl.execute()
13:58:48.328 (4331287577)|VARIABLE_SCOPE_BEGIN|[7]|this|ITriggerHandlerImpl|true|false
13:58:48.328 (4331297157)|VARIABLE_ASSIGNMENT|[7]|this|{}|0x347aaf7c
13:58:48.328 (4331302457)|SYSTEM_MODE_ENTER|false
13:58:48.328 (4331304177)|HEAP_ALLOCATE|[8]|Bytes:5
13:58:48.328 (4331305757)|STATEMENT_EXECUTE|[7]
13:58:48.328 (4331312127)|STATEMENT_EXECUTE|[8]
13:58:48.328 (4331312647)|STATEMENT_EXECUTE|[9]
13:58:48.328 (4331336177)|STATEMENT_EXECUTE|[11]
13:58:48.328 (4331336827)|STATEMENT_EXECUTE|[12]
13:58:48.328 (4331345817)|STATEMENT_EXECUTE|[14]
13:58:48.328 (4331346427)|STATEMENT_EXECUTE|[15]
13:58:48.328 (4331352197)|STATEMENT_EXECUTE|[16]
13:58:48.328 (4331357417)|STATEMENT_EXECUTE|[28]
13:58:48.328 (4331360047)|STATEMENT_EXECUTE|[29]
13:58:48.328 (4331363997)|STATEMENT_EXECUTE|[33]
13:58:48.328 (4331364627)|STATEMENT_EXECUTE|[34]
13:58:48.328 (4331395068)|METHOD_ENTRY|[34]|01p1O000001xhGM|ComplianceTriggerHandler.afterUpdate(Object)
13:58:48.328 (4331410628)|VARIABLE_SCOPE_BEGIN|[2]|this|ComplianceTriggerHandler|true|false
13:58:48.328 (4331425298)|VARIABLE_ASSIGNMENT|[2]|this|{"newRecordList":"0x278330dc","newRecordMap":"0x41e8e70f","oldRecordList":"0x2f0b9076","oldRecordMap":"0x7204a95a"}|0x347aaf7c
13:58:48.328 (4331430018)|VARIABLE_SCOPE_BEGIN|[2]|params|Object|false|false
13:58:48.328 (4331433298)|VARIABLE_ASSIGNMENT|[2]|params|null
13:58:48.328 (4331442938)|HEAP_ALLOCATE|[3]|Bytes:5
13:58:48.328 (4331444648)|STATEMENT_EXECUTE|[2]
13:58:48.328 (4331445188)|STATEMENT_EXECUTE|[3]
13:58:48.328 (4331453258)|METHOD_ENTRY|[3]|01p1O000001xhGM|ComplianceTriggerHandler.checkUpdate(List<Compliance__c>, List<Compliance__c>)
13:58:48.328 (4331472258)|VARIABLE_SCOPE_BEGIN|[49]|this|ComplianceTriggerHandler|true|false
13:58:48.328 (4331479398)|VARIABLE_ASSIGNMENT|[49]|this|{"newRecordList":"0x278330dc","newRecordMap":"0x41e8e70f","oldRecordList":"0x2f0b9076","oldRecordMap":"0x7204a95a"}|0x347aaf7c
13:58:48.328 (4331481838)|VARIABLE_SCOPE_BEGIN|[49]|newComplianceList|List<Compliance__c>|true|false
13:58:48.328 (4333147398)|VARIABLE_ASSIGNMENT|[49]|newComplianceList|[{"Industry_for_APMs__c":"none","LastModifiedDate":"2026-08-28T13:58:48.000Z","Add_Cashier_fee__c":true,"Managing_Company_Location__c":"Other","Multi_GW_Connectivity__c":500.00,"Primary_Contact_Owner__c":"Ivaylo Nikolov","Fix_Holdback_for_APMs__c":false,"minimum_fee_text__c":"\u20ac 5000","X3D_Transactions_Fee__c":0.03,"Remittance_Cycle_MSA_wording__c":"on a weekly basis wi (19 more) ...","Docusign_send_Date__c":"2026-08-28T00:00:00.000Z","TSM__c":" ","MC_Acquirer_ID__c":"15554","Holdback_for_APMs__c":10.00,"PCI_Status__c":"Unknown","Minimum_Scales__c":0,"Logged_User_Email__c":"nuvei_connect_webhoo (34 more) ...","IsDeleted":false,"Jurisdiction__c":"Europe","Manual_Price_Quote__c":false,"Nuvei_Connect_Status__c":"SUBMITTED","Minimum__c":"Euro 5000 in each ca (13 more) ...","Application_Status__c":"None Atuomated","Monthly_Expected_Chargeback_Ratio__c":0.00,"Mastercard_Automatic_Billing_Updater_ABU__c":0.35,"Non_standard_terms__c":false,"Banking_Details_Form1__c":false,"Has_Camden_GW__c":0,"X3D_Secure_setup__c":250,"Is_Marketplace__c":false,"Account_Manager_ID__c":"0051O00000Cga4LQAR","Hide_Express_AF__c":true,"MSA_Template__c":"a1b1400000BCv8f","Is_Reseller__c":false,"Primary_Contact_Last_Name__c":"Tsekov","Active__c":false,"Risk_Role_UBO__c":0.00,"Conga_Template_Termination_Letter__c":"a1b1400000CXfx1","Primary_Contact_ID__c":"003Pj00001PFt70","Amendment_DCC__c":false,"x3rd_party_monthly__c":500.00,"MSA_Recipient__c":"003Pj00001PFt70IAD","Matching_and_Reconciliation__c":"No","Is_SC_Express__c":false,"dailySettlementConversionView__c":true,"RecordTypeId":"01214000000AWYCAA4","EU_Indirect_Orchestration__c":false,"Invoke_Activation__c":false,"Amendment_Mastercard_ABU__c":false,"EU_Indirect_MSA_Trigger__c":"&Id=a0mPj00000ur6lO& (99 more) ...","Tax_ID_Type__c":"VAT","Nuvei_Partner_ID__c":"b5abf69f-0859-4b57-8 (16 more) ...","Proactive_account_optimization__c":"No","Logged_User_Name__c":"Nuvei Connect Webhoo (17 more) ...","Rebilling_System_Activation__c":"Yes","No_URL__c":false,"Connect_APMs__c":0,"SystemModstamp":"2026-08-28T13:58:48.000Z","Owner_Full_Name__c":"Ivaylo Nikolov","Industry_For_Pricing__c":"ECOMMERCE","Smart_3D_Secure_Fee__c":0.04,"G2S_Agreement__c":false,"Case_SafeID__c":"a0mPj00000ur6lOIAQ","Contract_Term__c":36,"MSA_Termination_Date_Formula__c":"2026-09-28T00:00:00.000Z","Incorporation_number__c":"01-09-409373","Covered_Client__c":"No","GW_Processing_Fee__c":0.15,"Underwriting_Mgr_Name__c":"Underwriting Cyprus","Sales_Rep_email_formula__c":"ivaylo.nikolov@nuvei (4 more) ...","Completed_action_Item_Count__c":0,"Pre_approval_Initiation__c":false,"Remittance_Cycle__c":"Weekly with 1 week d (4 more) ...","Remittance_Currency_Text__c":"Euro, ","Name":"Syntech Solutions Kf (2 more) ...","portal_URL__c":"https://safecharge.m (29 more) ...","Account_Manager__c":"0051O00000Cga4LQAR","Managing_Company_Grouping__c":"Nuvei","CreatedById":"005Pj00000cEmDOIA0","OLAP_Volume__c":0.00,"APM_modified_via_Cpanel__c":false,"Risk_Level__c":"Low","Terms_VP_approval__c":false,"Intro_Email_sent__c":false,"Managing_Company_Label__c":"Nuvei Limited","Amendment_3D_Transactions__c":false,"CurrencyIsoCode":"USD","Holdback_rate_for_APMs_for_PQ_MSA__c":"10%","Checklist_Status__c":"Partial","Nuvei_Connect_Application_ID__c":"NC178792551537","Count_of_SC_MSA_LTD_banks__c":0,"CreatedDate":"2026-08-28T13:58:46.000Z","Jira_Link2__c":"None","Visa_Account_Name_Inquiry_ANI__c":0.25,"Progress_Measurement__c":"Not Started - Oscila (24 more) ...","Alert_Flag_FATCA_Check__c":"_IM1_/img/samples/fl (25 more) ...","Minimum_commitment_calculation__c":"5000","Partial_Approval__c":false,"Registered_Zip_Postal_Code__c":"1203","Portal_User_Active__c":false,"Can_Send_Short_MSA__c":"Yes","Expected_Monthly_Volume__c":0.00,"Expected_Monthly_Volume_Total__c":0.00,"primary_Contact_email__c":"vladimir.tsekov@yaho (5 more) ...","AVS_Scan__c":false,"Track_F_Retry_Count__c":0,"Remittance_Currency_old__c":"EURO","Declined_Pre_Approval_Declined__c":false,"G2S_Migrated__c":false,"Settlement_threshold__c":"5000","Has_SC_Acquirer_bank__c":0,"Manual_MCC_Code__c":"5047","Remittance_Currency__c":"Euro","Premium_Flag__c":false,"Non_STD_services_fees__c":"Rebill setup < 1,000 (43 more) ...","VAT_Number__c":"32153891-2-43","Validating_End_User_pa__c":0.50,"Wire_Fee__c":15.00,"Incorporation_Documents_non_eu__c":false,"Management_Approval__c":false,"Account_Manager_Email__c":"plamen.jordanov@nuve (5 more) ...","eKYB_Check_In_Progress__c":false,"Nuvei_Integration_Fee__c":10000.00,"Price_Quote_Status__c":"Started","Account_ID__c":"001Pj00001DnhbkIAB","Opportunity__c":"006Pj00000zMXv7IAG","Registered_Country__c":"Hungary","Finance_Admin_installed__c":false,"Name_on_Card_activation__c":"No","Underwriting_Mgr_ID__c":"0051O00000ChbPRQAZ","Minimum_monthly_fee_with_Waived__c":"5000","Round_Robin_UW_ID__c":"0055Y00000Gct8G","KYC_Progress__c":0,"Sales_Rep__c":"00530000006NODJAA4","Conga_template_ID_by_industry__c":"a1b1400000BCCVg","Merchant_Status__c":"Start!","Age_Verification_activation__c":"Yes","Is_Processing__c":false,"Rebilling_system_transaction__c":0.00,"MSA_Terminated__c":false,"Service_Level_Standards__c":false,"Pre_approval_AI_Received__c":0,"Conga_open_mode__c":false,"Complete_Websites_in_Application_form__c":0,"Id":"a0mPj00000ur6lOIAQ","Gaming_Forex_license__c":false,"SME_Merchant__c":false,"VP_Approval_Status__c":"Not Needed","Foundation_date__c":"2022-12-01T00:00:00.000Z","Rebilling_system_Setup__c":0,"Amendment_Smart_3D__c":false,"Account_Open_Integration_Case__c":false,"Count_of_LTD_banks__c":0,"Descriptor__c":"Syntech Solutions Kf (2 more) ...","Checklist_Type__c":"Simplified","Stage__c":"In Pre-Approval","Cashier_fee__c":0.03,"Url__c":"http://cosmedicalsup (7 more) ...","Pre_approval_AI__c":0,"MCC_Code__c":"5047","OwnerId":"00530000006NODJAA4","Unique_Number__c":"000047348","Integration_Status__c":"Not Started","Registered_Country_Id2__c":"348","Account_owner__c":"Ivaylo Nikolov","Fees_Currency__c":"EUR","Minimum_monthly_fee_Value_1__c":5000,"Price_Quote_Type__c":"Standard","Tokenization_activation__c":"Yes","Track_G_Retry_Count__c":0,"Validating_End_User_Setup__c":1000.00,"x3rd_party_per_int__c":10000.00,"KYC_Checks__c":0,"Submit__c":false,"Tokenization_recurring__c":0,"Government_Owned_Merchant__c":"- NO -","eKYB_Check_Result__c":"Pending","Descriptor_Type__c":"Static","Is_managing_company_Latam__c":false,"dailySettlementConversionRateView__c":false,"Contact_name__c":"Vladimir Tsvetanov T (5 more) ...","DCC__c":0,"Registered_State__c":"Sofia","C_Panel_GO__c":2000,"Owner_Email__c":"ivaylo.nikolov@nuvei (4 more) ...","Customer_Due_Diligence_New__c":"Simplified","VIP__c":"No","G2_Group_ID__c":"19412","Address_Verification_activation__c":"Yes","Registered_Country_Code2__c":"HUN","Company_Type__c":"Limited","Action_Item_Count__c":0,"Bank_Count__c":0,"Minimum_Fee_SC_ACQIURER_MSA_section__c":"Euro 5000 in each ca (12 more) ...","Negative_WC1__c":0,"Update_Sales_AM_OM__c":false,"Managing_Company__c":"Safecharge Limited","Underwriting_Mgr__c":"0051O00000ChbPRQAZ","Incorporation_documents_or_Sole_trade__c":"None","Trading_Name__c":"Syntech Solutions","Manual_Application_Form__c":false,"Gross_Settlement__c":false,"APM_Pricing_Tier__c":"Tier 3","Run_all_eKYB_checks__c":false,"PCI_approved__c":false,"X3D_Secure_activation__c":"Yes","Nuvei_Connect_Last_Webhook__c":"2026-08-28T13:58:48.000Z","Account__c":"001Pj00001DnhbkIAB","Merchant_Tier__c":5,"term_one_time_payment__c":5000.00,"From_Reseller__c":"a0mPj00000u8rTVIAY","Tri_party_MSA__c":false,"Fire_Conga_MSA__c":false,"Terminal_Request__c":false,"Round_Robin_Assignment_Formula__c":1,"AMLCO_Compliance_approval__c":false,"Onboarding_Progress_Measurement__c":0.00,"SC_Acquirer_MSA__c":0,"X1_Month_Past_OLAP_Volume__c":0.00,"Registered_City__c":"Budapest","Negative_Address_Verification_checks__c":0,"Minimum_Fee_ES__c":"EUR 5000 en cada mes (9 more) ...","FI_Approval__c":false,"No_APMs__c":false,"Pre_Approved__c":false,"Primary_Contact__c":"003Pj00001PFt70IAD","Previous_Month_OLAP_Volume__c":0.00,"Registered_Street__c":"Kinizsi utca 20. Fsz (8 more) ...","Compliance_Status__c":"Oscilar Submitted","Country_Code__c":"HU","DocuSign_Recipient__c":"003Pj00001PFt70IAD","Integration_Progress__c":"Start","Is_SC_PoS__c":false,"Primary_Contact_first_Name__c":"Vladimir Tsvetanov","Is_High_Risk_Industry__c":"No","Sales_Rep_ID__c":"00530000006NODJAA4","City_field__c":"+18553106344","LastModifiedById":"005Pj00000cEmDOIA0"}]|0x278330dc
13:58:48.328 (4333184078)|VARIABLE_SCOPE_BEGIN|[49]|oldComplianceList|List<Compliance__c>|true|false
13:58:48.328 (4338036796)|VARIABLE_ASSIGNMENT|[49]|oldComplianceList|[{"Industry_for_APMs__c":"none","LastModifiedDate":"2026-08-28T13:58:48.000Z","Add_Cashier_fee__c":true,"Managing_Company_Location__c":"Other","Multi_GW_Connectivity__c":500.00,"Primary_Contact_Owner__c":"Ivaylo Nikolov","Fix_Holdback_for_APMs__c":false,"minimum_fee_text__c":"\u20ac 5000","X3D_Transactions_Fee__c":0.03,"Remittance_Cycle_MSA_wording__c":"on a weekly basis wi (19 more) ...","Docusign_send_Date__c":"2026-08-28T00:00:00.000Z","TSM__c":" ","MC_Acquirer_ID__c":"15554","Holdback_for_APMs__c":10.00,"PCI_Status__c":"Unknown","Minimum_Scales__c":0,"Logged_User_Email__c":"nuvei_connect_webhoo (34 more) ...","IsDeleted":false,"Jurisdiction__c":"Europe","Manual_Price_Quote__c":false,"Nuvei_Connect_Status__c":"SUBMITTED","Minimum__c":"Euro 5000 in each ca (13 more) ...","Application_Status__c":"None Atuomated","Monthly_Expected_Chargeback_Ratio__c":0.00,"Mastercard_Automatic_Billing_Updater_ABU__c":0.35,"Non_standard_terms__c":false,"Banking_Details_Form1__c":false,"Has_Camden_GW__c":0,"X3D_Secure_setup__c":250,"Is_Marketplace__c":false,"Account_Manager_ID__c":"0051O00000Cga4LQAR","Hide_Express_AF__c":true,"MSA_Template__c":"a1b1400000BCv8f","Is_Reseller__c":false,"Primary_Contact_Last_Name__c":"Tsekov","Active__c":false,"Risk_Role_UBO__c":0.00,"Conga_Template_Termination_Letter__c":"a1b1400000CXfx1","Primary_Contact_ID__c":"003Pj00001PFt70","Amendment_DCC__c":false,"x3rd_party_monthly__c":500.00,"MSA_Recipient__c":"003Pj00001PFt70IAD","Matching_and_Reconciliation__c":"No","Is_SC_Express__c":false,"dailySettlementConversionView__c":true,"RecordTypeId":"01214000000AWYCAA4","EU_Indirect_Orchestration__c":false,"Invoke_Activation__c":false,"Amendment_Mastercard_ABU__c":false,"EU_Indirect_MSA_Trigger__c":"&Id=a0mPj00000ur6lO& (99 more) ...","Tax_ID_Type__c":"VAT","Nuvei_Partner_ID__c":"b5abf69f-0859-4b57-8 (16 more) ...","Proactive_account_optimization__c":"No","Logged_User_Name__c":"Nuvei Connect Webhoo (17 more) ...","Rebilling_System_Activation__c":"Yes","No_URL__c":false,"Connect_APMs__c":0,"SystemModstamp":"2026-08-28T13:58:48.000Z","Owner_Full_Name__c":"Ivaylo Nikolov","Industry_For_Pricing__c":"ECOMMERCE","Smart_3D_Secure_Fee__c":0.04,"G2S_Agreement__c":false,"Case_SafeID__c":"a0mPj00000ur6lOIAQ","Contract_Term__c":36,"MSA_Termination_Date_Formula__c":"2026-09-28T00:00:00.000Z","Incorporation_number__c":"01-09-409373","Covered_Client__c":"No","GW_Processing_Fee__c":0.15,"Underwriting_Mgr_Name__c":"Underwriting Cyprus","Sales_Rep_email_formula__c":"ivaylo.nikolov@nuvei (4 more) ...","Completed_action_Item_Count__c":0,"Pre_approval_Initiation__c":false,"Remittance_Cycle__c":"Weekly with 1 week d (4 more) ...","Remittance_Currency_Text__c":"Euro, ","Name":"Syntech Solutions Kf (2 more) ...","portal_URL__c":"https://safecharge.m (29 more) ...","Account_Manager__c":"0051O00000Cga4LQAR","Managing_Company_Grouping__c":"Nuvei","CreatedById":"005Pj00000cEmDOIA0","OLAP_Volume__c":0.00,"APM_modified_via_Cpanel__c":false,"Risk_Level__c":"Low","Terms_VP_approval__c":false,"Intro_Email_sent__c":false,"Managing_Company_Label__c":"Nuvei Limited","Amendment_3D_Transactions__c":false,"CurrencyIsoCode":"USD","Holdback_rate_for_APMs_for_PQ_MSA__c":"10%","Checklist_Status__c":"Partial","Nuvei_Connect_Application_ID__c":"NC178792551537","Count_of_SC_MSA_LTD_banks__c":0,"CreatedDate":"2026-08-28T13:58:46.000Z","Jira_Link2__c":"None","Visa_Account_Name_Inquiry_ANI__c":0.25,"Progress_Measurement__c":"Not Started - Oscila (24 more) ...","Alert_Flag_FATCA_Check__c":"_IM1_/img/samples/fl (25 more) ...","Minimum_commitment_calculation__c":"5000","Partial_Approval__c":false,"Registered_Zip_Postal_Code__c":"1203","Portal_User_Active__c":false,"Can_Send_Short_MSA__c":"Yes","Expected_Monthly_Volume__c":0.00,"Expected_Monthly_Volume_Total__c":0.00,"primary_Contact_email__c":"vladimir.tsekov@yaho (5 more) ...","AVS_Scan__c":false,"Track_F_Retry_Count__c":0,"Remittance_Currency_old__c":"EURO","Declined_Pre_Approval_Declined__c":false,"G2S_Migrated__c":false,"Settlement_threshold__c":"5000","Has_SC_Acquirer_bank__c":0,"Manual_MCC_Code__c":"5047","Remittance_Currency__c":"Euro","Premium_Flag__c":false,"Non_STD_services_fees__c":"Rebill setup < 1,000 (43 more) ...","VAT_Number__c":"32153891-2-43","Validating_End_User_pa__c":0.50,"Wire_Fee__c":15.00,"Incorporation_Documents_non_eu__c":false,"Management_Approval__c":false,"Account_Manager_Email__c":"plamen.jordanov@nuve (5 more) ...","eKYB_Check_In_Progress__c":false,"Nuvei_Integration_Fee__c":10000.00,"Price_Quote_Status__c":"Started","Account_ID__c":"001Pj00001DnhbkIAB","Opportunity__c":"006Pj00000zMXv7IAG","Registered_Country__c":"Hungary","Finance_Admin_installed__c":false,"Name_on_Card_activation__c":"No","Underwriting_Mgr_ID__c":"0051O00000ChbPRQAZ","Minimum_monthly_fee_with_Waived__c":"5000","Round_Robin_UW_ID__c":"0055Y00000Gct8G","KYC_Progress__c":0,"Sales_Rep__c":"00530000006NODJAA4","Conga_template_ID_by_industry__c":"a1b1400000BCCVg","Merchant_Status__c":"Start!","Age_Verification_activation__c":"Yes","Is_Processing__c":false,"Rebilling_system_transaction__c":0.00,"MSA_Terminated__c":false,"Service_Level_Standards__c":false,"Pre_approval_AI_Received__c":0,"Conga_open_mode__c":false,"Complete_Websites_in_Application_form__c":0,"Id":"a0mPj00000ur6lOIAQ","Gaming_Forex_license__c":false,"SME_Merchant__c":false,"VP_Approval_Status__c":"Not Needed","Foundation_date__c":"2022-12-01T00:00:00.000Z","Rebilling_system_Setup__c":0,"Amendment_Smart_3D__c":false,"Account_Open_Integration_Case__c":false,"Count_of_LTD_banks__c":0,"Descriptor__c":"Syntech Solutions Kf (2 more) ...","Checklist_Type__c":"Simplified","Stage__c":"In Pre-Approval","Cashier_fee__c":0.03,"Url__c":"http://cosmedicalsup (7 more) ...","Pre_approval_AI__c":0,"MCC_Code__c":"5047","OwnerId":"00530000006NODJAA4","Unique_Number__c":"000047348","Integration_Status__c":"Not Started","Registered_Country_Id2__c":"348","Account_owner__c":"Ivaylo Nikolov","Fees_Currency__c":"EUR","Minimum_monthly_fee_Value_1__c":5000,"Price_Quote_Type__c":"Standard","Tokenization_activation__c":"Yes","Track_G_Retry_Count__c":0,"Validating_End_User_Setup__c":1000.00,"x3rd_party_per_int__c":10000.00,"KYC_Checks__c":0,"Submit__c":false,"Tokenization_recurring__c":0,"Government_Owned_Merchant__c":"- NO -","eKYB_Check_Result__c":"Pending","Descriptor_Type__c":"Static","Is_managing_company_Latam__c":false,"dailySettlementConversionRateView__c":false,"Contact_name__c":"Vladimir Tsvetanov T (5 more) ...","DCC__c":0,"Registered_State__c":"Sofia","C_Panel_GO__c":2000,"Owner_Email__c":"ivaylo.nikolov@nuvei (4 more) ...","Customer_Due_Diligence_New__c":"Simplified","VIP__c":"No","G2_Group_ID__c":"19412","Address_Verification_activation__c":"Yes","Registered_Country_Code2__c":"HUN","Company_Type__c":"Limited","Action_Item_Count__c":0,"Bank_Count__c":0,"Minimum_Fee_SC_ACQIURER_MSA_section__c":"Euro 5000 in each ca (12 more) ...","Negative_WC1__c":0,"Update_Sales_AM_OM__c":false,"Managing_Company__c":"Safecharge Limited","Underwriting_Mgr__c":"0051O00000ChbPRQAZ","Incorporation_documents_or_Sole_trade__c":"None","Trading_Name__c":"Syntech Solutions","Manual_Application_Form__c":false,"Gross_Settlement__c":false,"APM_Pricing_Tier__c":"Tier 3","Run_all_eKYB_checks__c":false,"PCI_approved__c":false,"X3D_Secure_activation__c":"Yes","Nuvei_Connect_Last_Webhook__c":"2026-08-28T13:58:47.000Z","Account__c":"001Pj00001DnhbkIAB","Merchant_Tier__c":5,"term_one_time_payment__c":5000.00,"From_Reseller__c":"a0mPj00000u8rTVIAY","Tri_party_MSA__c":false,"Fire_Conga_MSA__c":false,"Terminal_Request__c":false,"Round_Robin_Assignment_Formula__c":1,"AMLCO_Compliance_approval__c":false,"Onboarding_Progress_Measurement__c":0.00,"SC_Acquirer_MSA__c":0,"X1_Month_Past_OLAP_Volume__c":0.00,"Registered_City__c":"Budapest","Negative_Address_Verification_checks__c":0,"Minimum_Fee_ES__c":"EUR 5000 en cada mes (9 more) ...","FI_Approval__c":false,"No_APMs__c":false,"Pre_Approved__c":false,"Primary_Contact__c":"003Pj00001PFt70IAD","Previous_Month_OLAP_Volume__c":0.00,"Registered_Street__c":"Kinizsi utca 20. Fsz (8 more) ...","Compliance_Status__c":"Oscilar Submitted","Country_Code__c":"HU","DocuSign_Recipient__c":"003Pj00001PFt70IAD","Integration_Progress__c":"Start","Is_SC_PoS__c":false,"Primary_Contact_first_Name__c":"Vladimir Tsvetanov","Is_High_Risk_Industry__c":"No","Sales_Rep_ID__c":"00530000006NODJAA4","City_field__c":"+18553106344","LastModifiedById":"005Pj00000cEmDOIA0"}]|0x2f0b9076
13:58:48.328 (4338079787)|HEAP_ALLOCATE|[50]|Bytes:5
13:58:48.328 (4338084297)|STATEMENT_EXECUTE|[49]
13:58:48.328 (4338085617)|STATEMENT_EXECUTE|[50]
13:58:48.328 (4338098997)|HEAP_ALLOCATE|[50]|Bytes:4
13:58:48.328 (4338133397)|VARIABLE_SCOPE_BEGIN|[50]|result|Set<Id>|true|false
13:58:48.328 (4338156957)|VARIABLE_ASSIGNMENT|[50]|result|[]|0x1ecb1613
13:58:48.328 (4338160617)|STATEMENT_EXECUTE|[51]
13:58:48.328 (4338161717)|VARIABLE_SCOPE_BEGIN|[51]|i|Integer|false|false
13:58:48.328 (4338165197)|HEAP_ALLOCATE|[51]|Bytes:4
13:58:48.328 (4338171867)|VARIABLE_ASSIGNMENT|[51]|i|0
13:58:48.328 (4338191597)|STATEMENT_EXECUTE|[51]
13:58:48.328 (4338192147)|STATEMENT_EXECUTE|[52]
13:58:48.328 (4338203587)|VARIABLE_SCOPE_BEGIN|[52]|newRecord|Compliance__c|true|false
13:58:48.328 (4339104743)|VARIABLE_ASSIGNMENT|[52]|newRecord|{"Industry_for_APMs__c":"none","LastModifiedDate":"2026-08-28T13:58:48.000Z","Add_Cashier_fee__c":true,"Managing_Company_Location__c":"Other","Multi_GW_Connectivity__c":500.00,"Primary_Contact_Owner__c":"Ivaylo Nikolov","Fix_Holdback_for_APMs__c":false,"minimum_fee_text__c":"\u20ac 5000","X3D_Transactions_Fee__c":0.03,"Remittance_Cycle_MSA_wording__c":"on a weekly basis wi (19 more) ...","Docusign_send_Date__c":"2026-08-28T00:00:00.000Z","TSM__c":" ","MC_Acquirer_ID__c":"15554","Holdback_for_APMs__c":10.00,"PCI_Status__c":"Unknown","Minimum_Scales__c":0,"Logged_User_Email__c":"nuvei_connect_webhoo (34 more) ...","IsDeleted":false,"Jurisdiction__c":"Europe","Manual_Price_Quote__c":false,"Nuvei_Connect_Status__c":"SUBMITTED","Minimum__c":"Euro 5000 in each ca (13 more) ...","Application_Status__c":"None Atuomated","Monthly_Expected_Chargeback_Ratio__c":0.00,"Mastercard_Automatic_Billing_Updater_ABU__c":0.35,"Non_standard_terms__c":false,"Banking_Details_Form1__c":false,"Has_Camden_GW__c":0,"X3D_Secure_setup__c":250,"Is_Marketplace__c":false,"Account_Manager_ID__c":"0051O00000Cga4LQAR","Hide_Express_AF__c":true,"MSA_Template__c":"a1b1400000BCv8f","Is_Reseller__c":false,"Primary_Contact_Last_Name__c":"Tsekov","Active__c":false,"Risk_Role_UBO__c":0.00,"Conga_Template_Termination_Letter__c":"a1b1400000CXfx1","Primary_Contact_ID__c":"003Pj00001PFt70","Amendment_DCC__c":false,"x3rd_party_monthly__c":500.00,"MSA_Recipient__c":"003Pj00001PFt70IAD","Matching_and_Reconciliation__c":"No","Is_SC_Express__c":false,"dailySettlementConversionView__c":true,"RecordTypeId":"01214000000AWYCAA4","EU_Indirect_Orchestration__c":false,"Invoke_Activation__c":false,"Amendment_Mastercard_ABU__c":false,"EU_Indirect_MSA_Trigger__c":"&Id=a0mPj00000ur6lO& (99 more) ...","Tax_ID_Type__c":"VAT","Nuvei_Partner_ID__c":"b5abf69f-0859-4b57-8 (16 more) ...","Proactive_account_optimization__c":"No","Logged_User_Name__c":"Nuvei Connect Webhoo (17 more) ...","Rebilling_System_Activation__c":"Yes","No_URL__c":false,"Connect_APMs__c":0,"SystemModstamp":"2026-08-28T13:58:48.000Z","Owner_Full_Name__c":"Ivaylo Nikolov","Industry_For_Pricing__c":"ECOMMERCE","Smart_3D_Secure_Fee__c":0.04,"G2S_Agreement__c":false,"Case_SafeID__c":"a0mPj00000ur6lOIAQ","Contract_Term__c":36,"MSA_Termination_Date_Formula__c":"2026-09-28T00:00:00.000Z","Incorporation_number__c":"01-09-409373","Covered_Client__c":"No","GW_Processing_Fee__c":0.15,"Underwriting_Mgr_Name__c":"Underwriting Cyprus","Sales_Rep_email_formula__c":"ivaylo.nikolov@nuvei (4 more) ...","Completed_action_Item_Count__c":0,"Pre_approval_Initiation__c":false,"Remittance_Cycle__c":"Weekly with 1 week d (4 more) ...","Remittance_Currency_Text__c":"Euro, ","Name":"Syntech Solutions Kf (2 more) ...","portal_URL__c":"https://safecharge.m (29 more) ...","Account_Manager__c":"0051O00000Cga4LQAR","Managing_Company_Grouping__c":"Nuvei","CreatedById":"005Pj00000cEmDOIA0","OLAP_Volume__c":0.00,"APM_modified_via_Cpanel__c":false,"Risk_Level__c":"Low","Terms_VP_approval__c":false,"Intro_Email_sent__c":false,"Managing_Company_Label__c":"Nuvei Limited","Amendment_3D_Transactions__c":false,"CurrencyIsoCode":"USD","Holdback_rate_for_APMs_for_PQ_MSA__c":"10%","Checklist_Status__c":"Partial","Nuvei_Connect_Application_ID__c":"NC178792551537","Count_of_SC_MSA_LTD_banks__c":0,"CreatedDate":"2026-08-28T13:58:46.000Z","Jira_Link2__c":"None","Visa_Account_Name_Inquiry_ANI__c":0.25,"Progress_Measurement__c":"Not Started - Oscila (24 more) ...","Alert_Flag_FATCA_Check__c":"_IM1_/img/samples/fl (25 more) ...","Minimum_commitment_calculation__c":"5000","Partial_Approval__c":false,"Registered_Zip_Postal_Code__c":"1203","Portal_User_Active__c":false,"Can_Send_Short_MSA__c":"Yes","Expected_Monthly_Volume__c":0.00,"Expected_Monthly_Volume_Total__c":0.00,"primary_Contact_email__c":"vladimir.tsekov@yaho (5 more) ...","AVS_Scan__c":false,"Track_F_Retry_Count__c":0,"Remittance_Currency_old__c":"EURO","Declined_Pre_Approval_Declined__c":false,"G2S_Migrated__c":false,"Settlement_threshold__c":"5000","Has_SC_Acquirer_bank__c":0,"Manual_MCC_Code__c":"5047","Remittance_Currency__c":"Euro","Premium_Flag__c":false,"Non_STD_services_fees__c":"Rebill setup < 1,000 (43 more) ...","VAT_Number__c":"32153891-2-43","Validating_End_User_pa__c":0.50,"Wire_Fee__c":15.00,"Incorporation_Documents_non_eu__c":false,"Management_Approval__c":false,"Account_Manager_Email__c":"plamen.jordanov@nuve (5 more) ...","eKYB_Check_In_Progress__c":false,"Nuvei_Integration_Fee__c":10000.00,"Price_Quote_Status__c":"Started","Account_ID__c":"001Pj00001DnhbkIAB","Opportunity__c":"006Pj00000zMXv7IAG","Registered_Country__c":"Hungary","Finance_Admin_installed__c":false,"Name_on_Card_activation__c":"No","Underwriting_Mgr_ID__c":"0051O00000ChbPRQAZ","Minimum_monthly_fee_with_Waived__c":"5000","Round_Robin_UW_ID__c":"0055Y00000Gct8G","KYC_Progress__c":0,"Sales_Rep__c":"00530000006NODJAA4","Conga_template_ID_by_industry__c":"a1b1400000BCCVg","Merchant_Status__c":"Start!","Age_Verification_activation__c":"Yes","Is_Processing__c":false,"Rebilling_system_transaction__c":0.00,"MSA_Terminated__c":false,"Service_Level_Standards__c":false,"Pre_approval_AI_Received__c":0,"Conga_open_mode__c":false,"Complete_Websites_in_Application_form__c":0,"Id":"a0mPj00000ur6lOIAQ","Gaming_Forex_license__c":false,"SME_Merchant__c":false,"VP_Approval_Status__c":"Not Needed","Foundation_date__c":"2022-12-01T00:00:00.000Z","Rebilling_system_Setup__c":0,"Amendment_Smart_3D__c":false,"Account_Open_Integration_Case__c":false,"Count_of_LTD_banks__c":0,"Descriptor__c":"Syntech Solutions Kf (2 more) ...","Checklist_Type__c":"Simplified","Stage__c":"In Pre-Approval","Cashier_fee__c":0.03,"Url__c":"http://cosmedicalsup (7 more) ...","Pre_approval_AI__c":0,"MCC_Code__c":"5047","OwnerId":"00530000006NODJAA4","Unique_Number__c":"000047348","Integration_Status__c":"Not Started","Registered_Country_Id2__c":"348","Account_owner__c":"Ivaylo Nikolov","Fees_Currency__c":"EUR","Minimum_monthly_fee_Value_1__c":5000,"Price_Quote_Type__c":"Standard","Tokenization_activation__c":"Yes","Track_G_Retry_Count__c":0,"Validating_End_User_Setup__c":1000.00,"x3rd_party_per_int__c":10000.00,"KYC_Checks__c":0,"Submit__c":false,"Tokenization_recurring__c":0,"Government_Owned_Merchant__c":"- NO -","eKYB_Check_Result__c":"Pending","Descriptor_Type__c":"Static","Is_managing_company_Latam__c":false,"dailySettlementConversionRateView__c":false,"Contact_name__c":"Vladimir Tsvetanov T (5 more) ...","DCC__c":0,"Registered_State__c":"Sofia","C_Panel_GO__c":2000,"Owner_Email__c":"ivaylo.nikolov@nuvei (4 more) ...","Customer_Due_Diligence_New__c":"Simplified","VIP__c":"No","G2_Group_ID__c":"19412","Address_Verification_activation__c":"Yes","Registered_Country_Code2__c":"HUN","Company_Type__c":"Limited","Action_Item_Count__c":0,"Bank_Count__c":0,"Minimum_Fee_SC_ACQIURER_MSA_section__c":"Euro 5000 in each ca (12 more) ...","Negative_WC1__c":0,"Update_Sales_AM_OM__c":false,"Managing_Company__c":"Safecharge Limited","Underwriting_Mgr__c":"0051O00000ChbPRQAZ","Incorporation_documents_or_Sole_trade__c":"None","Trading_Name__c":"Syntech Solutions","Manual_Application_Form__c":false,"Gross_Settlement__c":false,"APM_Pricing_Tier__c":"Tier 3","Run_all_eKYB_checks__c":false,"PCI_approved__c":false,"X3D_Secure_activation__c":"Yes","Nuvei_Connect_Last_Webhook__c":"2026-08-28T13:58:48.000Z","Account__c":"001Pj00001DnhbkIAB","Merchant_Tier__c":5,"term_one_time_payment__c":5000.00,"From_Reseller__c":"a0mPj00000u8rTVIAY","Tri_party_MSA__c":false,"Fire_Conga_MSA__c":false,"Terminal_Request__c":false,"Round_Robin_Assignment_Formula__c":1,"AMLCO_Compliance_approval__c":false,"Onboarding_Progress_Measurement__c":0.00,"SC_Acquirer_MSA__c":0,"X1_Month_Past_OLAP_Volume__c":0.00,"Registered_City__c":"Budapest","Negative_Address_Verification_checks__c":0,"Minimum_Fee_ES__c":"EUR 5000 en cada mes (9 more) ...","FI_Approval__c":false,"No_APMs__c":false,"Pre_Approved__c":false,"Primary_Contact__c":"003Pj00001PFt70IAD","Previous_Month_OLAP_Volume__c":0.00,"Registered_Street__c":"Kinizsi utca 20. Fsz (8 more) ...","Compliance_Status__c":"Oscilar Submitted","Country_Code__c":"HU","DocuSign_Recipient__c":"003Pj00001PFt70IAD","Integration_Progress__c":"Start","Is_SC_PoS__c":false,"Primary_Contact_first_Name__c":"Vladimir Tsvetanov","Is_High_Risk_Industry__c":"No","Sales_Rep_ID__c":"00530000006NODJAA4","City_field__c":"+18553106344","LastModifiedById":"005Pj00000cEmDOIA0"}|0x37ecaa36
13:58:48.328 (4339144373)|STATEMENT_EXECUTE|[53]
13:58:48.328 (4339150443)|VARIABLE_SCOPE_BEGIN|[53]|oldRecord|Compliance__c|true|false
13:58:48.328 (4339973068)|VARIABLE_ASSIGNMENT|[53]|oldRecord|{"Industry_for_APMs__c":"none","LastModifiedDate":"2026-08-28T13:58:48.000Z","Add_Cashier_fee__c":true,"Managing_Company_Location__c":"Other","Multi_GW_Connectivity__c":500.00,"Primary_Contact_Owner__c":"Ivaylo Nikolov","Fix_Holdback_for_APMs__c":false,"minimum_fee_text__c":"\u20ac 5000","X3D_Transactions_Fee__c":0.03,"Remittance_Cycle_MSA_wording__c":"on a weekly basis wi (19 more) ...","Docusign_send_Date__c":"2026-08-28T00:00:00.000Z","TSM__c":" ","MC_Acquirer_ID__c":"15554","Holdback_for_APMs__c":10.00,"PCI_Status__c":"Unknown","Minimum_Scales__c":0,"Logged_User_Email__c":"nuvei_connect_webhoo (34 more) ...","IsDeleted":false,"Jurisdiction__c":"Europe","Manual_Price_Quote__c":false,"Nuvei_Connect_Status__c":"SUBMITTED","Minimum__c":"Euro 5000 in each ca (13 more) ...","Application_Status__c":"None Atuomated","Monthly_Expected_Chargeback_Ratio__c":0.00,"Mastercard_Automatic_Billing_Updater_ABU__c":0.35,"Non_standard_terms__c":false,"Banking_Details_Form1__c":false,"Has_Camden_GW__c":0,"X3D_Secure_setup__c":250,"Is_Marketplace__c":false,"Account_Manager_ID__c":"0051O00000Cga4LQAR","Hide_Express_AF__c":true,"MSA_Template__c":"a1b1400000BCv8f","Is_Reseller__c":false,"Primary_Contact_Last_Name__c":"Tsekov","Active__c":false,"Risk_Role_UBO__c":0.00,"Conga_Template_Termination_Letter__c":"a1b1400000CXfx1","Primary_Contact_ID__c":"003Pj00001PFt70","Amendment_DCC__c":false,"x3rd_party_monthly__c":500.00,"MSA_Recipient__c":"003Pj00001PFt70IAD","Matching_and_Reconciliation__c":"No","Is_SC_Express__c":false,"dailySettlementConversionView__c":true,"RecordTypeId":"01214000000AWYCAA4","EU_Indirect_Orchestration__c":false,"Invoke_Activation__c":false,"Amendment_Mastercard_ABU__c":false,"EU_Indirect_MSA_Trigger__c":"&Id=a0mPj00000ur6lO& (99 more) ...","Tax_ID_Type__c":"VAT","Nuvei_Partner_ID__c":"b5abf69f-0859-4b57-8 (16 more) ...","Proactive_account_optimization__c":"No","Logged_User_Name__c":"Nuvei Connect Webhoo (17 more) ...","Rebilling_System_Activation__c":"Yes","No_URL__c":false,"Connect_APMs__c":0,"SystemModstamp":"2026-08-28T13:58:48.000Z","Owner_Full_Name__c":"Ivaylo Nikolov","Industry_For_Pricing__c":"ECOMMERCE","Smart_3D_Secure_Fee__c":0.04,"G2S_Agreement__c":false,"Case_SafeID__c":"a0mPj00000ur6lOIAQ","Contract_Term__c":36,"MSA_Termination_Date_Formula__c":"2026-09-28T00:00:00.000Z","Incorporation_number__c":"01-09-409373","Covered_Client__c":"No","GW_Processing_Fee__c":0.15,"Underwriting_Mgr_Name__c":"Underwriting Cyprus","Sales_Rep_email_formula__c":"ivaylo.nikolov@nuvei (4 more) ...","Completed_action_Item_Count__c":0,"Pre_approval_Initiation__c":false,"Remittance_Cycle__c":"Weekly with 1 week d (4 more) ...","Remittance_Currency_Text__c":"Euro, ","Name":"Syntech Solutions Kf (2 more) ...","portal_URL__c":"https://safecharge.m (29 more) ...","Account_Manager__c":"0051O00000Cga4LQAR","Managing_Company_Grouping__c":"Nuvei","CreatedById":"005Pj00000cEmDOIA0","OLAP_Volume__c":0.00,"APM_modified_via_Cpanel__c":false,"Risk_Level__c":"Low","Terms_VP_approval__c":false,"Intro_Email_sent__c":false,"Managing_Company_Label__c":"Nuvei Limited","Amendment_3D_Transactions__c":false,"CurrencyIsoCode":"USD","Holdback_rate_for_APMs_for_PQ_MSA__c":"10%","Checklist_Status__c":"Partial","Nuvei_Connect_Application_ID__c":"NC178792551537","Count_of_SC_MSA_LTD_banks__c":0,"CreatedDate":"2026-08-28T13:58:46.000Z","Jira_Link2__c":"None","Visa_Account_Name_Inquiry_ANI__c":0.25,"Progress_Measurement__c":"Not Started - Oscila (24 more) ...","Alert_Flag_FATCA_Check__c":"_IM1_/img/samples/fl (25 more) ...","Minimum_commitment_calculation__c":"5000","Partial_Approval__c":false,"Registered_Zip_Postal_Code__c":"1203","Portal_User_Active__c":false,"Can_Send_Short_MSA__c":"Yes","Expected_Monthly_Volume__c":0.00,"Expected_Monthly_Volume_Total__c":0.00,"primary_Contact_email__c":"vladimir.tsekov@yaho (5 more) ...","AVS_Scan__c":false,"Track_F_Retry_Count__c":0,"Remittance_Currency_old__c":"EURO","Declined_Pre_Approval_Declined__c":false,"G2S_Migrated__c":false,"Settlement_threshold__c":"5000","Has_SC_Acquirer_bank__c":0,"Manual_MCC_Code__c":"5047","Remittance_Currency__c":"Euro","Premium_Flag__c":false,"Non_STD_services_fees__c":"Rebill setup < 1,000 (43 more) ...","VAT_Number__c":"32153891-2-43","Validating_End_User_pa__c":0.50,"Wire_Fee__c":15.00,"Incorporation_Documents_non_eu__c":false,"Management_Approval__c":false,"Account_Manager_Email__c":"plamen.jordanov@nuve (5 more) ...","eKYB_Check_In_Progress__c":false,"Nuvei_Integration_Fee__c":10000.00,"Price_Quote_Status__c":"Started","Account_ID__c":"001Pj00001DnhbkIAB","Opportunity__c":"006Pj00000zMXv7IAG","Registered_Country__c":"Hungary","Finance_Admin_installed__c":false,"Name_on_Card_activation__c":"No","Underwriting_Mgr_ID__c":"0051O00000ChbPRQAZ","Minimum_monthly_fee_with_Waived__c":"5000","Round_Robin_UW_ID__c":"0055Y00000Gct8G","KYC_Progress__c":0,"Sales_Rep__c":"00530000006NODJAA4","Conga_template_ID_by_industry__c":"a1b1400000BCCVg","Merchant_Status__c":"Start!","Age_Verification_activation__c":"Yes","Is_Processing__c":false,"Rebilling_system_transaction__c":0.00,"MSA_Terminated__c":false,"Service_Level_Standards__c":false,"Pre_approval_AI_Received__c":0,"Conga_open_mode__c":false,"Complete_Websites_in_Application_form__c":0,"Id":"a0mPj00000ur6lOIAQ","Gaming_Forex_license__c":false,"SME_Merchant__c":false,"VP_Approval_Status__c":"Not Needed","Foundation_date__c":"2022-12-01T00:00:00.000Z","Rebilling_system_Setup__c":0,"Amendment_Smart_3D__c":false,"Account_Open_Integration_Case__c":false,"Count_of_LTD_banks__c":0,"Descriptor__c":"Syntech Solutions Kf (2 more) ...","Checklist_Type__c":"Simplified","Stage__c":"In Pre-Approval","Cashier_fee__c":0.03,"Url__c":"http://cosmedicalsup (7 more) ...","Pre_approval_AI__c":0,"MCC_Code__c":"5047","OwnerId":"00530000006NODJAA4","Unique_Number__c":"000047348","Integration_Status__c":"Not Started","Registered_Country_Id2__c":"348","Account_owner__c":"Ivaylo Nikolov","Fees_Currency__c":"EUR","Minimum_monthly_fee_Value_1__c":5000,"Price_Quote_Type__c":"Standard","Tokenization_activation__c":"Yes","Track_G_Retry_Count__c":0,"Validating_End_User_Setup__c":1000.00,"x3rd_party_per_int__c":10000.00,"KYC_Checks__c":0,"Submit__c":false,"Tokenization_recurring__c":0,"Government_Owned_Merchant__c":"- NO -","eKYB_Check_Result__c":"Pending","Descriptor_Type__c":"Static","Is_managing_company_Latam__c":false,"dailySettlementConversionRateView__c":false,"Contact_name__c":"Vladimir Tsvetanov T (5 more) ...","DCC__c":0,"Registered_State__c":"Sofia","C_Panel_GO__c":2000,"Owner_Email__c":"ivaylo.nikolov@nuvei (4 more) ...","Customer_Due_Diligence_New__c":"Simplified","VIP__c":"No","G2_Group_ID__c":"19412","Address_Verification_activation__c":"Yes","Registered_Country_Code2__c":"HUN","Company_Type__c":"Limited","Action_Item_Count__c":0,"Bank_Count__c":0,"Minimum_Fee_SC_ACQIURER_MSA_section__c":"Euro 5000 in each ca (12 more) ...","Negative_WC1__c":0,"Update_Sales_AM_OM__c":false,"Managing_Company__c":"Safecharge Limited","Underwriting_Mgr__c":"0051O00000ChbPRQAZ","Incorporation_documents_or_Sole_trade__c":"None","Trading_Name__c":"Syntech Solutions","Manual_Application_Form__c":false,"Gross_Settlement__c":false,"APM_Pricing_Tier__c":"Tier 3","Run_all_eKYB_checks__c":false,"PCI_approved__c":false,"X3D_Secure_activation__c":"Yes","Nuvei_Connect_Last_Webhook__c":"2026-08-28T13:58:47.000Z","Account__c":"001Pj00001DnhbkIAB","Merchant_Tier__c":5,"term_one_time_payment__c":5000.00,"From_Reseller__c":"a0mPj00000u8rTVIAY","Tri_party_MSA__c":false,"Fire_Conga_MSA__c":false,"Terminal_Request__c":false,"Round_Robin_Assignment_Formula__c":1,"AMLCO_Compliance_approval__c":false,"Onboarding_Progress_Measurement__c":0.00,"SC_Acquirer_MSA__c":0,"X1_Month_Past_OLAP_Volume__c":0.00,"Registered_City__c":"Budapest","Negative_Address_Verification_checks__c":0,"Minimum_Fee_ES__c":"EUR 5000 en cada mes (9 more) ...","FI_Approval__c":false,"No_APMs__c":false,"Pre_Approved__c":false,"Primary_Contact__c":"003Pj00001PFt70IAD","Previous_Month_OLAP_Volume__c":0.00,"Registered_Street__c":"Kinizsi utca 20. Fsz (8 more) ...","Compliance_Status__c":"Oscilar Submitted","Country_Code__c":"HU","DocuSign_Recipient__c":"003Pj00001PFt70IAD","Integration_Progress__c":"Start","Is_SC_PoS__c":false,"Primary_Contact_first_Name__c":"Vladimir Tsvetanov","Is_High_Risk_Industry__c":"No","Sales_Rep_ID__c":"00530000006NODJAA4","City_field__c":"+18553106344","LastModifiedById":"005Pj00000cEmDOIA0"}|0x670f4dd2
13:58:48.328 (4340045348)|METHOD_ENTRY|[55]|01p1O000001xhGQ|ITriggerHandlerImpl.checkField(Object, Object)
13:58:48.328 (4340059848)|VARIABLE_SCOPE_BEGIN|[55]|this|ITriggerHandlerImpl|true|false
13:58:48.328 (4340088058)|VARIABLE_ASSIGNMENT|[55]|this|{"newRecordList":"0x278330dc","newRecordMap":"0x41e8e70f","oldRecordList":"0x2f0b9076","oldRecordMap":"0x7204a95a"}|0x347aaf7c
13:58:48.328 (4340092098)|VARIABLE_SCOPE_BEGIN|[55]|newValue|Object|false|false
13:58:48.328 (4340097278)|VARIABLE_ASSIGNMENT|[55]|newValue|"Syntech Solutions Kf (2 more) ..."
13:58:48.328 (4340099688)|VARIABLE_SCOPE_BEGIN|[55]|oldValue|Object|false|false
13:58:48.328 (4340102818)|VARIABLE_ASSIGNMENT|[55]|oldValue|"Syntech Solutions Kf (2 more) ..."
13:58:48.328 (4340107909)|HEAP_ALLOCATE|[56]|Bytes:5
13:58:48.328 (4340110549)|STATEMENT_EXECUTE|[55]
13:58:48.328 (4340111419)|STATEMENT_EXECUTE|[56]
13:58:48.328 (4340138249)|HEAP_ALLOCATE|[56]|Bytes:5
13:58:48.328 (4340145769)|METHOD_EXIT|[55]|01p1O000001xhGQ|ITriggerHandlerImpl.checkField(Object, Object)
13:58:48.328 (4340156309)|METHOD_ENTRY|[56]|01p1O000001xhGQ|ITriggerHandlerImpl.checkField(Object, Object)
13:58:48.328 (4340160029)|VARIABLE_SCOPE_BEGIN|[55]|this|ITriggerHandlerImpl|true|false
13:58:48.328 (4340169509)|VARIABLE_ASSIGNMENT|[55]|this|{"newRecordList":"0x278330dc","newRecordMap":"0x41e8e70f","oldRecordList":"0x2f0b9076","oldRecordMap":"0x7204a95a"}|0x347aaf7c
13:58:48.328 (4340171959)|VARIABLE_SCOPE_BEGIN|[55]|newValue|Object|false|false
13:58:48.328 (4340175149)|VARIABLE_ASSIGNMENT|[55]|newValue|"Syntech Solutions Kf (2 more) ..."
13:58:48.328 (4340176999)|VARIABLE_SCOPE_BEGIN|[55]|oldValue|Object|false|false
13:58:48.328 (4340179809)|VARIABLE_ASSIGNMENT|[55]|oldValue|"Syntech Solutions Kf (2 more) ..."
13:58:48.328 (4340182509)|HEAP_ALLOCATE|[56]|Bytes:5
13:58:48.328 (4340183889)|STATEMENT_EXECUTE|[55]
13:58:48.328 (4340184469)|STATEMENT_EXECUTE|[56]
13:58:48.328 (4340188689)|HEAP_ALLOCATE|[56]|Bytes:5
13:58:48.328 (4340190999)|METHOD_EXIT|[56]|01p1O000001xhGQ|ITriggerHandlerImpl.checkField(Object, Object)
13:58:48.328 (4340200629)|METHOD_ENTRY|[57]|01p1O000001xhGQ|ITriggerHandlerImpl.checkField(Object, Object)
13:58:48.328 (4340203339)|VARIABLE_SCOPE_BEGIN|[55]|this|ITriggerHandlerImpl|true|false
13:58:48.328 (4340210139)|VARIABLE_ASSIGNMENT|[55]|this|{"newRecordList":"0x278330dc","newRecordMap":"0x41e8e70f","oldRecordList":"0x2f0b9076","oldRecordMap":"0x7204a95a"}|0x347aaf7c
13:58:48.328 (4340212129)|VARIABLE_SCOPE_BEGIN|[55]|newValue|Object|false|false
13:58:48.328 (4340215309)|VARIABLE_ASSIGNMENT|[55]|newValue|null
13:58:48.328 (4340216889)|VARIABLE_SCOPE_BEGIN|[55]|oldValue|Object|false|false
13:58:48.328 (4340219359)|VARIABLE_ASSIGNMENT|[55]|oldValue|null
13:58:48.328 (4340221519)|HEAP_ALLOCATE|[56]|Bytes:5
13:58:48.328 (4340222779)|STATEMENT_EXECUTE|[55]
13:58:48.328 (4340223289)|STATEMENT_EXECUTE|[56]
13:58:48.328 (4340225379)|HEAP_ALLOCATE|[56]|Bytes:5
13:58:48.328 (4340227559)|METHOD_EXIT|[57]|01p1O000001xhGQ|ITriggerHandlerImpl.checkField(Object, Object)
13:58:48.328 (4340234439)|METHOD_ENTRY|[58]|01p1O000001xhGQ|ITriggerHandlerImpl.checkField(Object, Object)
13:58:48.328 (4340240079)|VARIABLE_SCOPE_BEGIN|[55]|this|ITriggerHandlerImpl|true|false
13:58:48.328 (4340246619)|VARIABLE_ASSIGNMENT|[55]|this|{"newRecordList":"0x278330dc","newRecordMap":"0x41e8e70f","oldRecordList":"0x2f0b9076","oldRecordMap":"0x7204a95a"}|0x347aaf7c
13:58:48.328 (4340248509)|VARIABLE_SCOPE_BEGIN|[55]|newValue|Object|false|false
13:58:48.328 (4340251359)|VARIABLE_ASSIGNMENT|[55]|newValue|"5047"
13:58:48.328 (4340252829)|VARIABLE_SCOPE_BEGIN|[55]|oldValue|Object|false|false
13:58:48.328 (4340255699)|VARIABLE_ASSIGNMENT|[55]|oldValue|"5047"
13:58:48.328 (4340257879)|HEAP_ALLOCATE|[56]|Bytes:5
13:58:48.328 (4340259149)|STATEMENT_EXECUTE|[55]
13:58:48.328 (4340259789)|STATEMENT_EXECUTE|[56]
13:58:48.328 (4340263079)|HEAP_ALLOCATE|[56]|Bytes:5
13:58:48.328 (4340265059)|METHOD_EXIT|[58]|01p1O000001xhGQ|ITriggerHandlerImpl.checkField(Object, Object)
13:58:48.328 (4340274279)|METHOD_ENTRY|[59]|01p1O000001xhGQ|ITriggerHandlerImpl.checkField(Object, Object)
13:58:48.328 (4340276709)|VARIABLE_SCOPE_BEGIN|[55]|this|ITriggerHandlerImpl|true|false
13:58:48.328 (4340283460)|VARIABLE_ASSIGNMENT|[55]|this|{"newRecordList":"0x278330dc","newRecordMap":"0x41e8e70f","oldRecordList":"0x2f0b9076","oldRecordMap":"0x7204a95a"}|0x347aaf7c
13:58:48.328 (4340285320)|VARIABLE_SCOPE_BEGIN|[55]|newValue|Object|false|false
13:58:48.328 (4340344900)|VARIABLE_ASSIGNMENT|[55]|newValue|"003Pj00001PFt70IAD"
13:58:48.328 (4340346590)|VARIABLE_SCOPE_BEGIN|[55]|oldValue|Object|false|false
13:58:48.328 (4340354560)|VARIABLE_ASSIGNMENT|[55]|oldValue|"003Pj00001PFt70IAD"
13:58:48.328 (4340357000)|HEAP_ALLOCATE|[56]|Bytes:5
13:58:48.328 (4340358380)|STATEMENT_EXECUTE|[55]
13:58:48.328 (4340359010)|STATEMENT_EXECUTE|[56]
13:58:48.328 (4340370550)|HEAP_ALLOCATE|[56]|Bytes:5
13:58:48.328 (4340372930)|METHOD_EXIT|[59]|01p1O000001xhGQ|ITriggerHandlerImpl.checkField(Object, Object)
13:58:48.328 (4340382300)|METHOD_ENTRY|[60]|01p1O000001xhGQ|ITriggerHandlerImpl.checkField(Object, Object)
13:58:48.328 (4340385170)|VARIABLE_SCOPE_BEGIN|[55]|this|ITriggerHandlerImpl|true|false
13:58:48.328 (4340392870)|VARIABLE_ASSIGNMENT|[55]|this|{"newRecordList":"0x278330dc","newRecordMap":"0x41e8e70f","oldRecordList":"0x2f0b9076","oldRecordMap":"0x7204a95a"}|0x347aaf7c
13:58:48.328 (4340397390)|VARIABLE_SCOPE_BEGIN|[55]|newValue|Object|false|false
13:58:48.328 (4340400100)|VARIABLE_ASSIGNMENT|[55]|newValue|null
13:58:48.328 (4340401540)|VARIABLE_SCOPE_BEGIN|[55]|oldValue|Object|false|false
13:58:48.328 (4340404250)|VARIABLE_ASSIGNMENT|[55]|oldValue|null
13:58:48.328 (4340406490)|HEAP_ALLOCATE|[56]|Bytes:5
13:58:48.328 (4340407900)|STATEMENT_EXECUTE|[55]
13:58:48.328 (4340408880)|STATEMENT_EXECUTE|[56]
13:58:48.328 (4340410580)|HEAP_ALLOCATE|[56]|Bytes:5
13:58:48.328 (4340412690)|METHOD_EXIT|[60]|01p1O000001xhGQ|ITriggerHandlerImpl.checkField(Object, Object)
13:58:48.328 (4340415280)|STATEMENT_EXECUTE|[54]
13:58:48.328 (4340416770)|HEAP_ALLOCATE|[51]|Bytes:4
13:58:48.328 (4340434470)|VARIABLE_ASSIGNMENT|[51]|i|1
13:58:48.328 (4340442090)|STATEMENT_EXECUTE|[65]
13:58:48.328 (4340445270)|METHOD_EXIT|[3]|01p1O000001xhGM|ComplianceTriggerHandler.checkUpdate(List<Compliance__c>, List<Compliance__c>)
13:58:48.328 (4340450911)|METHOD_ENTRY|[3]|01p1O000001xhGM|ComplianceTriggerHandler.updateMerchantBanks(Set<Id>)
13:58:48.328 (4340454461)|VARIABLE_SCOPE_BEGIN|[24]|this|ComplianceTriggerHandler|true|false
13:58:48.328 (4340461511)|VARIABLE_ASSIGNMENT|[24]|this|{"newRecordList":"0x278330dc","newRecordMap":"0x41e8e70f","oldRecordList":"0x2f0b9076","oldRecordMap":"0x7204a95a"}|0x347aaf7c
13:58:48.328 (4340464151)|VARIABLE_SCOPE_BEGIN|[24]|updateIds|Set<Id>|true|false
13:58:48.328 (4340469231)|VARIABLE_ASSIGNMENT|[24]|updateIds|[]|0x1ecb1613
13:58:48.328 (4340472311)|HEAP_ALLOCATE|[25]|Bytes:5
13:58:48.328 (4340474191)|STATEMENT_EXECUTE|[24]
13:58:48.328 (4340474761)|STATEMENT_EXECUTE|[25]
13:58:48.328 (4340483961)|HEAP_ALLOCATE|[25]|Bytes:4
13:58:48.328 (4340506121)|VARIABLE_SCOPE_BEGIN|[25]|bank4Up|List<Merchant_Bank__c>|true|false
13:58:48.328 (4340510491)|HEAP_ALLOCATE|[EXTERNAL]|Bytes:4
13:58:48.328 (4340513941)|VARIABLE_ASSIGNMENT|[25]|bank4Up|[]|0x42942b8
13:58:48.328 (4340515971)|STATEMENT_EXECUTE|[26]
13:58:48.328 (4340525941)|HEAP_ALLOCATE|[26]|Bytes:4
13:58:48.328 (4340953643)|SOQL_EXECUTE_BEGIN|[26]|Aggregations:0|SELECT Id, Update_Date__c, Bank_Update_Status_Date_Live__c FROM Merchant_Bank__c WHERE Compliance__c = :tmpVar1
13:58:48.328 (4344145072)|SOQL_EXECUTE_END|[26]|Rows:0
13:58:48.328 (4344171912)|HEAP_ALLOCATE|[26]|Bytes:4
13:58:48.328 (4344183153)|HEAP_ALLOCATE|[26]|Bytes:0
13:58:48.328 (4344214383)|HEAP_ALLOCATE|[26]|Bytes:4
13:58:48.328 (4344222793)|VARIABLE_SCOPE_BEGIN|[26]|bankList|List<Merchant_Bank__c>|true|false
13:58:48.328 (4344234603)|VARIABLE_ASSIGNMENT|[26]|bankList|[]|0xcdde82a
13:58:48.328 (4344356124)|HEAP_ALLOCATE|[31]|Bytes:5
13:58:48.328 (4344367224)|VARIABLE_ASSIGNMENT|[31]|merbank|null|
13:58:48.328 (4344370464)|STATEMENT_EXECUTE|[31]
13:58:48.328 (4344379554)|HEAP_ALLOCATE|[35]|Bytes:5
13:58:48.328 (4344383224)|VARIABLE_ASSIGNMENT|[35]|merbank|null|
13:58:48.328 (4344385134)|STATEMENT_EXECUTE|[35]
13:58:48.328 (4344391564)|STATEMENT_EXECUTE|[39]
13:58:48.328 (4344397704)|METHOD_EXIT|[3]|01p1O000001xhGM|ComplianceTriggerHandler.updateMerchantBanks(Set<Id>)
13:58:48.328 (4344400344)|STATEMENT_EXECUTE|[4]
13:58:48.328 (4344411844)|METHOD_ENTRY|[4]|01p1O000001xhGM|ComplianceTriggerHandler.syncChargingDatesToFinanceAdmin(List<Compliance__c>, List<Compliance__c>)
13:58:48.328 (4344427074)|VARIABLE_SCOPE_BEGIN|[7]|this|ComplianceTriggerHandler|true|false
13:58:48.328 (4344451014)|VARIABLE_ASSIGNMENT|[7]|this|{"newRecordList":"0x278330dc","newRecordMap":"0x41e8e70f","oldRecordList":"0x2f0b9076","oldRecordMap":"0x7204a95a"}|0x347aaf7c
13:58:48.328 (4344454344)|VARIABLE_SCOPE_BEGIN|[7]|newList|List<Compliance__c>|true|false
13:58:48.328 (4345709782)|VARIABLE_ASSIGNMENT|[7]|newList|[{"Industry_for_APMs__c":"none","LastModifiedDate":"2026-08-28T13:58:48.000Z","Add_Cashier_fee__c":true,"Managing_Company_Location__c":"Other","Multi_GW_Connectivity__c":500.00,"Primary_Contact_Owner__c":"Ivaylo Nikolov","Fix_Holdback_for_APMs__c":false,"minimum_fee_text__c":"\u20ac 5000","X3D_Transactions_Fee__c":0.03,"Remittance_Cycle_MSA_wording__c":"on a weekly basis wi (19 more) ...","Docusign_send_Date__c":"2026-08-28T00:00:00.000Z","TSM__c":" ","MC_Acquirer_ID__c":"15554","Holdback_for_APMs__c":10.00,"PCI_Status__c":"Unknown","Minimum_Scales__c":0,"Logged_User_Email__c":"nuvei_connect_webhoo (34 more) ...","IsDeleted":false,"Jurisdiction__c":"Europe","Manual_Price_Quote__c":false,"Nuvei_Connect_Status__c":"SUBMITTED","Minimum__c":"Euro 5000 in each ca (13 more) ...","Application_Status__c":"None Atuomated","Monthly_Expected_Chargeback_Ratio__c":0.00,"Mastercard_Automatic_Billing_Updater_ABU__c":0.35,"Non_standard_terms__c":false,"Banking_Details_Form1__c":false,"Has_Camden_GW__c":0,"X3D_Secure_setup__c":250,"Is_Marketplace__c":false,"Account_Manager_ID__c":"0051O00000Cga4LQAR","Hide_Express_AF__c":true,"MSA_Template__c":"a1b1400000BCv8f","Is_Reseller__c":false,"Primary_Contact_Last_Name__c":"Tsekov","Active__c":false,"Risk_Role_UBO__c":0.00,"Conga_Template_Termination_Letter__c":"a1b1400000CXfx1","Primary_Contact_ID__c":"003Pj00001PFt70","Amendment_DCC__c":false,"x3rd_party_monthly__c":500.00,"MSA_Recipient__c":"003Pj00001PFt70IAD","Matching_and_Reconciliation__c":"No","Is_SC_Express__c":false,"dailySettlementConversionView__c":true,"RecordTypeId":"01214000000AWYCAA4","EU_Indirect_Orchestration__c":false,"Invoke_Activation__c":false,"Amendment_Mastercard_ABU__c":false,"EU_Indirect_MSA_Trigger__c":"&Id=a0mPj00000ur6lO& (99 more) ...","Tax_ID_Type__c":"VAT","Nuvei_Partner_ID__c":"b5abf69f-0859-4b57-8 (16 more) ...","Proactive_account_optimization__c":"No","Logged_User_Name__c":"Nuvei Connect Webhoo (17 more) ...","Rebilling_System_Activation__c":"Yes","No_URL__c":false,"Connect_APMs__c":0,"SystemModstamp":"2026-08-28T13:58:48.000Z","Owner_Full_Name__c":"Ivaylo Nikolov","Industry_For_Pricing__c":"ECOMMERCE","Smart_3D_Secure_Fee__c":0.04,"G2S_Agreement__c":false,"Case_SafeID__c":"a0mPj00000ur6lOIAQ","Contract_Term__c":36,"MSA_Termination_Date_Formula__c":"2026-09-28T00:00:00.000Z","Incorporation_number__c":"01-09-409373","Covered_Client__c":"No","GW_Processing_Fee__c":0.15,"Underwriting_Mgr_Name__c":"Underwriting Cyprus","Sales_Rep_email_formula__c":"ivaylo.nikolov@nuvei (4 more) ...","Completed_action_Item_Count__c":0,"Pre_approval_Initiation__c":false,"Remittance_Cycle__c":"Weekly with 1 week d (4 more) ...","Remittance_Currency_Text__c":"Euro, ","Name":"Syntech Solutions Kf (2 more) ...","portal_URL__c":"https://safecharge.m (29 more) ...","Account_Manager__c":"0051O00000Cga4LQAR","Managing_Company_Grouping__c":"Nuvei","CreatedById":"005Pj00000cEmDOIA0","OLAP_Volume__c":0.00,"APM_modified_via_Cpanel__c":false,"Risk_Level__c":"Low","Terms_VP_approval__c":false,"Intro_Email_sent__c":false,"Managing_Company_Label__c":"Nuvei Limited","Amendment_3D_Transactions__c":false,"CurrencyIsoCode":"USD","Holdback_rate_for_APMs_for_PQ_MSA__c":"10%","Checklist_Status__c":"Partial","Nuvei_Connect_Application_ID__c":"NC178792551537","Count_of_SC_MSA_LTD_banks__c":0,"CreatedDate":"2026-08-28T13:58:46.000Z","Jira_Link2__c":"None","Visa_Account_Name_Inquiry_ANI__c":0.25,"Progress_Measurement__c":"Not Started - Oscila (24 more) ...","Alert_Flag_FATCA_Check__c":"_IM1_/img/samples/fl (25 more) ...","Minimum_commitment_calculation__c":"5000","Partial_Approval__c":false,"Registered_Zip_Postal_Code__c":"1203","Portal_User_Active__c":false,"Can_Send_Short_MSA__c":"Yes","Expected_Monthly_Volume__c":0.00,"Expected_Monthly_Volume_Total__c":0.00,"primary_Contact_email__c":"vladimir.tsekov@yaho (5 more) ...","AVS_Scan__c":false,"Track_F_Retry_Count__c":0,"Remittance_Currency_old__c":"EURO","Declined_Pre_Approval_Declined__c":false,"G2S_Migrated__c":false,"Settlement_threshold__c":"5000","Has_SC_Acquirer_bank__c":0,"Manual_MCC_Code__c":"5047","Remittance_Currency__c":"Euro","Premium_Flag__c":false,"Non_STD_services_fees__c":"Rebill setup < 1,000 (43 more) ...","VAT_Number__c":"32153891-2-43","Validating_End_User_pa__c":0.50,"Wire_Fee__c":15.00,"Incorporation_Documents_non_eu__c":false,"Management_Approval__c":false,"Account_Manager_Email__c":"plamen.jordanov@nuve (5 more) ...","eKYB_Check_In_Progress__c":false,"Nuvei_Integration_Fee__c":10000.00,"Price_Quote_Status__c":"Started","Account_ID__c":"001Pj00001DnhbkIAB","Opportunity__c":"006Pj00000zMXv7IAG","Registered_Country__c":"Hungary","Finance_Admin_installed__c":false,"Name_on_Card_activation__c":"No","Underwriting_Mgr_ID__c":"0051O00000ChbPRQAZ","Minimum_monthly_fee_with_Waived__c":"5000","Round_Robin_UW_ID__c":"0055Y00000Gct8G","KYC_Progress__c":0,"Sales_Rep__c":"00530000006NODJAA4","Conga_template_ID_by_industry__c":"a1b1400000BCCVg","Merchant_Status__c":"Start!","Age_Verification_activation__c":"Yes","Is_Processing__c":false,"Rebilling_system_transaction__c":0.00,"MSA_Terminated__c":false,"Service_Level_Standards__c":false,"Pre_approval_AI_Received__c":0,"Conga_open_mode__c":false,"Complete_Websites_in_Application_form__c":0,"Id":"a0mPj00000ur6lOIAQ","Gaming_Forex_license__c":false,"SME_Merchant__c":false,"VP_Approval_Status__c":"Not Needed","Foundation_date__c":"2022-12-01T00:00:00.000Z","Rebilling_system_Setup__c":0,"Amendment_Smart_3D__c":false,"Account_Open_Integration_Case__c":false,"Count_of_LTD_banks__c":0,"Descriptor__c":"Syntech Solutions Kf (2 more) ...","Checklist_Type__c":"Simplified","Stage__c":"In Pre-Approval","Cashier_fee__c":0.03,"Url__c":"http://cosmedicalsup (7 more) ...","Pre_approval_AI__c":0,"MCC_Code__c":"5047","OwnerId":"00530000006NODJAA4","Unique_Number__c":"000047348","Integration_Status__c":"Not Started","Registered_Country_Id2__c":"348","Account_owner__c":"Ivaylo Nikolov","Fees_Currency__c":"EUR","Minimum_monthly_fee_Value_1__c":5000,"Price_Quote_Type__c":"Standard","Tokenization_activation__c":"Yes","Track_G_Retry_Count__c":0,"Validating_End_User_Setup__c":1000.00,"x3rd_party_per_int__c":10000.00,"KYC_Checks__c":0,"Submit__c":false,"Tokenization_recurring__c":0,"Government_Owned_Merchant__c":"- NO -","eKYB_Check_Result__c":"Pending","Descriptor_Type__c":"Static","Is_managing_company_Latam__c":false,"dailySettlementConversionRateView__c":false,"Contact_name__c":"Vladimir Tsvetanov T (5 more) ...","DCC__c":0,"Registered_State__c":"Sofia","C_Panel_GO__c":2000,"Owner_Email__c":"ivaylo.nikolov@nuvei (4 more) ...","Customer_Due_Diligence_New__c":"Simplified","VIP__c":"No","G2_Group_ID__c":"19412","Address_Verification_activation__c":"Yes","Registered_Country_Code2__c":"HUN","Company_Type__c":"Limited","Action_Item_Count__c":0,"Bank_Count__c":0,"Minimum_Fee_SC_ACQIURER_MSA_section__c":"Euro 5000 in each ca (12 more) ...","Negative_WC1__c":0,"Update_Sales_AM_OM__c":false,"Managing_Company__c":"Safecharge Limited","Underwriting_Mgr__c":"0051O00000ChbPRQAZ","Incorporation_documents_or_Sole_trade__c":"None","Trading_Name__c":"Syntech Solutions","Manual_Application_Form__c":false,"Gross_Settlement__c":false,"APM_Pricing_Tier__c":"Tier 3","Run_all_eKYB_checks__c":false,"PCI_approved__c":false,"X3D_Secure_activation__c":"Yes","Nuvei_Connect_Last_Webhook__c":"2026-08-28T13:58:48.000Z","Account__c":"001Pj00001DnhbkIAB","Merchant_Tier__c":5,"term_one_time_payment__c":5000.00,"From_Reseller__c":"a0mPj00000u8rTVIAY","Tri_party_MSA__c":false,"Fire_Conga_MSA__c":false,"Terminal_Request__c":false,"Round_Robin_Assignment_Formula__c":1,"AMLCO_Compliance_approval__c":false,"Onboarding_Progress_Measurement__c":0.00,"SC_Acquirer_MSA__c":0,"X1_Month_Past_OLAP_Volume__c":0.00,"Registered_City__c":"Budapest","Negative_Address_Verification_checks__c":0,"Minimum_Fee_ES__c":"EUR 5000 en cada mes (9 more) ...","FI_Approval__c":false,"No_APMs__c":false,"Pre_Approved__c":false,"Primary_Contact__c":"003Pj00001PFt70IAD","Previous_Month_OLAP_Volume__c":0.00,"Registered_Street__c":"Kinizsi utca 20. Fsz (8 more) ...","Compliance_Status__c":"Oscilar Submitted","Country_Code__c":"HU","DocuSign_Recipient__c":"003Pj00001PFt70IAD","Integration_Progress__c":"Start","Is_SC_PoS__c":false,"Primary_Contact_first_Name__c":"Vladimir Tsvetanov","Is_High_Risk_Industry__c":"No","Sales_Rep_ID__c":"00530000006NODJAA4","City_field__c":"+18553106344","LastModifiedById":"005Pj00000cEmDOIA0"}]|0x278330dc
13:58:48.328 (4345750192)|VARIABLE_SCOPE_BEGIN|[7]|oldList|List<Compliance__c>|true|false
13:58:48.328 (4346829508)|VARIABLE_ASSIGNMENT|[7]|oldList|[{"Industry_for_APMs__c":"none","LastModifiedDate":"2026-08-28T13:58:48.000Z","Add_Cashier_fee__c":true,"Managing_Company_Location__c":"Other","Multi_GW_Connectivity__c":500.00,"Primary_Contact_Owner__c":"Ivaylo Nikolov","Fix_Holdback_for_APMs__c":false,"minimum_fee_text__c":"\u20ac 5000","X3D_Transactions_Fee__c":0.03,"Remittance_Cycle_MSA_wording__c":"on a weekly basis wi (19 more) ...","Docusign_send_Date__c":"2026-08-28T00:00:00.000Z","TSM__c":" ","MC_Acquirer_ID__c":"15554","Holdback_for_APMs__c":10.00,"PCI_Status__c":"Unknown","Minimum_Scales__c":0,"Logged_User_Email__c":"nuvei_connect_webhoo (34 more) ...","IsDeleted":false,"Jurisdiction__c":"Europe","Manual_Price_Quote__c":false,"Nuvei_Connect_Status__c":"SUBMITTED","Minimum__c":"Euro 5000 in each ca (13 more) ...","Application_Status__c":"None Atuomated","Monthly_Expected_Chargeback_Ratio__c":0.00,"Mastercard_Automatic_Billing_Updater_ABU__c":0.35,"Non_standard_terms__c":false,"Banking_Details_Form1__c":false,"Has_Camden_GW__c":0,"X3D_Secure_setup__c":250,"Is_Marketplace__c":false,"Account_Manager_ID__c":"0051O00000Cga4LQAR","Hide_Express_AF__c":true,"MSA_Template__c":"a1b1400000BCv8f","Is_Reseller__c":false,"Primary_Contact_Last_Name__c":"Tsekov","Active__c":false,"Risk_Role_UBO__c":0.00,"Conga_Template_Termination_Letter__c":"a1b1400000CXfx1","Primary_Contact_ID__c":"003Pj00001PFt70","Amendment_DCC__c":false,"x3rd_party_monthly__c":500.00,"MSA_Recipient__c":"003Pj00001PFt70IAD","Matching_and_Reconciliation__c":"No","Is_SC_Express__c":false,"dailySettlementConversionView__c":true,"RecordTypeId":"01214000000AWYCAA4","EU_Indirect_Orchestration__c":false,"Invoke_Activation__c":false,"Amendment_Mastercard_ABU__c":false,"EU_Indirect_MSA_Trigger__c":"&Id=a0mPj00000ur6lO& (99 more) ...","Tax_ID_Type__c":"VAT","Nuvei_Partner_ID__c":"b5abf69f-0859-4b57-8 (16 more) ...","Proactive_account_optimization__c":"No","Logged_User_Name__c":"Nuvei Connect Webhoo (17 more) ...","Rebilling_System_Activation__c":"Yes","No_URL__c":false,"Connect_APMs__c":0,"SystemModstamp":"2026-08-28T13:58:48.000Z","Owner_Full_Name__c":"Ivaylo Nikolov","Industry_For_Pricing__c":"ECOMMERCE","Smart_3D_Secure_Fee__c":0.04,"G2S_Agreement__c":false,"Case_SafeID__c":"a0mPj00000ur6lOIAQ","Contract_Term__c":36,"MSA_Termination_Date_Formula__c":"2026-09-28T00:00:00.000Z","Incorporation_number__c":"01-09-409373","Covered_Client__c":"No","GW_Processing_Fee__c":0.15,"Underwriting_Mgr_Name__c":"Underwriting Cyprus","Sales_Rep_email_formula__c":"ivaylo.nikolov@nuvei (4 more) ...","Completed_action_Item_Count__c":0,"Pre_approval_Initiation__c":false,"Remittance_Cycle__c":"Weekly with 1 week d (4 more) ...","Remittance_Currency_Text__c":"Euro, ","Name":"Syntech Solutions Kf (2 more) ...","portal_URL__c":"https://safecharge.m (29 more) ...","Account_Manager__c":"0051O00000Cga4LQAR","Managing_Company_Grouping__c":"Nuvei","CreatedById":"005Pj00000cEmDOIA0","OLAP_Volume__c":0.00,"APM_modified_via_Cpanel__c":false,"Risk_Level__c":"Low","Terms_VP_approval__c":false,"Intro_Email_sent__c":false,"Managing_Company_Label__c":"Nuvei Limited","Amendment_3D_Transactions__c":false,"CurrencyIsoCode":"USD","Holdback_rate_for_APMs_for_PQ_MSA__c":"10%","Checklist_Status__c":"Partial","Nuvei_Connect_Application_ID__c":"NC178792551537","Count_of_SC_MSA_LTD_banks__c":0,"CreatedDate":"2026-08-28T13:58:46.000Z","Jira_Link2__c":"None","Visa_Account_Name_Inquiry_ANI__c":0.25,"Progress_Measurement__c":"Not Started - Oscila (24 more) ...","Alert_Flag_FATCA_Check__c":"_IM1_/img/samples/fl (25 more) ...","Minimum_commitment_calculation__c":"5000","Partial_Approval__c":false,"Registered_Zip_Postal_Code__c":"1203","Portal_User_Active__c":false,"Can_Send_Short_MSA__c":"Yes","Expected_Monthly_Volume__c":0.00,"Expected_Monthly_Volume_Total__c":0.00,"primary_Contact_email__c":"vladimir.tsekov@yaho (5 more) ...","AVS_Scan__c":false,"Track_F_Retry_Count__c":0,"Remittance_Currency_old__c":"EURO","Declined_Pre_Approval_Declined__c":false,"G2S_Migrated__c":false,"Settlement_threshold__c":"5000","Has_SC_Acquirer_bank__c":0,"Manual_MCC_Code__c":"5047","Remittance_Currency__c":"Euro","Premium_Flag__c":false,"Non_STD_services_fees__c":"Rebill setup < 1,000 (43 more) ...","VAT_Number__c":"32153891-2-43","Validating_End_User_pa__c":0.50,"Wire_Fee__c":15.00,"Incorporation_Documents_non_eu__c":false,"Management_Approval__c":false,"Account_Manager_Email__c":"plamen.jordanov@nuve (5 more) ...","eKYB_Check_In_Progress__c":false,"Nuvei_Integration_Fee__c":10000.00,"Price_Quote_Status__c":"Started","Account_ID__c":"001Pj00001DnhbkIAB","Opportunity__c":"006Pj00000zMXv7IAG","Registered_Country__c":"Hungary","Finance_Admin_installed__c":false,"Name_on_Card_activation__c":"No","Underwriting_Mgr_ID__c":"0051O00000ChbPRQAZ","Minimum_monthly_fee_with_Waived__c":"5000","Round_Robin_UW_ID__c":"0055Y00000Gct8G","KYC_Progress__c":0,"Sales_Rep__c":"00530000006NODJAA4","Conga_template_ID_by_industry__c":"a1b1400000BCCVg","Merchant_Status__c":"Start!","Age_Verification_activation__c":"Yes","Is_Processing__c":false,"Rebilling_system_transaction__c":0.00,"MSA_Terminated__c":false,"Service_Level_Standards__c":false,"Pre_approval_AI_Received__c":0,"Conga_open_mode__c":false,"Complete_Websites_in_Application_form__c":0,"Id":"a0mPj00000ur6lOIAQ","Gaming_Forex_license__c":false,"SME_Merchant__c":false,"VP_Approval_Status__c":"Not Needed","Foundation_date__c":"2022-12-01T00:00:00.000Z","Rebilling_system_Setup__c":0,"Amendment_Smart_3D__c":false,"Account_Open_Integration_Case__c":false,"Count_of_LTD_banks__c":0,"Descriptor__c":"Syntech Solutions Kf (2 more) ...","Checklist_Type__c":"Simplified","Stage__c":"In Pre-Approval","Cashier_fee__c":0.03,"Url__c":"http://cosmedicalsup (7 more) ...","Pre_approval_AI__c":0,"MCC_Code__c":"5047","OwnerId":"00530000006NODJAA4","Unique_Number__c":"000047348","Integration_Status__c":"Not Started","Registered_Country_Id2__c":"348","Account_owner__c":"Ivaylo Nikolov","Fees_Currency__c":"EUR","Minimum_monthly_fee_Value_1__c":5000,"Price_Quote_Type__c":"Standard","Tokenization_activation__c":"Yes","Track_G_Retry_Count__c":0,"Validating_End_User_Setup__c":1000.00,"x3rd_party_per_int__c":10000.00,"KYC_Checks__c":0,"Submit__c":false,"Tokenization_recurring__c":0,"Government_Owned_Merchant__c":"- NO -","eKYB_Check_Result__c":"Pending","Descriptor_Type__c":"Static","Is_managing_company_Latam__c":false,"dailySettlementConversionRateView__c":false,"Contact_name__c":"Vladimir Tsvetanov T (5 more) ...","DCC__c":0,"Registered_State__c":"Sofia","C_Panel_GO__c":2000,"Owner_Email__c":"ivaylo.nikolov@nuvei (4 more) ...","Customer_Due_Diligence_New__c":"Simplified","VIP__c":"No","G2_Group_ID__c":"19412","Address_Verification_activation__c":"Yes","Registered_Country_Code2__c":"HUN","Company_Type__c":"Limited","Action_Item_Count__c":0,"Bank_Count__c":0,"Minimum_Fee_SC_ACQIURER_MSA_section__c":"Euro 5000 in each ca (12 more) ...","Negative_WC1__c":0,"Update_Sales_AM_OM__c":false,"Managing_Company__c":"Safecharge Limited","Underwriting_Mgr__c":"0051O00000ChbPRQAZ","Incorporation_documents_or_Sole_trade__c":"None","Trading_Name__c":"Syntech Solutions","Manual_Application_Form__c":false,"Gross_Settlement__c":false,"APM_Pricing_Tier__c":"Tier 3","Run_all_eKYB_checks__c":false,"PCI_approved__c":false,"X3D_Secure_activation__c":"Yes","Nuvei_Connect_Last_Webhook__c":"2026-08-28T13:58:47.000Z","Account__c":"001Pj00001DnhbkIAB","Merchant_Tier__c":5,"term_one_time_payment__c":5000.00,"From_Reseller__c":"a0mPj00000u8rTVIAY","Tri_party_MSA__c":false,"Fire_Conga_MSA__c":false,"Terminal_Request__c":false,"Round_Robin_Assignment_Formula__c":1,"AMLCO_Compliance_approval__c":false,"Onboarding_Progress_Measurement__c":0.00,"SC_Acquirer_MSA__c":0,"X1_Month_Past_OLAP_Volume__c":0.00,"Registered_City__c":"Budapest","Negative_Address_Verification_checks__c":0,"Minimum_Fee_ES__c":"EUR 5000 en cada mes (9 more) ...","FI_Approval__c":false,"No_APMs__c":false,"Pre_Approved__c":false,"Primary_Contact__c":"003Pj00001PFt70IAD","Previous_Month_OLAP_Volume__c":0.00,"Registered_Street__c":"Kinizsi utca 20. Fsz (8 more) ...","Compliance_Status__c":"Oscilar Submitted","Country_Code__c":"HU","DocuSign_Recipient__c":"003Pj00001PFt70IAD","Integration_Progress__c":"Start","Is_SC_PoS__c":false,"Primary_Contact_first_Name__c":"Vladimir Tsvetanov","Is_High_Risk_Industry__c":"No","Sales_Rep_ID__c":"00530000006NODJAA4","City_field__c":"+18553106344","LastModifiedById":"005Pj00000cEmDOIA0"}]|0x2f0b9076
13:58:48.328 (4346880469)|HEAP_ALLOCATE|[8]|Bytes:5
13:58:48.328 (4346884759)|STATEMENT_EXECUTE|[7]
13:58:48.328 (4346885839)|STATEMENT_EXECUTE|[8]
13:58:48.328 (4346896069)|HEAP_ALLOCATE|[8]|Bytes:4
13:58:48.328 (4346927029)|VARIABLE_SCOPE_BEGIN|[8]|changedIds|Set<Id>|true|false
13:58:48.328 (4346947509)|VARIABLE_ASSIGNMENT|[8]|changedIds|[]|0x1608edf
13:58:48.328 (4346950859)|STATEMENT_EXECUTE|[9]
13:58:48.328 (4346952009)|VARIABLE_SCOPE_BEGIN|[9]|i|Integer|false|false
13:58:48.328 (4346955119)|HEAP_ALLOCATE|[9]|Bytes:4
13:58:48.328 (4346958759)|VARIABLE_ASSIGNMENT|[9]|i|0
13:58:48.328 (4346972309)|STATEMENT_EXECUTE|[9]
13:58:48.328 (4346973129)|STATEMENT_EXECUTE|[10]
13:58:48.328 (4346981019)|VARIABLE_SCOPE_BEGIN|[10]|n|Compliance__c|true|false
13:58:48.328 (4348103646)|VARIABLE_ASSIGNMENT|[10]|n|{"Industry_for_APMs__c":"none","LastModifiedDate":"2026-08-28T13:58:48.000Z","Add_Cashier_fee__c":true,"Managing_Company_Location__c":"Other","Multi_GW_Connectivity__c":500.00,"Primary_Contact_Owner__c":"Ivaylo Nikolov","Fix_Holdback_for_APMs__c":false,"minimum_fee_text__c":"\u20ac 5000","X3D_Transactions_Fee__c":0.03,"Remittance_Cycle_MSA_wording__c":"on a weekly basis wi (19 more) ...","Docusign_send_Date__c":"2026-08-28T00:00:00.000Z","TSM__c":" ","MC_Acquirer_ID__c":"15554","Holdback_for_APMs__c":10.00,"PCI_Status__c":"Unknown","Minimum_Scales__c":0,"Logged_User_Email__c":"nuvei_connect_webhoo (34 more) ...","IsDeleted":false,"Jurisdiction__c":"Europe","Manual_Price_Quote__c":false,"Nuvei_Connect_Status__c":"SUBMITTED","Minimum__c":"Euro 5000 in each ca (13 more) ...","Application_Status__c":"None Atuomated","Monthly_Expected_Chargeback_Ratio__c":0.00,"Mastercard_Automatic_Billing_Updater_ABU__c":0.35,"Non_standard_terms__c":false,"Banking_Details_Form1__c":false,"Has_Camden_GW__c":0,"X3D_Secure_setup__c":250,"Is_Marketplace__c":false,"Account_Manager_ID__c":"0051O00000Cga4LQAR","Hide_Express_AF__c":true,"MSA_Template__c":"a1b1400000BCv8f","Is_Reseller__c":false,"Primary_Contact_Last_Name__c":"Tsekov","Active__c":false,"Risk_Role_UBO__c":0.00,"Conga_Template_Termination_Letter__c":"a1b1400000CXfx1","Primary_Contact_ID__c":"003Pj00001PFt70","Amendment_DCC__c":false,"x3rd_party_monthly__c":500.00,"MSA_Recipient__c":"003Pj00001PFt70IAD","Matching_and_Reconciliation__c":"No","Is_SC_Express__c":false,"dailySettlementConversionView__c":true,"RecordTypeId":"01214000000AWYCAA4","EU_Indirect_Orchestration__c":false,"Invoke_Activation__c":false,"Amendment_Mastercard_ABU__c":false,"EU_Indirect_MSA_Trigger__c":"&Id=a0mPj00000ur6lO& (99 more) ...","Tax_ID_Type__c":"VAT","Nuvei_Partner_ID__c":"b5abf69f-0859-4b57-8 (16 more) ...","Proactive_account_optimization__c":"No","Logged_User_Name__c":"Nuvei Connect Webhoo (17 more) ...","Rebilling_System_Activation__c":"Yes","No_URL__c":false,"Connect_APMs__c":0,"SystemModstamp":"2026-08-28T13:58:48.000Z","Owner_Full_Name__c":"Ivaylo Nikolov","Industry_For_Pricing__c":"ECOMMERCE","Smart_3D_Secure_Fee__c":0.04,"G2S_Agreement__c":false,"Case_SafeID__c":"a0mPj00000ur6lOIAQ","Contract_Term__c":36,"MSA_Termination_Date_Formula__c":"2026-09-28T00:00:00.000Z","Incorporation_number__c":"01-09-409373","Covered_Client__c":"No","GW_Processing_Fee__c":0.15,"Underwriting_Mgr_Name__c":"Underwriting Cyprus","Sales_Rep_email_formula__c":"ivaylo.nikolov@nuvei (4 more) ...","Completed_action_Item_Count__c":0,"Pre_approval_Initiation__c":false,"Remittance_Cycle__c":"Weekly with 1 week d (4 more) ...","Remittance_Currency_Text__c":"Euro, ","Name":"Syntech Solutions Kf (2 more) ...","portal_URL__c":"https://safecharge.m (29 more) ...","Account_Manager__c":"0051O00000Cga4LQAR","Managing_Company_Grouping__c":"Nuvei","CreatedById":"005Pj00000cEmDOIA0","OLAP_Volume__c":0.00,"APM_modified_via_Cpanel__c":false,"Risk_Level__c":"Low","Terms_VP_approval__c":false,"Intro_Email_sent__c":false,"Managing_Company_Label__c":"Nuvei Limited","Amendment_3D_Transactions__c":false,"CurrencyIsoCode":"USD","Holdback_rate_for_APMs_for_PQ_MSA__c":"10%","Checklist_Status__c":"Partial","Nuvei_Connect_Application_ID__c":"NC178792551537","Count_of_SC_MSA_LTD_banks__c":0,"CreatedDate":"2026-08-28T13:58:46.000Z","Jira_Link2__c":"None","Visa_Account_Name_Inquiry_ANI__c":0.25,"Progress_Measurement__c":"Not Started - Oscila (24 more) ...","Alert_Flag_FATCA_Check__c":"_IM1_/img/samples/fl (25 more) ...","Minimum_commitment_calculation__c":"5000","Partial_Approval__c":false,"Registered_Zip_Postal_Code__c":"1203","Portal_User_Active__c":false,"Can_Send_Short_MSA__c":"Yes","Expected_Monthly_Volume__c":0.00,"Expected_Monthly_Volume_Total__c":0.00,"primary_Contact_email__c":"vladimir.tsekov@yaho (5 more) ...","AVS_Scan__c":false,"Track_F_Retry_Count__c":0,"Remittance_Currency_old__c":"EURO","Declined_Pre_Approval_Declined__c":false,"G2S_Migrated__c":false,"Settlement_threshold__c":"5000","Has_SC_Acquirer_bank__c":0,"Manual_MCC_Code__c":"5047","Remittance_Currency__c":"Euro","Premium_Flag__c":false,"Non_STD_services_fees__c":"Rebill setup < 1,000 (43 more) ...","VAT_Number__c":"32153891-2-43","Validating_End_User_pa__c":0.50,"Wire_Fee__c":15.00,"Incorporation_Documents_non_eu__c":false,"Management_Approval__c":false,"Account_Manager_Email__c":"plamen.jordanov@nuve (5 more) ...","eKYB_Check_In_Progress__c":false,"Nuvei_Integration_Fee__c":10000.00,"Price_Quote_Status__c":"Started","Account_ID__c":"001Pj00001DnhbkIAB","Opportunity__c":"006Pj00000zMXv7IAG","Registered_Country__c":"Hungary","Finance_Admin_installed__c":false,"Name_on_Card_activation__c":"No","Underwriting_Mgr_ID__c":"0051O00000ChbPRQAZ","Minimum_monthly_fee_with_Waived__c":"5000","Round_Robin_UW_ID__c":"0055Y00000Gct8G","KYC_Progress__c":0,"Sales_Rep__c":"00530000006NODJAA4","Conga_template_ID_by_industry__c":"a1b1400000BCCVg","Merchant_Status__c":"Start!","Age_Verification_activation__c":"Yes","Is_Processing__c":false,"Rebilling_system_transaction__c":0.00,"MSA_Terminated__c":false,"Service_Level_Standards__c":false,"Pre_approval_AI_Received__c":0,"Conga_open_mode__c":false,"Complete_Websites_in_Application_form__c":0,"Id":"a0mPj00000ur6lOIAQ","Gaming_Forex_license__c":false,"SME_Merchant__c":false,"VP_Approval_Status__c":"Not Needed","Foundation_date__c":"2022-12-01T00:00:00.000Z","Rebilling_system_Setup__c":0,"Amendment_Smart_3D__c":false,"Account_Open_Integration_Case__c":false,"Count_of_LTD_banks__c":0,"Descriptor__c":"Syntech Solutions Kf (2 more) ...","Checklist_Type__c":"Simplified","Stage__c":"In Pre-Approval","Cashier_fee__c":0.03,"Url__c":"http://cosmedicalsup (7 more) ...","Pre_approval_AI__c":0,"MCC_Code__c":"5047","OwnerId":"00530000006NODJAA4","Unique_Number__c":"000047348","Integration_Status__c":"Not Started","Registered_Country_Id2__c":"348","Account_owner__c":"Ivaylo Nikolov","Fees_Currency__c":"EUR","Minimum_monthly_fee_Value_1__c":5000,"Price_Quote_Type__c":"Standard","Tokenization_activation__c":"Yes","Track_G_Retry_Count__c":0,"Validating_End_User_Setup__c":1000.00,"x3rd_party_per_int__c":10000.00,"KYC_Checks__c":0,"Submit__c":false,"Tokenization_recurring__c":0,"Government_Owned_Merchant__c":"- NO -","eKYB_Check_Result__c":"Pending","Descriptor_Type__c":"Static","Is_managing_company_Latam__c":false,"dailySettlementConversionRateView__c":false,"Contact_name__c":"Vladimir Tsvetanov T (5 more) ...","DCC__c":0,"Registered_State__c":"Sofia","C_Panel_GO__c":2000,"Owner_Email__c":"ivaylo.nikolov@nuvei (4 more) ...","Customer_Due_Diligence_New__c":"Simplified","VIP__c":"No","G2_Group_ID__c":"19412","Address_Verification_activation__c":"Yes","Registered_Country_Code2__c":"HUN","Company_Type__c":"Limited","Action_Item_Count__c":0,"Bank_Count__c":0,"Minimum_Fee_SC_ACQIURER_MSA_section__c":"Euro 5000 in each ca (12 more) ...","Negative_WC1__c":0,"Update_Sales_AM_OM__c":false,"Managing_Company__c":"Safecharge Limited","Underwriting_Mgr__c":"0051O00000ChbPRQAZ","Incorporation_documents_or_Sole_trade__c":"None","Trading_Name__c":"Syntech Solutions","Manual_Application_Form__c":false,"Gross_Settlement__c":false,"APM_Pricing_Tier__c":"Tier 3","Run_all_eKYB_checks__c":false,"PCI_approved__c":false,"X3D_Secure_activation__c":"Yes","Nuvei_Connect_Last_Webhook__c":"2026-08-28T13:58:48.000Z","Account__c":"001Pj00001DnhbkIAB","Merchant_Tier__c":5,"term_one_time_payment__c":5000.00,"From_Reseller__c":"a0mPj00000u8rTVIAY","Tri_party_MSA__c":false,"Fire_Conga_MSA__c":false,"Terminal_Request__c":false,"Round_Robin_Assignment_Formula__c":1,"AMLCO_Compliance_approval__c":false,"Onboarding_Progress_Measurement__c":0.00,"SC_Acquirer_MSA__c":0,"X1_Month_Past_OLAP_Volume__c":0.00,"Registered_City__c":"Budapest","Negative_Address_Verification_checks__c":0,"Minimum_Fee_ES__c":"EUR 5000 en cada mes (9 more) ...","FI_Approval__c":false,"No_APMs__c":false,"Pre_Approved__c":false,"Primary_Contact__c":"003Pj00001PFt70IAD","Previous_Month_OLAP_Volume__c":0.00,"Registered_Street__c":"Kinizsi utca 20. Fsz (8 more) ...","Compliance_Status__c":"Oscilar Submitted","Country_Code__c":"HU","DocuSign_Recipient__c":"003Pj00001PFt70IAD","Integration_Progress__c":"Start","Is_SC_PoS__c":false,"Primary_Contact_first_Name__c":"Vladimir Tsvetanov","Is_High_Risk_Industry__c":"No","Sales_Rep_ID__c":"00530000006NODJAA4","City_field__c":"+18553106344","LastModifiedById":"005Pj00000cEmDOIA0"}|0x37ecaa36
13:58:48.328 (4348143276)|STATEMENT_EXECUTE|[11]
13:58:48.328 (4348150526)|VARIABLE_SCOPE_BEGIN|[11]|o|Compliance__c|true|false
13:58:48.328 (4349139152)|VARIABLE_ASSIGNMENT|[11]|o|{"Industry_for_APMs__c":"none","LastModifiedDate":"2026-08-28T13:58:48.000Z","Add_Cashier_fee__c":true,"Managing_Company_Location__c":"Other","Multi_GW_Connectivity__c":500.00,"Primary_Contact_Owner__c":"Ivaylo Nikolov","Fix_Holdback_for_APMs__c":false,"minimum_fee_text__c":"\u20ac 5000","X3D_Transactions_Fee__c":0.03,"Remittance_Cycle_MSA_wording__c":"on a weekly basis wi (19 more) ...","Docusign_send_Date__c":"2026-08-28T00:00:00.000Z","TSM__c":" ","MC_Acquirer_ID__c":"15554","Holdback_for_APMs__c":10.00,"PCI_Status__c":"Unknown","Minimum_Scales__c":0,"Logged_User_Email__c":"nuvei_connect_webhoo (34 more) ...","IsDeleted":false,"Jurisdiction__c":"Europe","Manual_Price_Quote__c":false,"Nuvei_Connect_Status__c":"SUBMITTED","Minimum__c":"Euro 5000 in each ca (13 more) ...","Application_Status__c":"None Atuomated","Monthly_Expected_Chargeback_Ratio__c":0.00,"Mastercard_Automatic_Billing_Updater_ABU__c":0.35,"Non_standard_terms__c":false,"Banking_Details_Form1__c":false,"Has_Camden_GW__c":0,"X3D_Secure_setup__c":250,"Is_Marketplace__c":false,"Account_Manager_ID__c":"0051O00000Cga4LQAR","Hide_Express_AF__c":true,"MSA_Template__c":"a1b1400000BCv8f","Is_Reseller__c":false,"Primary_Contact_Last_Name__c":"Tsekov","Active__c":false,"Risk_Role_UBO__c":0.00,"Conga_Template_Termination_Letter__c":"a1b1400000CXfx1","Primary_Contact_ID__c":"003Pj00001PFt70","Amendment_DCC__c":false,"x3rd_party_monthly__c":500.00,"MSA_Recipient__c":"003Pj00001PFt70IAD","Matching_and_Reconciliation__c":"No","Is_SC_Express__c":false,"dailySettlementConversionView__c":true,"RecordTypeId":"01214000000AWYCAA4","EU_Indirect_Orchestration__c":false,"Invoke_Activation__c":false,"Amendment_Mastercard_ABU__c":false,"EU_Indirect_MSA_Trigger__c":"&Id=a0mPj00000ur6lO& (99 more) ...","Tax_ID_Type__c":"VAT","Nuvei_Partner_ID__c":"b5abf69f-0859-4b57-8 (16 more) ...","Proactive_account_optimization__c":"No","Logged_User_Name__c":"Nuvei Connect Webhoo (17 more) ...","Rebilling_System_Activation__c":"Yes","No_URL__c":false,"Connect_APMs__c":0,"SystemModstamp":"2026-08-28T13:58:48.000Z","Owner_Full_Name__c":"Ivaylo Nikolov","Industry_For_Pricing__c":"ECOMMERCE","Smart_3D_Secure_Fee__c":0.04,"G2S_Agreement__c":false,"Case_SafeID__c":"a0mPj00000ur6lOIAQ","Contract_Term__c":36,"MSA_Termination_Date_Formula__c":"2026-09-28T00:00:00.000Z","Incorporation_number__c":"01-09-409373","Covered_Client__c":"No","GW_Processing_Fee__c":0.15,"Underwriting_Mgr_Name__c":"Underwriting Cyprus","Sales_Rep_email_formula__c":"ivaylo.nikolov@nuvei (4 more) ...","Completed_action_Item_Count__c":0,"Pre_approval_Initiation__c":false,"Remittance_Cycle__c":"Weekly with 1 week d (4 more) ...","Remittance_Currency_Text__c":"Euro, ","Name":"Syntech Solutions Kf (2 more) ...","portal_URL__c":"https://safecharge.m (29 more) ...","Account_Manager__c":"0051O00000Cga4LQAR","Managing_Company_Grouping__c":"Nuvei","CreatedById":"005Pj00000cEmDOIA0","OLAP_Volume__c":0.00,"APM_modified_via_Cpanel__c":false,"Risk_Level__c":"Low","Terms_VP_approval__c":false,"Intro_Email_sent__c":false,"Managing_Company_Label__c":"Nuvei Limited","Amendment_3D_Transactions__c":false,"CurrencyIsoCode":"USD","Holdback_rate_for_APMs_for_PQ_MSA__c":"10%","Checklist_Status__c":"Partial","Nuvei_Connect_Application_ID__c":"NC178792551537","Count_of_SC_MSA_LTD_banks__c":0,"CreatedDate":"2026-08-28T13:58:46.000Z","Jira_Link2__c":"None","Visa_Account_Name_Inquiry_ANI__c":0.25,"Progress_Measurement__c":"Not Started - Oscila (24 more) ...","Alert_Flag_FATCA_Check__c":"_IM1_/img/samples/fl (25 more) ...","Minimum_commitment_calculation__c":"5000","Partial_Approval__c":false,"Registered_Zip_Postal_Code__c":"1203","Portal_User_Active__c":false,"Can_Send_Short_MSA__c":"Yes","Expected_Monthly_Volume__c":0.00,"Expected_Monthly_Volume_Total__c":0.00,"primary_Contact_email__c":"vladimir.tsekov@yaho (5 more) ...","AVS_Scan__c":false,"Track_F_Retry_Count__c":0,"Remittance_Currency_old__c":"EURO","Declined_Pre_Approval_Declined__c":false,"G2S_Migrated__c":false,"Settlement_threshold__c":"5000","Has_SC_Acquirer_bank__c":0,"Manual_MCC_Code__c":"5047","Remittance_Currency__c":"Euro","Premium_Flag__c":false,"Non_STD_services_fees__c":"Rebill setup < 1,000 (43 more) ...","VAT_Number__c":"32153891-2-43","Validating_End_User_pa__c":0.50,"Wire_Fee__c":15.00,"Incorporation_Documents_non_eu__c":false,"Management_Approval__c":false,"Account_Manager_Email__c":"plamen.jordanov@nuve (5 more) ...","eKYB_Check_In_Progress__c":false,"Nuvei_Integration_Fee__c":10000.00,"Price_Quote_Status__c":"Started","Account_ID__c":"001Pj00001DnhbkIAB","Opportunity__c":"006Pj00000zMXv7IAG","Registered_Country__c":"Hungary","Finance_Admin_installed__c":false,"Name_on_Card_activation__c":"No","Underwriting_Mgr_ID__c":"0051O00000ChbPRQAZ","Minimum_monthly_fee_with_Waived__c":"5000","Round_Robin_UW_ID__c":"0055Y00000Gct8G","KYC_Progress__c":0,"Sales_Rep__c":"00530000006NODJAA4","Conga_template_ID_by_industry__c":"a1b1400000BCCVg","Merchant_Status__c":"Start!","Age_Verification_activation__c":"Yes","Is_Processing__c":false,"Rebilling_system_transaction__c":0.00,"MSA_Terminated__c":false,"Service_Level_Standards__c":false,"Pre_approval_AI_Received__c":0,"Conga_open_mode__c":false,"Complete_Websites_in_Application_form__c":0,"Id":"a0mPj00000ur6lOIAQ","Gaming_Forex_license__c":false,"SME_Merchant__c":false,"VP_Approval_Status__c":"Not Needed","Foundation_date__c":"2022-12-01T00:00:00.000Z","Rebilling_system_Setup__c":0,"Amendment_Smart_3D__c":false,"Account_Open_Integration_Case__c":false,"Count_of_LTD_banks__c":0,"Descriptor__c":"Syntech Solutions Kf (2 more) ...","Checklist_Type__c":"Simplified","Stage__c":"In Pre-Approval","Cashier_fee__c":0.03,"Url__c":"http://cosmedicalsup (7 more) ...","Pre_approval_AI__c":0,"MCC_Code__c":"5047","OwnerId":"00530000006NODJAA4","Unique_Number__c":"000047348","Integration_Status__c":"Not Started","Registered_Country_Id2__c":"348","Account_owner__c":"Ivaylo Nikolov","Fees_Currency__c":"EUR","Minimum_monthly_fee_Value_1__c":5000,"Price_Quote_Type__c":"Standard","Tokenization_activation__c":"Yes","Track_G_Retry_Count__c":0,"Validating_End_User_Setup__c":1000.00,"x3rd_party_per_int__c":10000.00,"KYC_Checks__c":0,"Submit__c":false,"Tokenization_recurring__c":0,"Government_Owned_Merchant__c":"- NO -","eKYB_Check_Result__c":"Pending","Descriptor_Type__c":"Static","Is_managing_company_Latam__c":false,"dailySettlementConversionRateView__c":false,"Contact_name__c":"Vladimir Tsvetanov T (5 more) ...","DCC__c":0,"Registered_State__c":"Sofia","C_Panel_GO__c":2000,"Owner_Email__c":"ivaylo.nikolov@nuvei (4 more) ...","Customer_Due_Diligence_New__c":"Simplified","VIP__c":"No","G2_Group_ID__c":"19412","Address_Verification_activation__c":"Yes","Registered_Country_Code2__c":"HUN","Company_Type__c":"Limited","Action_Item_Count__c":0,"Bank_Count__c":0,"Minimum_Fee_SC_ACQIURER_MSA_section__c":"Euro 5000 in each ca (12 more) ...","Negative_WC1__c":0,"Update_Sales_AM_OM__c":false,"Managing_Company__c":"Safecharge Limited","Underwriting_Mgr__c":"0051O00000ChbPRQAZ","Incorporation_documents_or_Sole_trade__c":"None","Trading_Name__c":"Syntech Solutions","Manual_Application_Form__c":false,"Gross_Settlement__c":false,"APM_Pricing_Tier__c":"Tier 3","Run_all_eKYB_checks__c":false,"PCI_approved__c":false,"X3D_Secure_activation__c":"Yes","Nuvei_Connect_Last_Webhook__c":"2026-08-28T13:58:47.000Z","Account__c":"001Pj00001DnhbkIAB","Merchant_Tier__c":5,"term_one_time_payment__c":5000.00,"From_Reseller__c":"a0mPj00000u8rTVIAY","Tri_party_MSA__c":false,"Fire_Conga_MSA__c":false,"Terminal_Request__c":false,"Round_Robin_Assignment_Formula__c":1,"AMLCO_Compliance_approval__c":false,"Onboarding_Progress_Measurement__c":0.00,"SC_Acquirer_MSA__c":0,"X1_Month_Past_OLAP_Volume__c":0.00,"Registered_City__c":"Budapest","Negative_Address_Verification_checks__c":0,"Minimum_Fee_ES__c":"EUR 5000 en cada mes (9 more) ...","FI_Approval__c":false,"No_APMs__c":false,"Pre_Approved__c":false,"Primary_Contact__c":"003Pj00001PFt70IAD","Previous_Month_OLAP_Volume__c":0.00,"Registered_Street__c":"Kinizsi utca 20. Fsz (8 more) ...","Compliance_Status__c":"Oscilar Submitted","Country_Code__c":"HU","DocuSign_Recipient__c":"003Pj00001PFt70IAD","Integration_Progress__c":"Start","Is_SC_PoS__c":false,"Primary_Contact_first_Name__c":"Vladimir Tsvetanov","Is_High_Risk_Industry__c":"No","Sales_Rep_ID__c":"00530000006NODJAA4","City_field__c":"+18553106344","LastModifiedById":"005Pj00000cEmDOIA0"}|0x670f4dd2
13:58:48.328 (4349195143)|METHOD_ENTRY|[13]|01p1O000001xhGQ|ITriggerHandlerImpl.checkField(Object, Object)
13:58:48.328 (4349203343)|VARIABLE_SCOPE_BEGIN|[55]|this|ITriggerHandlerImpl|true|false
13:58:48.328 (4349227103)|VARIABLE_ASSIGNMENT|[55]|this|{"newRecordList":"0x278330dc","newRecordMap":"0x41e8e70f","oldRecordList":"0x2f0b9076","oldRecordMap":"0x7204a95a"}|0x347aaf7c
13:58:48.328 (4349230093)|VARIABLE_SCOPE_BEGIN|[55]|newValue|Object|false|false
13:58:48.328 (4349233363)|VARIABLE_ASSIGNMENT|[55]|newValue|null
13:58:48.328 (4349235303)|VARIABLE_SCOPE_BEGIN|[55]|oldValue|Object|false|false
13:58:48.328 (4349237863)|VARIABLE_ASSIGNMENT|[55]|oldValue|null
13:58:48.328 (4349242893)|HEAP_ALLOCATE|[56]|Bytes:5
13:58:48.328 (4349245213)|STATEMENT_EXECUTE|[55]
13:58:48.328 (4349245943)|STATEMENT_EXECUTE|[56]
13:58:48.328 (4349248353)|HEAP_ALLOCATE|[56]|Bytes:5
13:58:48.328 (4349253073)|METHOD_EXIT|[13]|01p1O000001xhGQ|ITriggerHandlerImpl.checkField(Object, Object)
13:58:48.328 (4349263683)|METHOD_ENTRY|[14]|01p1O000001xhGQ|ITriggerHandlerImpl.checkField(Object, Object)
13:58:48.328 (4349267303)|VARIABLE_SCOPE_BEGIN|[55]|this|ITriggerHandlerImpl|true|false
13:58:48.328 (4349275623)|VARIABLE_ASSIGNMENT|[55]|this|{"newRecordList":"0x278330dc","newRecordMap":"0x41e8e70f","oldRecordList":"0x2f0b9076","oldRecordMap":"0x7204a95a"}|0x347aaf7c
13:58:48.328 (4349277843)|VARIABLE_SCOPE_BEGIN|[55]|newValue|Object|false|false
13:58:48.328 (4349280423)|VARIABLE_ASSIGNMENT|[55]|newValue|null
13:58:48.328 (4349282033)|VARIABLE_SCOPE_BEGIN|[55]|oldValue|Object|false|false
13:58:48.328 (4349284773)|VARIABLE_ASSIGNMENT|[55]|oldValue|null
13:58:48.328 (4349287393)|HEAP_ALLOCATE|[56]|Bytes:5
13:58:48.328 (4349288933)|STATEMENT_EXECUTE|[55]
13:58:48.328 (4349289503)|STATEMENT_EXECUTE|[56]
13:58:48.328 (4349290603)|HEAP_ALLOCATE|[56]|Bytes:5
13:58:48.328 (4349292653)|METHOD_EXIT|[14]|01p1O000001xhGQ|ITriggerHandlerImpl.checkField(Object, Object)
13:58:48.328 (4349295533)|STATEMENT_EXECUTE|[12]
13:58:48.328 (4349296993)|HEAP_ALLOCATE|[9]|Bytes:4
13:58:48.328 (4349315733)|VARIABLE_ASSIGNMENT|[9]|i|1
13:58:48.328 (4349332663)|STATEMENT_EXECUTE|[19]
13:58:48.328 (4349336033)|METHOD_EXIT|[4]|01p1O000001xhGM|ComplianceTriggerHandler.syncChargingDatesToFinanceAdmin(List<Compliance__c>, List<Compliance__c>)
13:58:48.328 (4349340043)|METHOD_EXIT|[34]|01p1O000001xhGM|ComplianceTriggerHandler.afterUpdate(Object)
13:58:48.328 (4349349793)|SYSTEM_MODE_EXIT|false
13:58:48.328 (4349355313)|METHOD_EXIT|[4]|01p1O000001xhGQ|ITriggerHandlerImpl.execute()
13:58:48.349 (4349363334)|CUMULATIVE_LIMIT_USAGE
13:58:48.349 (4349363334)|LIMIT_USAGE_FOR_NS|(default)|
  Number of SOQL queries: 16 out of 200
  Number of query rows: 18 out of 50000
  Number of SOSL queries: 0 out of 20
  Number of DML statements: 6 out of 150
  Number of Publish Immediate DML: 0 out of 150
  Number of DML rows: 8 out of 10000
  Maximum CPU time: 668 out of 60000
  Maximum heap size: 0 out of 12000000
  Number of callouts: 0 out of 0
  Number of Email Invocations: 0 out of 10
  Number of future calls: 0 out of 50
  Number of queueable jobs added to the queue: 0 out of 1
  Number of Mobile Apex push calls: 0 out of 10

13:58:48.349 (4349363334)|LIMIT_USAGE_FOR_NS|MC4SF|
  Number of SOQL queries: 1 out of 200
  Number of query rows: 0 out of 50000
  Number of SOSL queries: 0 out of 20
  Number of DML statements: 0 out of 150
  Number of Publish Immediate DML: 0 out of 150
  Number of DML rows: 0 out of 10000
  Maximum CPU time: 0 out of 60000
  Maximum heap size: 0 out of 12000000
  Number of callouts: 0 out of 0
  Number of Email Invocations: 0 out of 10
  Number of future calls: 0 out of 50
  Number of queueable jobs added to the queue: 0 out of 1
  Number of Mobile Apex push calls: 0 out of 10

13:58:48.349 (4349363334)|LIMIT_USAGE_FOR_NS|pw_cc|
  Number of SOQL queries: 1 out of 200
  Number of query rows: 0 out of 50000
  Number of SOSL queries: 0 out of 20
  Number of DML statements: 0 out of 150
  Number of Publish Immediate DML: 0 out of 150
  Number of DML rows: 0 out of 10000
  Maximum CPU time: 0 out of 60000
  Maximum heap size: 0 out of 12000000
  Number of callouts: 0 out of 0
  Number of Email Invocations: 0 out of 10
  Number of future calls: 0 out of 50
  Number of queueable jobs added to the queue: 0 out of 1
  Number of Mobile Apex push calls: 0 out of 10

13:58:48.349 (4349363334)|LIMIT_USAGE_FOR_NS|SFSSDupeCatcher|
  Number of SOQL queries: 36 out of 200
  Number of query rows: 40 out of 50000
  Number of SOSL queries: 0 out of 20
  Number of DML statements: 0 out of 150
  Number of Publish Immediate DML: 0 out of 150
  Number of DML rows: 0 out of 10000
  Maximum CPU time: 0 out of 60000
  Maximum heap size: 0 out of 12000000
  Number of callouts: 0 out of 0
  Number of Email Invocations: 0 out of 10
  Number of future calls: 0 out of 50
  Number of queueable jobs added to the queue: 0 out of 1
  Number of Mobile Apex push calls: 0 out of 10

13:58:48.349 (4349363334)|LIMIT_USAGE_FOR_NS|slackv2|
  Number of SOQL queries: 1 out of 200
  Number of query rows: 1 out of 50000
  Number of SOSL queries: 0 out of 20
  Number of DML statements: 0 out of 150
  Number of Publish Immediate DML: 5 out of 150
  Number of DML rows: 0 out of 10000
  Maximum CPU time: 0 out of 60000
  Maximum heap size: 0 out of 12000000
  Number of callouts: 0 out of 0
  Number of Email Invocations: 0 out of 10
  Number of future calls: 0 out of 50
  Number of queueable jobs added to the queue: 0 out of 1
  Number of Mobile Apex push calls: 0 out of 10

13:58:48.349 (4349363334)|CUMULATIVE_LIMIT_USAGE_END

13:58:48.328 (4349564485)|CODE_UNIT_FINISHED|ComplianceTrigger on Compliance trigger event AfterUpdate|__sfdc_trigger/ComplianceTrigger
13:58:48.328 (4352409112)|CODE_UNIT_STARTED|[EXTERNAL]|01qPj00000BLBzq|IndirectBoardingComplianceTrigger on Compliance trigger event AfterUpdate|__sfdc_trigger/IndirectBoardingComplianceTrigger
13:58:48.328 (4352480502)|HEAP_ALLOCATE|[EXTERNAL]|Bytes:8
13:58:48.328 (4352490412)|HEAP_ALLOCATE|[EXTERNAL]|Bytes:8
13:58:48.328 (4352588733)|HEAP_ALLOCATE|[EXTERNAL]|Bytes:11
13:58:48.328 (4352607503)|HEAP_ALLOCATE|[EXTERNAL]|Bytes:8
13:58:48.328 (4352613623)|VARIABLE_SCOPE_BEGIN|[23]|this|IndirectBoardingComplianceTrigger|true|false
13:58:48.328 (4352634003)|VARIABLE_ASSIGNMENT|[23]|this|{}|0x2635ffcd
13:58:48.328 (4352658333)|HEAP_ALLOCATE|[EXTERNAL]|Bytes:8
13:58:48.328 (4352661663)|VARIABLE_SCOPE_BEGIN|[23]|this|IndirectBoardingComplianceTrigger|true|false
13:58:48.328 (4352667483)|VARIABLE_ASSIGNMENT|[23]|this|{}|0x2635ffcd
13:58:48.328 (4352670833)|STATEMENT_EXECUTE|[23]
13:58:48.328 (4352671833)|STATEMENT_EXECUTE|[24]
13:58:48.328 (4352680053)|HEAP_ALLOCATE|[24]|Bytes:4
13:58:48.328 (4352734344)|VARIABLE_ASSIGNMENT|[24]|this.toRun|[]|0x2635ffcd
13:58:48.328 (4352773774)|HEAP_ALLOCATE|[25]|Bytes:5
13:58:48.328 (4352784974)|VARIABLE_SCOPE_BEGIN|[25]|n|Compliance__c|true|false
13:58:48.328 (4354108012)|VARIABLE_ASSIGNMENT|[25]|n|{"Industry_for_APMs__c":"none","LastModifiedDate":"2026-08-28T13:58:48.000Z","Add_Cashier_fee__c":true,"Managing_Company_Location__c":"Other","Multi_GW_Connectivity__c":500.00,"Primary_Contact_Owner__c":"Ivaylo Nikolov","Fix_Holdback_for_APMs__c":false,"minimum_fee_text__c":"\u20ac 5000","X3D_Transactions_Fee__c":0.03,"Remittance_Cycle_MSA_wording__c":"on a weekly basis wi (19 more) ...","Docusign_send_Date__c":"2026-08-28T00:00:00.000Z","TSM__c":" ","MC_Acquirer_ID__c":"15554","Holdback_for_APMs__c":10.00,"PCI_Status__c":"Unknown","Minimum_Scales__c":0,"Logged_User_Email__c":"nuvei_connect_webhoo (34 more) ...","IsDeleted":false,"Jurisdiction__c":"Europe","Manual_Price_Quote__c":false,"Nuvei_Connect_Status__c":"SUBMITTED","Minimum__c":"Euro 5000 in each ca (13 more) ...","Application_Status__c":"None Atuomated","Monthly_Expected_Chargeback_Ratio__c":0.00,"Mastercard_Automatic_Billing_Updater_ABU__c":0.35,"Non_standard_terms__c":false,"Banking_Details_Form1__c":false,"Has_Camden_GW__c":0,"X3D_Secure_setup__c":250,"Is_Marketplace__c":false,"Account_Manager_ID__c":"0051O00000Cga4LQAR","Hide_Express_AF__c":true,"MSA_Template__c":"a1b1400000BCv8f","Is_Reseller__c":false,"Primary_Contact_Last_Name__c":"Tsekov","Active__c":false,"Risk_Role_UBO__c":0.00,"Conga_Template_Termination_Letter__c":"a1b1400000CXfx1","Primary_Contact_ID__c":"003Pj00001PFt70","Amendment_DCC__c":false,"x3rd_party_monthly__c":500.00,"MSA_Recipient__c":"003Pj00001PFt70IAD","Matching_and_Reconciliation__c":"No","Is_SC_Express__c":false,"dailySettlementConversionView__c":true,"RecordTypeId":"01214000000AWYCAA4","EU_Indirect_Orchestration__c":false,"Invoke_Activation__c":false,"Amendment_Mastercard_ABU__c":false,"EU_Indirect_MSA_Trigger__c":"&Id=a0mPj00000ur6lO& (99 more) ...","Tax_ID_Type__c":"VAT","Nuvei_Partner_ID__c":"b5abf69f-0859-4b57-8 (16 more) ...","Proactive_account_optimization__c":"No","Logged_User_Name__c":"Nuvei Connect Webhoo (17 more) ...","Rebilling_System_Activation__c":"Yes","No_URL__c":false,"Connect_APMs__c":0,"SystemModstamp":"2026-08-28T13:58:48.000Z","Owner_Full_Name__c":"Ivaylo Nikolov","Industry_For_Pricing__c":"ECOMMERCE","Smart_3D_Secure_Fee__c":0.04,"G2S_Agreement__c":false,"Case_SafeID__c":"a0mPj00000ur6lOIAQ","Contract_Term__c":36,"MSA_Termination_Date_Formula__c":"2026-09-28T00:00:00.000Z","Incorporation_number__c":"01-09-409373","Covered_Client__c":"No","GW_Processing_Fee__c":0.15,"Underwriting_Mgr_Name__c":"Underwriting Cyprus","Sales_Rep_email_formula__c":"ivaylo.nikolov@nuvei (4 more) ...","Completed_action_Item_Count__c":0,"Pre_approval_Initiation__c":false,"Remittance_Cycle__c":"Weekly with 1 week d (4 more) ...","Remittance_Currency_Text__c":"Euro, ","Name":"Syntech Solutions Kf (2 more) ...","portal_URL__c":"https://safecharge.m (29 more) ...","Account_Manager__c":"0051O00000Cga4LQAR","Managing_Company_Grouping__c":"Nuvei","CreatedById":"005Pj00000cEmDOIA0","OLAP_Volume__c":0.00,"APM_modified_via_Cpanel__c":false,"Risk_Level__c":"Low","Terms_VP_approval__c":false,"Intro_Email_sent__c":false,"Managing_Company_Label__c":"Nuvei Limited","Amendment_3D_Transactions__c":false,"CurrencyIsoCode":"USD","Holdback_rate_for_APMs_for_PQ_MSA__c":"10%","Checklist_Status__c":"Partial","Nuvei_Connect_Application_ID__c":"NC178792551537","Count_of_SC_MSA_LTD_banks__c":0,"CreatedDate":"2026-08-28T13:58:46.000Z","Jira_Link2__c":"None","Visa_Account_Name_Inquiry_ANI__c":0.25,"Progress_Measurement__c":"Not Started - Oscila (24 more) ...","Alert_Flag_FATCA_Check__c":"_IM1_/img/samples/fl (25 more) ...","Minimum_commitment_calculation__c":"5000","Partial_Approval__c":false,"Registered_Zip_Postal_Code__c":"1203","Portal_User_Active__c":false,"Can_Send_Short_MSA__c":"Yes","Expected_Monthly_Volume__c":0.00,"Expected_Monthly_Volume_Total__c":0.00,"primary_Contact_email__c":"vladimir.tsekov@yaho (5 more) ...","AVS_Scan__c":false,"Track_F_Retry_Count__c":0,"Remittance_Currency_old__c":"EURO","Declined_Pre_Approval_Declined__c":false,"G2S_Migrated__c":false,"Settlement_threshold__c":"5000","Has_SC_Acquirer_bank__c":0,"Manual_MCC_Code__c":"5047","Remittance_Currency__c":"Euro","Premium_Flag__c":false,"Non_STD_services_fees__c":"Rebill setup < 1,000 (43 more) ...","VAT_Number__c":"32153891-2-43","Validating_End_User_pa__c":0.50,"Wire_Fee__c":15.00,"Incorporation_Documents_non_eu__c":false,"Management_Approval__c":false,"Account_Manager_Email__c":"plamen.jordanov@nuve (5 more) ...","eKYB_Check_In_Progress__c":false,"Nuvei_Integration_Fee__c":10000.00,"Price_Quote_Status__c":"Started","Account_ID__c":"001Pj00001DnhbkIAB","Opportunity__c":"006Pj00000zMXv7IAG","Registered_Country__c":"Hungary","Finance_Admin_installed__c":false,"Name_on_Card_activation__c":"No","Underwriting_Mgr_ID__c":"0051O00000ChbPRQAZ","Minimum_monthly_fee_with_Waived__c":"5000","Round_Robin_UW_ID__c":"0055Y00000Gct8G","KYC_Progress__c":0,"Sales_Rep__c":"00530000006NODJAA4","Conga_template_ID_by_industry__c":"a1b1400000BCCVg","Merchant_Status__c":"Start!","Age_Verification_activation__c":"Yes","Is_Processing__c":false,"Rebilling_system_transaction__c":0.00,"MSA_Terminated__c":false,"Service_Level_Standards__c":false,"Pre_approval_AI_Received__c":0,"Conga_open_mode__c":false,"Complete_Websites_in_Application_form__c":0,"Id":"a0mPj00000ur6lOIAQ","Gaming_Forex_license__c":false,"SME_Merchant__c":false,"VP_Approval_Status__c":"Not Needed","Foundation_date__c":"2022-12-01T00:00:00.000Z","Rebilling_system_Setup__c":0,"Amendment_Smart_3D__c":false,"Account_Open_Integration_Case__c":false,"Count_of_LTD_banks__c":0,"Descriptor__c":"Syntech Solutions Kf (2 more) ...","Checklist_Type__c":"Simplified","Stage__c":"In Pre-Approval","Cashier_fee__c":0.03,"Url__c":"http://cosmedicalsup (7 more) ...","Pre_approval_AI__c":0,"MCC_Code__c":"5047","OwnerId":"00530000006NODJAA4","Unique_Number__c":"000047348","Integration_Status__c":"Not Started","Registered_Country_Id2__c":"348","Account_owner__c":"Ivaylo Nikolov","Fees_Currency__c":"EUR","Minimum_monthly_fee_Value_1__c":5000,"Price_Quote_Type__c":"Standard","Tokenization_activation__c":"Yes","Track_G_Retry_Count__c":0,"Validating_End_User_Setup__c":1000.00,"x3rd_party_per_int__c":10000.00,"KYC_Checks__c":0,"Submit__c":false,"Tokenization_recurring__c":0,"Government_Owned_Merchant__c":"- NO -","eKYB_Check_Result__c":"Pending","Descriptor_Type__c":"Static","Is_managing_company_Latam__c":false,"dailySettlementConversionRateView__c":false,"Contact_name__c":"Vladimir Tsvetanov T (5 more) ...","DCC__c":0,"Registered_State__c":"Sofia","C_Panel_GO__c":2000,"Owner_Email__c":"ivaylo.nikolov@nuvei (4 more) ...","Customer_Due_Diligence_New__c":"Simplified","VIP__c":"No","G2_Group_ID__c":"19412","Address_Verification_activation__c":"Yes","Registered_Country_Code2__c":"HUN","Company_Type__c":"Limited","Action_Item_Count__c":0,"Bank_Count__c":0,"Minimum_Fee_SC_ACQIURER_MSA_section__c":"Euro 5000 in each ca (12 more) ...","Negative_WC1__c":0,"Update_Sales_AM_OM__c":false,"Managing_Company__c":"Safecharge Limited","Underwriting_Mgr__c":"0051O00000ChbPRQAZ","Incorporation_documents_or_Sole_trade__c":"None","Trading_Name__c":"Syntech Solutions","Manual_Application_Form__c":false,"Gross_Settlement__c":false,"APM_Pricing_Tier__c":"Tier 3","Run_all_eKYB_checks__c":false,"PCI_approved__c":false,"X3D_Secure_activation__c":"Yes","Nuvei_Connect_Last_Webhook__c":"2026-08-28T13:58:48.000Z","Account__c":"001Pj00001DnhbkIAB","Merchant_Tier__c":5,"term_one_time_payment__c":5000.00,"From_Reseller__c":"a0mPj00000u8rTVIAY","Tri_party_MSA__c":false,"Fire_Conga_MSA__c":false,"Terminal_Request__c":false,"Round_Robin_Assignment_Formula__c":1,"AMLCO_Compliance_approval__c":false,"Onboarding_Progress_Measurement__c":0.00,"SC_Acquirer_MSA__c":0,"X1_Month_Past_OLAP_Volume__c":0.00,"Registered_City__c":"Budapest","Negative_Address_Verification_checks__c":0,"Minimum_Fee_ES__c":"EUR 5000 en cada mes (9 more) ...","FI_Approval__c":false,"No_APMs__c":false,"Pre_Approved__c":false,"Primary_Contact__c":"003Pj00001PFt70IAD","Previous_Month_OLAP_Volume__c":0.00,"Registered_Street__c":"Kinizsi utca 20. Fsz (8 more) ...","Compliance_Status__c":"Oscilar Submitted","Country_Code__c":"HU","DocuSign_Recipient__c":"003Pj00001PFt70IAD","Integration_Progress__c":"Start","Is_SC_PoS__c":false,"Primary_Contact_first_Name__c":"Vladimir Tsvetanov","Is_High_Risk_Industry__c":"No","Sales_Rep_ID__c":"00530000006NODJAA4","City_field__c":"+18553106344","LastModifiedById":"005Pj00000cEmDOIA0"}|0x37ecaa36
13:58:48.328 (4354742495)|STATEMENT_EXECUTE|[25]
13:58:48.328 (4354764655)|STATEMENT_EXECUTE|[26]
13:58:48.328 (4354765265)|STATEMENT_EXECUTE|[27]
13:58:48.328 (4354773516)|HEAP_ALLOCATE|[25]|Bytes:5
13:58:48.328 (4354784636)|VARIABLE_ASSIGNMENT|[25]|n|null|
13:58:48.328 (4354856886)|HEAP_ALLOCATE|[43]|Bytes:5
13:58:48.328 (4354862416)|VARIABLE_ASSIGNMENT|[43]|complianceId|null
13:58:48.328 (4354864736)|STATEMENT_EXECUTE|[43]
13:58:48.354 (4354867776)|CUMULATIVE_LIMIT_USAGE
13:58:48.354 (4354867776)|LIMIT_USAGE_FOR_NS|(default)|
  Number of SOQL queries: 16 out of 200
  Number of query rows: 18 out of 50000
  Number of SOSL queries: 0 out of 20
  Number of DML statements: 6 out of 150
  Number of Publish Immediate DML: 0 out of 150
  Number of DML rows: 8 out of 10000
  Maximum CPU time: 668 out of 60000
  Maximum heap size: 0 out of 12000000
  Number of callouts: 0 out of 0
  Number of Email Invocations: 0 out of 10
  Number of future calls: 0 out of 50
  Number of queueable jobs added to the queue: 0 out of 1
  Number of Mobile Apex push calls: 0 out of 10

13:58:48.354 (4354867776)|LIMIT_USAGE_FOR_NS|MC4SF|
  Number of SOQL queries: 1 out of 200
  Number of query rows: 0 out of 50000
  Number of SOSL queries: 0 out of 20
  Number of DML statements: 0 out of 150
  Number of Publish Immediate DML: 0 out of 150
  Number of DML rows: 0 out of 10000
  Maximum CPU time: 0 out of 60000
  Maximum heap size: 0 out of 12000000
  Number of callouts: 0 out of 0
  Number of Email Invocations: 0 out of 10
  Number of future calls: 0 out of 50
  Number of queueable jobs added to the queue: 0 out of 1
  Number of Mobile Apex push calls: 0 out of 10

13:58:48.354 (4354867776)|LIMIT_USAGE_FOR_NS|pw_cc|
  Number of SOQL queries: 1 out of 200
  Number of query rows: 0 out of 50000
  Number of SOSL queries: 0 out of 20
  Number of DML statements: 0 out of 150
  Number of Publish Immediate DML: 0 out of 150
  Number of DML rows: 0 out of 10000
  Maximum CPU time: 0 out of 60000
  Maximum heap size: 0 out of 12000000
  Number of callouts: 0 out of 0
  Number of Email Invocations: 0 out of 10
  Number of future calls: 0 out of 50
  Number of queueable jobs added to the queue: 0 out of 1
  Number of Mobile Apex push calls: 0 out of 10

13:58:48.354 (4354867776)|LIMIT_USAGE_FOR_NS|SFSSDupeCatcher|
  Number of SOQL queries: 36 out of 200
  Number of query rows: 40 out of 50000
  Number of SOSL queries: 0 out of 20
  Number of DML statements: 0 out of 150
  Number of Publish Immediate DML: 0 out of 150
  Number of DML rows: 0 out of 10000
  Maximum CPU time: 0 out of 60000
  Maximum heap size: 0 out of 12000000
  Number of callouts: 0 out of 0
  Number of Email Invocations: 0 out of 10
  Number of future calls: 0 out of 50
  Number of queueable jobs added to the queue: 0 out of 1
  Number of Mobile Apex push calls: 0 out of 10

13:58:48.354 (4354867776)|LIMIT_USAGE_FOR_NS|slackv2|
  Number of SOQL queries: 1 out of 200
  Number of query rows: 1 out of 50000
  Number of SOSL queries: 0 out of 20
  Number of DML statements: 0 out of 150
  Number of Publish Immediate DML: 5 out of 150
  Number of DML rows: 0 out of 10000
  Maximum CPU time: 0 out of 60000
  Maximum heap size: 0 out of 12000000
  Number of callouts: 0 out of 0
  Number of Email Invocations: 0 out of 10
  Number of future calls: 0 out of 50
  Number of queueable jobs added to the queue: 0 out of 1
  Number of Mobile Apex push calls: 0 out of 10

13:58:48.354 (4354867776)|CUMULATIVE_LIMIT_USAGE_END

13:58:48.328 (4355010927)|CODE_UNIT_FINISHED|IndirectBoardingComplianceTrigger on Compliance trigger event AfterUpdate|__sfdc_trigger/IndirectBoardingComplianceTrigger
13:58:48.328 (4356858128)|CODE_UNIT_STARTED|[EXTERNAL]|Workflow:01I300000027f4c
13:58:48.328 (4365616979)|WF_RULE_EVAL_BEGIN|Workflow
13:58:48.328 (4365644879)|WF_CRITERIA_BEGIN|[Company Profile: Syntech Solutions Kft. a0mPj00000ur6lO]|Open_Finance_Admin_automation301Pj00001DMSda|01QPj000004DR05|ON_ALL_CHANGES|0
13:58:48.328 (4365796740)|WF_FORMULA|Formula:ENCODED:[treatNullAsNull]true|Values:
13:58:48.328 (4365804260)|WF_CRITERIA_END|true
13:58:48.328 (4367491050)|WF_CRITERIA_BEGIN|[Company Profile: Syntech Solutions Kft. a0mPj00000ur6lO]|Risk Assessment date|01Q5Y000000q5Y2|ON_ALL_CHANGES|0
13:58:48.328 (4367702022)|WF_FORMULA|Formula:ENCODED:[treatNullAsNull]ISCHANGED( {!ID:00N5Y00000OKGLn} )|Values:Risk_Assessment__c=null
13:58:48.328 (4367707442)|WF_CRITERIA_END|false
13:58:48.328 (4367713982)|WF_CRITERIA_BEGIN|[Company Profile: Syntech Solutions Kft. a0mPj00000ur6lO]|Open Date for Live status|01Q1O000000u9KC|ON_CREATE_OR_TRIGGERING_UPDATE|0
13:58:48.328 (4371206533)|WF_RULE_FILTER|[Company Profile : Compliance Status equals Live-SC Express, Live (No Payout)] 
AND [Company Profile : Open Date equals ]
13:58:48.328 (4371221403)|WF_RULE_EVAL_VALUE|47
13:58:48.328 (4371223973)|WF_CRITERIA_END|false
13:58:48.328 (4371230043)|WF_CRITERIA_BEGIN|[Company Profile: Syntech Solutions Kft. a0mPj00000ur6lO]|Customer Due Diligence update on Risk Level Low|01Q1O000000E3Oy|ON_CREATE_OR_TRIGGERING_UPDATE|0
13:58:48.328 (4371398034)|WF_RULE_NOT_EVALUATED
13:58:48.328 (4371403274)|WF_CRITERIA_BEGIN|[Company Profile: Syntech Solutions Kft. a0mPj00000ur6lO]|PQ Type is Set|01Q14000000HdWG|ON_CREATE_OR_TRIGGERING_UPDATE|0
13:58:48.328 (4371475834)|WF_RULE_NOT_EVALUATED
13:58:48.328 (4371480244)|WF_CRITERIA_BEGIN|[Company Profile: Syntech Solutions Kft. a0mPj00000ur6lO]|AMLCO_approval3011O000000kMD7|01Q5Y000000WZFK|ON_ALL_CHANGES|0
13:58:48.328 (4371505804)|WF_FORMULA|Formula:ENCODED:[treatNullAsNull]true|Values:
13:58:48.328 (4371508805)|WF_CRITERIA_END|true
13:58:48.328 (4371517085)|WF_CRITERIA_BEGIN|[Company Profile: Syntech Solutions Kft. a0mPj00000ur6lO]|Funds Release in 14 Days|01Q1O000000SCG2|ON_CREATE_OR_TRIGGERING_UPDATE|0
13:58:48.328 (4371665005)|WF_FORMULA|Formula:ENCODED:[treatNullAsNull]IF( TODAY() =  {!ID:00N1O00000BV8k8} - ( ( 365 / 365 ) * 14), true, false)|Values:Funds_Release_Date__c=null
13:58:48.328 (4371668735)|WF_CRITERIA_END|false
13:58:48.328 (4371673415)|WF_CRITERIA_BEGIN|[Company Profile: Syntech Solutions Kft. a0mPj00000ur6lO]|New UW manager|01Q1O000000hcSM|ON_CREATE_OR_TRIGGERING_UPDATE|0
13:58:48.328 (4371790136)|WF_RULE_FILTER|[Company Profile : Underwriting Mgr Name does not contain Cyprus] 
AND [Company Profile : Compliance Status not equal to ] 
AND [Company Profile : Underwriting Mgr Name not equal to ] 
AND [Company Profile : Managing Company equals Safecharge Limited, Safecharge International, Safecharge Financial Services, Nuvei Payments DMCC, Safecharge (USA) Inc.] 
AND [Company Profile : Industry does not contain Internal]
13:58:48.328 (4371831886)|WF_RULE_EVAL_VALUE|Underwriting Cyprus
13:58:48.328 (4371834286)|WF_CRITERIA_END|false
13:58:48.328 (4371839266)|WF_CRITERIA_BEGIN|[Company Profile: Syntech Solutions Kft. a0mPj00000ur6lO]|Notify AM on MSA signed by merchant|01Q14000000Ds3G|ON_CREATE_OR_TRIGGERING_UPDATE|0
13:58:48.328 (4371849757)|WF_RULE_FILTER|[Company Profile : MSA Status equals signed]
13:58:48.328 (4371851977)|WF_RULE_EVAL_VALUE|
13:58:48.328 (4371853037)|WF_CRITERIA_END|false
13:58:48.328 (4371856117)|WF_CRITERIA_BEGIN|[Company Profile: Syntech Solutions Kft. a0mPj00000ur6lO]|VIP Merchant set to VIP (CP)|01Q14000000JeV6|ON_CREATE_OR_TRIGGERING_UPDATE|0
13:58:48.328 (4371868557)|WF_RULE_FILTER|[Company Profile : VIP equals Yes]
13:58:48.328 (4371873347)|WF_RULE_EVAL_VALUE|1
13:58:48.328 (4371874697)|WF_CRITERIA_END|false
13:58:48.328 (4371883297)|WF_CRITERIA_BEGIN|[Company Profile: Syntech Solutions Kft. a0mPj00000ur6lO]|Additional MCC 3|01QPj00000061O1|ON_ALL_CHANGES|0
13:58:48.328 (4372552891)|WF_FORMULA|Formula:ENCODED:[treatNullAsNull]ISCHANGED({!ID:00N30000008rJPO}) && ( 
TEXT({!ID:00N30000008rJPO}) = "Automobile and Truck Dealers - Sales, Service, Repairs, Parts, and Leasing" &#124;&#124;
TEXT({!ID:00N30000008rJPO}) = "Pawn Shops" &#124;&#124;
TEXT({!ID:00N30000008rJPO}) = "Durable Goods (not elsewhere classified)" &#124;&#124;
TEXT({!ID:00N30000008rJPO}) = "Nondurable Goods (not elsewhere classified)" &#124;&#124;
TEXT({!ID:00N30000008rJPO}) = "Contractors, Special Trade (not elsewhere classified)" &#124;&#124;
TEXT({!ID:00N30000008rJPO}) = "Dentists, Orthodontists" &#124;&#124;
TEXT({!ID:00N30000008rJPO}) = "Package Stores, Beer, Wine, and Liquor" &#124;&#124;
TEXT({!ID:00N30000008rJPO}) = "Construction Materials (not elsewhere classified)" &#124;&#124;
TEXT({!ID:00N30000008rJPO}) = "Miscellaneous Publishing and Printing" &#124;&#124;
TEXT({!ID:00N30000008rJPO}) = "Clubs - Country Clubs, Membership (Athletic, Recreation, Sports), Private Golf Courses" &#124;&#124;
TEXT({!ID:00N30000008rJPO}) = "Automotive Body Repair Shops" &#124;&#124;
TEXT({!ID:00N30000008rJPO}) = "Attorneys, Legal Services" &#124;&#124;
TEXT({!ID:00N30000008rJPO}) = "Floor Covering Stores" &#124;&#124;
TEXT({!ID:00N30000008rJPO}) = "Swimming Pools - Sales and Supplies" &#124;&#124;
TEXT({!ID:00N30000008rJPO}) = "General Contractors, residential and commercial" &#124;&#124;
TEXT({!ID:00N30000008rJPO}) = "Commercial Equipment (not elsewhere classified)" &#124;&#124;
TEXT({!ID:00N30000008rJPO}) = "Gateway Services" &#124;&#124;
TEXT({!ID:00N30000008rJPO}) = "Religious Goods Stores" &#124;&#124;
TEXT({!ID:00N30000008rJPO}) = "Home Supply Warehouse Stores" &#124;&#124;
TEXT({!ID:00N30000008rJPO}) = "Cleaning, Maintenance, and Janitorial Services" &#124;&#124;
TEXT({!ID:00N30000008rJPO}) = "Elementary and Secondary Schools" &#124;&#124;
TEXT({!ID:00N30000008rJPO}) = "Colleges, Universities, Professional Schools, and Junior Colleges" &#124;&#124;
TEXT({!ID:00N30000008rJPO}) = "Consulting, Management, and Public Relations Services" &#124;&#124;
TEXT({!ID:00N30000008rJPO}) = "Bands, Orchestras, and Miscellaneous Entertainers (not elsewhere classified)" &#124;&#124;
TEXT({!ID:00N30000008rJPO}) = "Freezer, Locker Meat Provisioners" &#124;&#124; 
TEXT({!ID:00N30000008rJPO}) = "Bridge and Road Fees, Tolls" &#124;&#124;
TEXT({!ID:00N30000008rJPO}) = "POS PayFac" &#124;&#124;
TEXT({!ID:00N30000008rJPO}) = "Cruise Lines" &#124;&#124;
TEXT({!ID:00N30000008rJPO}) = "Airline - Avianca" &#124;&#124;
TEXT({!ID:00N30000008rJPO}) = "Sweeps" &#124;&#124;
TEXT({!ID:00N30000008rJPO}) = "Video Amusement Game Supplies" &#124;&#124;
TEXT({!ID:00N30000008rJPO}) = "On Ramp Provider" &#124;&#124;
TEXT({!ID:00N30000008rJPO}) = "Sweepstakes" &#124;&#124;
TEXT({!ID:00N30000008rJPO}) = "Travel Agencies and Tour Operators" &#124;&#124;
TEXT({!ID:00N30000008rJPO}) = "MPG" &#124;&#124;
TEXT({!ID:00N30000008rJPO}) = "Proprietary Trading" &#124;&#124;
TEXT({!ID:00N30000008rJPO}) = "Airline - Air France" &#124;&#124;
TEXT({!ID:00N30000008rJPO}) = "Airline - Aeromexico" &#124;&#124;
TEXT({!ID:00N30000008rJPO}) = "Airline - Royal Dutch Airlines (KLM)" &#124;&#124;
TEXT({!ID:00N30000008rJPO}) = "Airline - Emirates Airlines" &#124;&#124;
TEXT({!ID:00N30000008rJPO}) = "Local and Suburban Commuter Passenger Transportation, Including Ferries" &#124;&#124;
TEXT({!ID:00N30000008rJPO}) = "Motor Vehicle Supplies and New Parts" &#124;&#124;
TEXT({!ID:00N30000008rJPO}) = "Motorcycle Shops and Dealers" &#124;&#124;
TEXT({!ID:00N30000008rJPO}) = "Information Retrieval Services" &#124;&#124;
TEXT({!ID:00N30000008rJPO}) = "Airline - LOT Polish Airlines" &#124;&#124;
TEXT({!ID:00N30000008rJPO}) = "Air Conditioning, Heating, and Plumbing Contractors")|Values:Industry__c=null
13:58:48.328 (4372612521)|WF_CRITERIA_END|false
13:58:48.328 (4372621111)|WF_CRITERIA_BEGIN|[Company Profile: Syntech Solutions Kft. a0mPj00000ur6lO]|New addition/ change of VAT Number|01Q5Y000001AqMV|ON_ALL_CHANGES|0
13:58:48.328 (4372752572)|WF_FORMULA|Formula:ENCODED:[treatNullAsNull]AND(ISCHANGED( {!ID:00N3000000A5MyX} ), OR(TEXT( {!ID:00N1400000BBvX1} ) = "Live", TEXT( {!ID:00N1400000BBvX1} ) = "Live (No Payout)", TEXT( {!ID:00N1400000BBvX1} ) = "Live-SC Express"))|Values:Compliance_Status__c=Oscilar Submitted, VAT_Number__c=32153891-2-43
13:58:48.328 (4372756502)|WF_CRITERIA_END|false
13:58:48.328 (4372762602)|WF_CRITERIA_BEGIN|[Company Profile: Syntech Solutions Kft. a0mPj00000ur6lO]|Director_approval3011O000000kMDP|01Q5Y000001SK0V|ON_ALL_CHANGES|0
13:58:48.328 (4372782122)|WF_FORMULA|Formula:ENCODED:[treatNullAsNull]true|Values:
13:58:48.328 (4372784422)|WF_CRITERIA_END|true
13:58:48.328 (4372790682)|WF_CRITERIA_BEGIN|[Company Profile: Syntech Solutions Kft. a0mPj00000ur6lO]|Holdback 0|01Q1O000000hczB|ON_CREATE_OR_TRIGGERING_UPDATE|0
13:58:48.328 (4372981763)|WF_FORMULA|Formula:ENCODED:[treatNullAsNull]ISPICKVAL ({!ID:00N30000008rJPO}, "Barber and Beauty Shops")  &#124;&#124; 
ISPICKVAL ({!ID:00N30000008rJPO}, "Cigar stores and stands") &#124;&#124; 
ISPICKVAL ({!ID:00N30000008rJPO}, "Duty Free Stores")  &#124;&#124; 
ISPICKVAL ({!ID:00N30000008rJPO}, "Eating Places, Restaurants")  &#124;&#124; 
ISPICKVAL ({!ID:00N30000008rJPO}, "Fast Food Restaurants")  &#124;&#124; 
ISPICKVAL ({!ID:00N30000008rJPO}, "Pubs and Bars")  &#124;&#124; 
ISPICKVAL ({!ID:00N30000008rJPO}, "Restaurants") &#124;&#124;
ISPICKVAL ({!ID:00N30000008rJPO}, "Taxicabs and Limousines")|Values:Industry__c=null
13:58:48.328 (4372987903)|WF_CRITERIA_END|false
13:58:48.328 (4372991873)|WF_CRITERIA_BEGIN|[Company Profile: Syntech Solutions Kft. a0mPj00000ur6lO]|FI Approval|01Q1O000000u87R|ON_CREATE_OR_TRIGGERING_UPDATE|0
13:58:48.328 (4373023023)|WF_RULE_FILTER|[Company Profile : FI Approval equals true]
13:58:48.328 (4373026773)|WF_RULE_EVAL_VALUE|false
13:58:48.328 (4373029194)|WF_CRITERIA_END|false
13:58:48.328 (4373032414)|WF_CRITERIA_BEGIN|[Company Profile: Syntech Solutions Kft. a0mPj00000ur6lO]|Settle PQ for live merchant|01Q14000000DsBA|ON_CREATE_OR_TRIGGERING_UPDATE|0
13:58:48.328 (4373215375)|WF_FORMULA|Formula:ENCODED:[treatNullAsNull]TEXT({!ID:00N30000007uAMQ.StageName}) = 'Live' &&  TEXT({!ID:00N1400000BBsNP}) = 'Approved'|Values:Opportunity__r.StageName=In Pre-Approval, Price_Quote_Status__c=Started
13:58:48.328 (4373219455)|WF_CRITERIA_END|false
13:58:48.328 (4373223775)|WF_CRITERIA_BEGIN|[Company Profile: Syntech Solutions Kft. a0mPj00000ur6lO]|From_Approval_to_Live301Pj000018hvIv|01QPj0000046YeD|ON_ALL_CHANGES|0
13:58:48.328 (4373242815)|WF_FORMULA|Formula:ENCODED:[treatNullAsNull]true|Values:
13:58:48.328 (4373245075)|WF_CRITERIA_END|true
13:58:48.328 (4373250875)|WF_CRITERIA_BEGIN|[Company Profile: Syntech Solutions Kft. a0mPj00000ur6lO]|FATCA Check|01Q14000000Haxj|ON_CREATE_OR_TRIGGERING_UPDATE|0
13:58:48.328 (4373295535)|WF_RULE_FILTER|[Company Profile : Does the company have a U.S. Address? equals Yes] OR
 [Company Profile : Does the account have a U.S. phone num? equals Yes] OR
 [Company Profile : Do any owners have a U.S. Passport? equals Yes] OR
 [Company Profile : It this a U.S. Reportable Account? equals Yes]
13:58:48.328 (4373300495)|WF_RULE_EVAL_VALUE|
13:58:48.328 (4373301805)|WF_RULE_EVAL_VALUE|
13:58:48.328 (4373302905)|WF_RULE_EVAL_VALUE|
13:58:48.328 (4373303975)|WF_RULE_EVAL_VALUE|
13:58:48.328 (4373304895)|WF_CRITERIA_END|false
13:58:48.328 (4373308185)|WF_CRITERIA_BEGIN|[Company Profile: Syntech Solutions Kft. a0mPj00000ur6lO]|VIP Merchant set to LIVE -VIP|01Q14000000JeVG|ON_CREATE_OR_TRIGGERING_UPDATE|0
13:58:48.328 (4373321455)|WF_RULE_FILTER|[Company Profile : Compliance Status equals Live (VIP)]
13:58:48.328 (4373326635)|WF_RULE_EVAL_VALUE|47
13:58:48.328 (4373328015)|WF_CRITERIA_END|false
13:58:48.328 (4373331035)|WF_CRITERIA_BEGIN|[Company Profile: Syntech Solutions Kft. a0mPj00000ur6lO]|FI Comment|01Q1O000000u87W|ON_CREATE_OR_TRIGGERING_UPDATE|0
13:58:48.328 (4373342435)|WF_RULE_FILTER|[Company Profile : FI Notes not equal to ]
13:58:48.328 (4373344305)|WF_RULE_EVAL_VALUE|
13:58:48.328 (4373345095)|WF_CRITERIA_END|false
13:58:48.328 (4373348125)|WF_CRITERIA_BEGIN|[Company Profile: Syntech Solutions Kft. a0mPj00000ur6lO]|above the monthly minimum HARD limit|01Q14000000DsxT|ON_CREATE_OR_TRIGGERING_UPDATE|0
13:58:48.328 (4373367895)|WF_RULE_NOT_EVALUATED
13:58:48.328 (4373370796)|WF_CRITERIA_BEGIN|[Company Profile: Syntech Solutions Kft. a0mPj00000ur6lO]|Registration Address Change for an existing client for Merchant Finance|01Q5Y000001AqMf|ON_ALL_CHANGES|0
13:58:48.328 (4373557747)|WF_FORMULA|Formula:ENCODED:[treatNullAsNull]AND( OR(ISCHANGED(  {!ID:00N1O00000BV4mZ}   ), ISCHANGED(  {!ID:00N1O00000BV4mj}  ), ISCHANGED(  {!ID:00N1O00000BV4mo}  ), ISCHANGED(  {!ID:00N1O00000BV4me}  )), 
OR(TEXT( {!ID:00N1400000BBvX1} ) = "Live", TEXT( {!ID:00N1400000BBvX1} ) = "Live (No Payout)", TEXT( {!ID:00N1400000BBvX1} ) = "Live-SC Express"))|Values:Registered_Street__c=Kinizsi utca 20. Fsz.1. ajto, Registered_Zip_Postal_Code__c=1203, Compliance_Status__c=Oscilar Submitted, Registered_Country__c=Hungary, Registered_City__c=Budapest
13:58:48.328 (4373562607)|WF_CRITERIA_END|false
13:58:48.328 (4373567137)|WF_CRITERIA_BEGIN|[Company Profile: Syntech Solutions Kft. a0mPj00000ur6lO]|Notify when Integration Status Done|01Q1O000000SDbG|ON_CREATE_OR_TRIGGERING_UPDATE|0
13:58:48.328 (4373581367)|WF_RULE_FILTER|[Company Profile : Integration Status equals Done]
13:58:48.328 (4373586337)|WF_RULE_EVAL_VALUE|77
13:58:48.328 (4373587737)|WF_CRITERIA_END|false
13:58:48.328 (4373590827)|WF_CRITERIA_BEGIN|[Company Profile: Syntech Solutions Kft. a0mPj00000ur6lO]|Payout alert for AM|01Q1O000000u8Cg|ON_ALL_CHANGES|0
13:58:48.328 (4373633627)|WF_FORMULA|Formula:ENCODED:[treatNullAsNull]ISCHANGED( {!ID:00N1O00000Bduh1} )|Values:Payouts__c=null
13:58:48.328 (4373636597)|WF_CRITERIA_END|false
13:58:48.328 (4373640337)|WF_CRITERIA_BEGIN|[Company Profile: Syntech Solutions Kft. a0mPj00000ur6lO]|Risk Assessment reminder|01Q5Y000000q5YC|ON_CREATE_OR_TRIGGERING_UPDATE|0
13:58:48.328 (4373662197)|WF_RULE_FILTER|[Company Profile : Risk Assessment Date not equal to ] 
AND [Company Profile : Compliance Status contains Live]
13:58:48.328 (4373664367)|WF_RULE_EVAL_VALUE|
13:58:48.328 (4373665277)|WF_CRITERIA_END|false
13:58:48.328 (4373668207)|WF_CRITERIA_BEGIN|[Company Profile: Syntech Solutions Kft. a0mPj00000ur6lO]|Checklist for Introducers|01Q1O000000uANM|ON_CREATE_OR_TRIGGERING_UPDATE|0
13:58:48.328 (4373684737)|WF_RULE_FILTER|[Company Profile : Record Type equals Reseller]
13:58:48.328 (4373688257)|WF_RULE_EVAL_VALUE|01214000000AWYC
13:58:48.328 (4373689597)|WF_CRITERIA_END|false
13:58:48.328 (4373692717)|WF_CRITERIA_BEGIN|[Company Profile: Syntech Solutions Kft. a0mPj00000ur6lO]|Primary_contact_update3011O000000c8Ar|01Q1O000000hcuR|ON_RECURSIVE_UPDATE|0
13:58:48.328 (4373709657)|WF_FORMULA|Formula:ENCODED:[treatNullAsNull]true|Values:
13:58:48.328 (4373711777)|WF_CRITERIA_END|true
13:58:48.328 (4373716788)|WF_CRITERIA_BEGIN|[Company Profile: Syntech Solutions Kft. a0mPj00000ur6lO]|Holdback 5|01Q1O000000hcz6|ON_CREATE_OR_TRIGGERING_UPDATE|0
13:58:48.328 (4374014549)|WF_FORMULA|Formula:ENCODED:[treatNullAsNull]ISPICKVAL ({!ID:00N30000008rJPO}, "Antiques dealer")  &#124;&#124; 
ISPICKVAL ({!ID:00N30000008rJPO}, "Art") &#124;&#124; 
ISPICKVAL ({!ID:00N30000008rJPO}, "Art Dealers and Galleries")  &#124;&#124; 
ISPICKVAL ({!ID:00N30000008rJPO}, "Binary Options")  &#124;&#124; 
ISPICKVAL ({!ID:00N30000008rJPO}, "Caterers")  &#124;&#124; 
ISPICKVAL ({!ID:00N30000008rJPO}, "Consumer Credit Reporting Agencies")  &#124;&#124; 
ISPICKVAL ({!ID:00N30000008rJPO}, "Customer Financial Institution (Quasi Cash)") &#124;&#124;
ISPICKVAL ({!ID:00N30000008rJPO}, "Gaming")  &#124;&#124; 
ISPICKVAL ({!ID:00N30000008rJPO}, "Insurance")  &#124;&#124; 
ISPICKVAL ({!ID:00N30000008rJPO}, "Organizations, Charitable and Social Service")  &#124;&#124; 
ISPICKVAL ({!ID:00N30000008rJPO}, "Regulated online casinos")  &#124;&#124; 
ISPICKVAL ({!ID:00N30000008rJPO}, "Security brokers") &#124;&#124; 
ISPICKVAL ({!ID:00N30000008rJPO}, "Tax Payments")  &#124;&#124; 
ISPICKVAL ({!ID:00N30000008rJPO}, "Telecommunication Service")|Values:Industry__c=null
13:58:48.328 (4374024629)|WF_CRITERIA_END|false
13:58:48.328 (4374028469)|WF_CRITERIA_BEGIN|[Company Profile: Syntech Solutions Kft. a0mPj00000ur6lO]|SalesRep_Update301140000004Y3x|01Q1O000000yHl2|ON_CREATE_ONLY|0
13:58:48.328 (4374031879)|WF_RULE_NOT_EVALUATED
13:58:48.328 (4374034779)|WF_CRITERIA_BEGIN|[Company Profile: Syntech Solutions Kft. a0mPj00000ur6lO]|Account Opening Risk & Finance Finished|01Q14000000lqSW|ON_ALL_CHANGES|0
13:58:48.328 (4375461158)|WF_FORMULA|Formula:ENCODED:[treatNullAsNull]AND( 
	ISCHANGED(  {!ID:00N1400000BRwpx} ) &#124;&#124; ISCHANGED(   {!ID:00N1400000BRwq2}) ,
	TEXT({!ID:00N1400000BRwpx}) = 'Installed',
	TEXT({!ID:00N1400000BRwq2}) = 'Installed'
 )|Values:MRSI_status__c=null, Finance_admin_status__c=null
13:58:48.328 (4375470418)|WF_CRITERIA_END|false
13:58:48.328 (4375477918)|WF_CRITERIA_BEGIN|[Company Profile: Syntech Solutions Kft. a0mPj00000ur6lO]|Merchant_Segregation_PB_Sales_Rep30114000000LFEU|01QPj000004CSpR|ON_RECURSIVE_UPDATE|0
13:58:48.328 (4375511448)|WF_FORMULA|Formula:ENCODED:[treatNullAsNull]true|Values:
13:58:48.328 (4375514328)|WF_CRITERIA_END|true
13:58:48.328 (4375520798)|WF_CRITERIA_BEGIN|[Company Profile: Syntech Solutions Kft. a0mPj00000ur6lO]|Camden POS Device Sent|01Q1O000000yHkT|ON_CREATE_OR_TRIGGERING_UPDATE|0
13:58:48.328 (4375538058)|WF_RULE_FILTER|[Company Profile : PoS Status equals Initiated]
13:58:48.328 (4375540718)|WF_RULE_EVAL_VALUE|
13:58:48.328 (4375541868)|WF_CRITERIA_END|false
13:58:48.328 (4375545398)|WF_CRITERIA_BEGIN|[Company Profile: Syntech Solutions Kft. a0mPj00000ur6lO]|Additional MCC created 2|01Q5Y000001SJmT|ON_CREATE_ONLY|0
13:58:48.328 (4375552008)|WF_RULE_NOT_EVALUATED
13:58:48.328 (4375554948)|WF_CRITERIA_BEGIN|[Company Profile: Syntech Solutions Kft. a0mPj00000ur6lO]|Segragation: Default Roles|01Q14000000Dsmk|ON_CREATE_ONLY|0
13:58:48.328 (4375558058)|WF_RULE_NOT_EVALUATED
13:58:48.328 (4375560418)|WF_CRITERIA_BEGIN|[Company Profile: Syntech Solutions Kft. a0mPj00000ur6lO]|Additional MCC created 3|01QPj00000061MP|ON_CREATE_ONLY|0
13:58:48.328 (4375563088)|WF_RULE_NOT_EVALUATED
13:58:48.328 (4375565398)|WF_CRITERIA_BEGIN|[Company Profile: Syntech Solutions Kft. a0mPj00000ur6lO]|Risk Decline to update Compliance Status|01Q1O000000u8SP|ON_CREATE_OR_TRIGGERING_UPDATE|0
13:58:48.328 (4375573278)|WF_RULE_FILTER|[Company Profile : Credit Risk Status equals Declined]
13:58:48.328 (4375575218)|WF_RULE_EVAL_VALUE|
13:58:48.328 (4375576318)|WF_CRITERIA_END|false
13:58:48.328 (4375579148)|WF_CRITERIA_BEGIN|[Company Profile: Syntech Solutions Kft. a0mPj00000ur6lO]|Closed_CP_Launch_Flow3011O000000kP03|01QPj000003oMzh|ON_ALL_CHANGES|0
13:58:48.328 (4375596708)|WF_FORMULA|Formula:ENCODED:[treatNullAsNull]true|Values:
13:58:48.328 (4375598938)|WF_CRITERIA_END|true
13:58:48.328 (4375603619)|WF_CRITERIA_BEGIN|[Company Profile: Syntech Solutions Kft. a0mPj00000ur6lO]|Customer Due Diligence update on Risk Level Medium|01Q1O000000E3P3|ON_CREATE_OR_TRIGGERING_UPDATE|0
13:58:48.328 (4375679099)|WF_FORMULA|Formula:ENCODED:[treatNullAsNull]ISPICKVAL({!ID:00Na0000002h9ce}, "Medium")|Values:Risk_Level__c=Low
13:58:48.328 (4375681969)|WF_CRITERIA_END|false
13:58:48.328 (4375685609)|WF_CRITERIA_BEGIN|[Company Profile: Syntech Solutions Kft. a0mPj00000ur6lO]|Risk_Handling30114000000TUoZ|01Q140000007DqP|ON_ALL_CHANGES|0
13:58:48.328 (4375701359)|WF_FORMULA|Formula:ENCODED:[treatNullAsNull]true|Values:
13:58:48.328 (4375703409)|WF_CRITERIA_END|true
13:58:48.328 (4375707499)|WF_CRITERIA_BEGIN|[Company Profile: Syntech Solutions Kft. a0mPj00000ur6lO]|Below the monthly minimum HARD limit|01Q14000000Drpd|ON_CREATE_OR_TRIGGERING_UPDATE|0
13:58:48.328 (4375725079)|WF_RULE_FILTER|[Company Profile : Non standard terms equals true] 
AND [Company Profile : minimum fee text not equal to €0]
13:58:48.328 (4375729229)|WF_RULE_EVAL_VALUE|false
13:58:48.328 (4375730589)|WF_CRITERIA_END|false
13:58:48.328 (4375733779)|WF_CRITERIA_BEGIN|[Company Profile: Syntech Solutions Kft. a0mPj00000ur6lO]|Deal_PQ30114000000Cvth|01Q14000000JfkR|ON_ALL_CHANGES|0
13:58:48.328 (4375764459)|WF_FORMULA|Formula:ENCODED:[treatNullAsNull]true|Values:
13:58:48.328 (4375767019)|WF_CRITERIA_END|true
13:58:48.328 (4375771640)|WF_CRITERIA_BEGIN|[Company Profile: Syntech Solutions Kft. a0mPj00000ur6lO]|G2S Company Profile created|01Q14000000JdNV|ON_CREATE_ONLY|0
13:58:48.328 (4375774750)|WF_RULE_NOT_EVALUATED
13:58:48.328 (4375777370)|WF_CRITERIA_BEGIN|[Company Profile: Syntech Solutions Kft. a0mPj00000ur6lO]|Additional MCC 2|01Q5Y000001SJmO|ON_ALL_CHANGES|0
13:58:48.328 (4377481429)|WF_FORMULA|Formula:ENCODED:[treatNullAsNull]ISCHANGED({!ID:00N30000008rJPO}) && ( 
TEXT({!ID:00N30000008rJPO}) = "Associations - Civic, Social and Fraternal" &#124;&#124; 
TEXT({!ID:00N30000008rJPO}) = "Schools and Educational Services - not elsewhere classified" &#124;&#124; 
TEXT({!ID:00N30000008rJPO}) = "Non-financial Institutions – Stored Value Card Purchase/Load" &#124;&#124;
TEXT({!ID:00N30000008rJPO}) = "Accounting, Auditing, and Bookkeeping Services" &#124;&#124;
TEXT({!ID:00N30000008rJPO}) = "Variety Stores" &#124;&#124;
TEXT({!ID:00N30000008rJPO}) = "Direct Marketing (Travel-Related Arrangement Services)" &#124;&#124;
TEXT({!ID:00N30000008rJPO}) = "Airline - All Nippon Airways" &#124;&#124; 
TEXT({!ID:00N30000008rJPO}) = "Online Retail"  &#124;&#124; 
TEXT({!ID:00N30000008rJPO}) = "Pet Shops - Pet Food and Supplies" &#124;&#124; 
TEXT({!ID:00N30000008rJPO}) = "Cable, Satellite, and Other Pay Television and Radio Services" &#124;&#124;
TEXT({!ID:00N30000008rJPO}) = "Daily Fantasy Gaming" &#124;&#124;
TEXT({!ID:00N30000008rJPO}) = "Firearms/ammunition (no gun parts)" &#124;&#124;
TEXT({!ID:00N30000008rJPO}) = "Warranties" &#124;&#124;
TEXT({!ID:00N30000008rJPO}) = "CBD based products" &#124;&#124;
TEXT({!ID:00N30000008rJPO}) = "Antiques dealer" &#124;&#124;
TEXT({!ID:00N30000008rJPO}) = "Music" &#124;&#124;
TEXT({!ID:00N30000008rJPO}) = "Radio" &#124;&#124;
TEXT({!ID:00N30000008rJPO}) = "Card, Gift, Novelty, and Souvenir Shops" &#124;&#124;
TEXT({!ID:00N30000008rJPO}) = "Equipment, Furniture, and Home Furnishings Stores (except Appliances)" &#124;&#124;
TEXT({!ID:00N30000008rJPO}) = "Automotive Parts, Accessories Stores" &#124;&#124;
TEXT({!ID:00N30000008rJPO}) = "Health and Beauty Spas" &#124;&#124;
TEXT({!ID:00N30000008rJPO}) = "Game, Toy, and Hobby Shops" &#124;&#124;
TEXT({!ID:00N30000008rJPO}) = "Electrical Parts and Equipment" &#124;&#124;
TEXT({!ID:00N30000008rJPO}) = "Real Estate Agents and Managers - Rentals" &#124;&#124;
TEXT({!ID:00N30000008rJPO}) = "Nursing and Personal Care Facilities" &#124;&#124;
TEXT({!ID:00N30000008rJPO}) = "Womens Accessory and Specialty Stores" &#124;&#124;
TEXT({!ID:00N30000008rJPO}) = "Collection Agencies" &#124;&#124;
TEXT({!ID:00N30000008rJPO}) = "Miscellaneous House Furnishing Specialty Shops" &#124;&#124;
TEXT({!ID:00N30000008rJPO}) = "Stamp and Coin Stores: Philatelic and Numismatic Supplies" &#124;&#124;
TEXT({!ID:00N30000008rJPO}) = "Grocery Stores, Supermarkets" &#124;&#124;
TEXT({!ID:00N30000008rJPO}) = "Electronic Stores/Electronic Sales" &#124;&#124;
TEXT({!ID:00N30000008rJPO}) = "Health Practitioners, Medical Services - not elsewhere classified" &#124;&#124;
TEXT({!ID:00N30000008rJPO}) = "Online marketplaces")|Values:Industry__c=null
13:58:48.328 (4377505960)|WF_CRITERIA_END|false
13:58:48.328 (4377512870)|WF_CRITERIA_BEGIN|[Company Profile: Syntech Solutions Kft. a0mPj00000ur6lO]|Merchant_Segregation_PB_Internal_Sales30114000000LFES|01QPj000004CSr3|ON_RECURSIVE_UPDATE|0
13:58:48.328 (4377544380)|WF_FORMULA|Formula:ENCODED:[treatNullAsNull]true|Values:
13:58:48.328 (4377547270)|WF_CRITERIA_END|true
13:58:48.328 (4377553740)|WF_CRITERIA_BEGIN|[Company Profile: Syntech Solutions Kft. a0mPj00000ur6lO]|Risk pre-approved Fraud Prevention Team Descriptor & City field|01Q1O000000JjKm|ON_CREATE_OR_TRIGGERING_UPDATE|0
13:58:48.328 (4377569010)|WF_RULE_FILTER|[Company Profile : Credit Risk Status equals Pre-Approved]
13:58:48.328 (4377571490)|WF_RULE_EVAL_VALUE|
13:58:48.328 (4377572550)|WF_CRITERIA_END|false
13:58:48.328 (4377575700)|WF_CRITERIA_BEGIN|[Company Profile: Syntech Solutions Kft. a0mPj00000ur6lO]|Merchant_Segregation_PB_Account_Manager301140000004Y2v|01QPj000004Dy0r|ON_RECURSIVE_UPDATE|0
13:58:48.328 (4377591780)|WF_FORMULA|Formula:ENCODED:[treatNullAsNull]true|Values:
13:58:48.328 (4377593820)|WF_CRITERIA_END|true
13:58:48.328 (4377600330)|WF_CRITERIA_BEGIN|[Company Profile: Syntech Solutions Kft. a0mPj00000ur6lO]|Application_filling_Status_notification301Pj000006VuAZ|01QPj000000ATf3|ON_ALL_CHANGES|0
13:58:48.328 (4377612340)|WF_FORMULA|Formula:ENCODED:[treatNullAsNull]true|Values:
13:58:48.328 (4377614240)|WF_CRITERIA_END|true
13:58:48.328 (4377618270)|WF_CRITERIA_BEGIN|[Company Profile: Syntech Solutions Kft. a0mPj00000ur6lO]|Additional MCC created|01Q1O000000hctD|ON_CREATE_ONLY|0
13:58:48.328 (4377621500)|WF_RULE_NOT_EVALUATED
13:58:48.328 (4377624210)|WF_CRITERIA_BEGIN|[Company Profile: Syntech Solutions Kft. a0mPj00000ur6lO]|notify AM on MSA status|01Q14000000DsGt|ON_CREATE_OR_TRIGGERING_UPDATE|0
13:58:48.328 (4377634010)|WF_RULE_FILTER|[Company Profile : MSA Status equals signed, Counter Signed]
13:58:48.328 (4377636230)|WF_RULE_EVAL_VALUE|
13:58:48.328 (4377637040)|WF_CRITERIA_END|false
13:58:48.328 (4377640120)|WF_CRITERIA_BEGIN|[Company Profile: Syntech Solutions Kft. a0mPj00000ur6lO]|Account Opening Finance installed/issue|01Q14000000HiHa|ON_ALL_CHANGES|0
13:58:48.328 (4377705221)|WF_FORMULA|Formula:ENCODED:[treatNullAsNull]ISCHANGED({!ID:00N1400000BRwpx}) &&   TEXT({!ID:00N1400000BRwpx}) = "Installed"|Values:Finance_admin_status__c=null
13:58:48.328 (4377708631)|WF_CRITERIA_END|false
13:58:48.328 (4377717321)|WF_CRITERIA_BEGIN|[Company Profile: Syntech Solutions Kft. a0mPj00000ur6lO]|Account Opening Risk installed/issue|01Q1O000000yHzd|ON_ALL_CHANGES|0
13:58:48.328 (4377758761)|WF_FORMULA|Formula:ENCODED:[treatNullAsNull]ISCHANGED( {!ID:00N1400000BRwq2} )|Values:MRSI_status__c=null
13:58:48.328 (4377761571)|WF_CRITERIA_END|false
13:58:48.328 (4377765181)|WF_CRITERIA_BEGIN|[Company Profile: Syntech Solutions Kft. a0mPj00000ur6lO]|Primary Contact email|01Q1O000000uB4a|ON_ALL_CHANGES|0
13:58:48.328 (4377819771)|WF_FORMULA|Formula:ENCODED:[treatNullAsNull]ISCHANGED({!ID:00N30000007uAMf})|Values:Primary_Contact__c=003Pj00001PFt70
13:58:48.328 (4377822741)|WF_CRITERIA_END|false
13:58:48.328 (4377830041)|WF_CRITERIA_BEGIN|[Company Profile: Syntech Solutions Kft. a0mPj00000ur6lO]|M&A Expiration|01Q14000000Hame|ON_CREATE_OR_TRIGGERING_UPDATE|0
13:58:48.328 (4377846752)|WF_RULE_FILTER|[Company Profile : M&A Expiration not equal to ] 
AND [Company Profile : Notification Contact Email not equal to ] 
AND [Company Profile : Notification Contact Name not equal to ]
13:58:48.328 (4377849082)|WF_RULE_EVAL_VALUE|
13:58:48.328 (4377849972)|WF_CRITERIA_END|false
13:58:48.328 (4377853022)|WF_CRITERIA_BEGIN|[Company Profile: Syntech Solutions Kft. a0mPj00000ur6lO]|M&A Expiration 2|01Q14000000Hamf|ON_CREATE_OR_TRIGGERING_UPDATE|0
13:58:48.328 (4377864312)|WF_RULE_FILTER|[Company Profile : M&A Expiration not equal to ] 
AND [Company Profile : Notification Contact Email not equal to ] 
AND [Company Profile : Notification Contact Name not equal to ]
13:58:48.328 (4377866202)|WF_RULE_EVAL_VALUE|
13:58:48.328 (4377867042)|WF_CRITERIA_END|false
13:58:48.328 (4377869932)|WF_CRITERIA_BEGIN|[Company Profile: Syntech Solutions Kft. a0mPj00000ur6lO]|VIP Start 30 days countdown|01Q14000000JeVk|ON_CREATE_OR_TRIGGERING_UPDATE|0
13:58:48.328 (4377884032)|WF_RULE_FILTER|[Company Profile : Compliance Status equals Live (VIP)]
13:58:48.328 (4377889182)|WF_RULE_EVAL_VALUE|47
13:58:48.328 (4377890522)|WF_CRITERIA_END|false
13:58:48.328 (4377893492)|WF_CRITERIA_BEGIN|[Company Profile: Syntech Solutions Kft. a0mPj00000ur6lO]|Customer Due Diligence update on Risk Level High|01Q1O000000E3P8|ON_CREATE_OR_TRIGGERING_UPDATE|0
13:58:48.328 (4377961512)|WF_FORMULA|Formula:ENCODED:[treatNullAsNull]ISPICKVAL({!ID:00Na0000002h9ce}, "High")|Values:Risk_Level__c=Low
13:58:48.328 (4377976962)|WF_CRITERIA_END|false
13:58:48.328 (4377981182)|WF_CRITERIA_BEGIN|[Company Profile: Syntech Solutions Kft. a0mPj00000ur6lO]|Compliance status no payouts|01Q1O000000uAY0|ON_CREATE_OR_TRIGGERING_UPDATE|0
13:58:48.328 (4377994182)|WF_RULE_FILTER|[Company Profile : Compliance Status equals Live (No Payout)]
13:58:48.328 (4377999122)|WF_RULE_EVAL_VALUE|47
13:58:48.328 (4378000522)|WF_CRITERIA_END|false
13:58:48.328 (4378003763)|WF_CRITERIA_BEGIN|[Company Profile: Syntech Solutions Kft. a0mPj00000ur6lO]|Additional MCC 1|01Q1O000000E3PS|ON_ALL_CHANGES|0
13:58:48.328 (4378537296)|WF_FORMULA|Formula:ENCODED:[treatNullAsNull]ISCHANGED({!ID:00N30000008rJPO}) && ( 
TEXT({!ID:00N30000008rJPO}) = "Caterers"  &#124;&#124; 
TEXT({!ID:00N30000008rJPO}) = "Automobile Parking Lots and Garages"  &#124;&#124;
TEXT({!ID:00N30000008rJPO}) = "Womens Ready to Wear Stores"  &#124;&#124;
TEXT({!ID:00N30000008rJPO}) = "Mens and Boys Clothing and Accessories Stores" &#124;&#124; 
TEXT({!ID:00N30000008rJPO}) = "Sports Apparel, Riding Apparel Stores" &#124;&#124;
TEXT({!ID:00N30000008rJPO}) = "Shoe Stores" &#124;&#124; 
TEXT({!ID:00N30000008rJPO}) = "Mens and Womens Clothing Stores" &#124;&#124; 
TEXT({!ID:00N30000008rJPO}) = "Sporting Goods Stores" &#124;&#124;
TEXT({!ID:00N30000008rJPO}) = "PayFac" &#124;&#124;
TEXT({!ID:00N30000008rJPO}) = "Airline - TAP Portugal" &#124;&#124;
TEXT({!ID:00N30000008rJPO}) = "Customer Financial Institution (Quasi Cash)"  &#124;&#124; 
TEXT({!ID:00N30000008rJPO}) = "Barber and Beauty Shops"  &#124;&#124; 
TEXT({!ID:00N30000008rJPO}) = "Industrial Supplies"  &#124;&#124; 
TEXT({!ID:00N30000008rJPO}) = "Airline - Turkish Airlines (THY)"  &#124;&#124; 
TEXT({!ID:00N30000008rJPO}) = "Digital Goods - Multi-Category"  &#124;&#124; 
TEXT({!ID:00N30000008rJPO}) = "Second hand Books"  &#124;&#124;  
TEXT({!ID:00N30000008rJPO}) = "Carpool services"  &#124;&#124;  
TEXT({!ID:00N30000008rJPO}) = "Second hand Clothes / Shoes / Accessories"  &#124;&#124;  
TEXT({!ID:00N30000008rJPO}) = "Second hand Records" &#124;&#124; 
TEXT({!ID:00N30000008rJPO}) = "Art Dealers and Galleries" &#124;&#124; 
TEXT({!ID:00N30000008rJPO}) = "Cosmetic Stores" &#124;&#124; 
TEXT({!ID:00N30000008rJPO}) = "Bus Lines" &#124;&#124; 
TEXT({!ID:00N30000008rJPO}) = "Direct Marketing (not elsewhere classified)" &#124;&#124; 
TEXT({!ID:00N30000008rJPO}) = "Run online lotteries" &#124;&#124; 
TEXT({!ID:00N30000008rJPO}) = "Regulated online casinos" &#124;&#124; 
TEXT({!ID:00N30000008rJPO}) = "Consumer Credit Reporting Agencies" &#124;&#124;
TEXT({!ID:00N30000008rJPO}) = "Regulated events for online horse and dog racing" &#124;&#124; 
TEXT({!ID:00N30000008rJPO}) = "Direct Marketing (Combination Catalog and Retail Merchants)" &#124;&#124;
TEXT({!ID:00N30000008rJPO}) = "Direct Marketing (Continuity/Subscription Merchants)" &#124;&#124;
TEXT({!ID:00N30000008rJPO}) = "Clinics" &#124;&#124; 
TEXT({!ID:00N30000008rJPO}) = "Buying/Shopping Club, Services" &#124;&#124; 
TEXT({!ID:00N30000008rJPO}) = "Duty Free Stores" &#124;&#124; 
TEXT({!ID:00N30000008rJPO}) = "Lodging - Hotels, Motels, Resorts, Central Reservation Service" &#124;&#124; 
TEXT({!ID:00N30000008rJPO}) = "Dietary Supplements" &#124;&#124; 
TEXT({!ID:00N30000008rJPO}) = "Courier Services - Air and Ground, Freight Forwarders" &#124;&#124; 
TEXT({!ID:00N30000008rJPO}) = "Accessory and Apparel Stores - Miscellaneous" &#124;&#124; 
TEXT({!ID:00N30000008rJPO}) = "Utilities - Electric, Gas, Heating Oil, Sanitary, Water" &#124;&#124; 
TEXT({!ID:00N30000008rJPO}) = "Drugstores and Druggists" &#124;&#124; 
TEXT({!ID:00N30000008rJPO}) = "ISO" &#124;&#124; 
TEXT({!ID:00N30000008rJPO}) = "Miscellaneous And Specialty Retail Stores" &#124;&#124; 
TEXT({!ID:00N30000008rJPO}) = "Dental and Medical Laboratories" &#124;&#124; 
TEXT({!ID:00N30000008rJPO}) = "Reseller" &#124;&#124; 
TEXT({!ID:00N30000008rJPO}) = "Marketplace")|Values:Industry__c=null
13:58:48.328 (4378560036)|WF_CRITERIA_END|false
13:58:48.328 (4378563626)|WF_CRITERIA_BEGIN|[Company Profile: Syntech Solutions Kft. a0mPj00000ur6lO]|Camden Submit Application Form|01Q1O000000yHja|ON_CREATE_OR_TRIGGERING_UPDATE|0
13:58:48.328 (4378581726)|WF_RULE_FILTER|[Company Profile : Application Status equals Completed] 
AND [Company Profile : Partner equals Camden]
13:58:48.328 (4378586426)|WF_RULE_EVAL_VALUE|16
13:58:48.328 (4378587736)|WF_CRITERIA_END|false
13:58:48.328 (4378590686)|WF_CRITERIA_BEGIN|[Company Profile: Syntech Solutions Kft. a0mPj00000ur6lO]|Update_UW_manager_in_AI3011O0000004hjJ|01Q1O000000yGz8|ON_ALL_CHANGES|0
13:58:48.328 (4378607966)|WF_FORMULA|Formula:ENCODED:[treatNullAsNull]true|Values:
13:58:48.328 (4378610366)|WF_CRITERIA_END|true
13:58:48.328 (4378615296)|WF_CRITERIA_BEGIN|[Company Profile: Syntech Solutions Kft. a0mPj00000ur6lO]|Update Introducer Commission Approval Status to Needed|01Q1O000000SDJv|ON_ALL_CHANGES|0
13:58:48.328 (4378746247)|WF_FORMULA|Formula:ENCODED:[treatNullAsNull]ISCHANGED( {!ID:00N1O00000BVFXc} ) &#124;&#124; ISCHANGED( {!ID:00N1O00000B9nt9} ) &#124;&#124; ISCHANGED(  {!ID:00N1O00000B9r8q} ) &#124;&#124; ISCHANGED(  {!ID:00N1O00000B9r8v} ) &#124;&#124; ISCHANGED ( {!ID:00N1O00000AuFwF} )|Values:Reseller_Commission__c=null, Revenue_Share_Term__c=null, Introducer_Commission_Model__c=null, Buy_Rate_received_by_Safecharge_other__c=null, Buy_Rate_actually_received_by_Safecharge__c=null
13:58:48.328 (4378750797)|WF_CRITERIA_END|false
13:58:48.328 (4378754887)|WF_CRITERIA_BEGIN|[Company Profile: Syntech Solutions Kft. a0mPj00000ur6lO]|ISO Checklist|01Q1O000000px2a|ON_CREATE_OR_TRIGGERING_UPDATE|0
13:58:48.328 (4378763787)|WF_RULE_FILTER|[Company Profile : Industry equals ISO]
13:58:48.328 (4378765687)|WF_RULE_EVAL_VALUE|
13:58:48.328 (4378766537)|WF_CRITERIA_END|false
13:58:48.328 (4378769457)|WF_CRITERIA_BEGIN|[Company Profile: Syntech Solutions Kft. a0mPj00000ur6lO]|Strategic High Profitability merchant|01Q1O000000pxKU|ON_CREATE_OR_TRIGGERING_UPDATE|0
13:58:48.328 (4378788937)|WF_RULE_FILTER|[Company Profile : Strategic / High Profitability equals 1, 2] 
AND [Company Profile : Company Name does not contain test]
13:58:48.328 (4378790967)|WF_RULE_EVAL_VALUE|
13:58:48.328 (4378791757)|WF_CRITERIA_END|false
13:58:48.328 (4378794677)|WF_CRITERIA_BEGIN|[Company Profile: Syntech Solutions Kft. a0mPj00000ur6lO]|Express account configured for Merchant|01Q1O000000yIXV|ON_CREATE_OR_TRIGGERING_UPDATE|0
13:58:48.328 (4378811597)|WF_RULE_FILTER|[Company Profile : Record Type equals SafeCharge Express] 
AND [Company Profile : Configuration Status equals Done]
13:58:48.328 (4378815077)|WF_RULE_EVAL_VALUE|01214000000AWYC
13:58:48.328 (4378816417)|WF_CRITERIA_END|false
13:58:48.328 (4378849187)|WF_SPOOL_ACTION_BEGIN|Workflow
13:58:48.328 (4378889258)|WF_ACTION| Flow Trigger: 13;
13:58:48.328 (4378892078)|WF_RULE_EVAL_END
13:58:48.380 (4380663238)|FLOW_CREATE_INTERVIEW_BEGIN|00D30000000pE7X|30014000000CJrR|301Pj000006VuAZ
13:58:48.380 (4381423702)|FLOW_CREATE_INTERVIEW_END|8001a578498f5bcdd8e23fa7e3501a0487fc940-3581|Deal: Application Form
13:58:48.328 (4381444853)|WF_FLOW_ACTION_BEGIN|09LPj0000000MgT
13:58:48.381 (4381817295)|FLOW_START_INTERVIEWS_BEGIN|1
13:58:48.381 (4381873735)|FLOW_START_INTERVIEW_BEGIN|8001a578498f5bcdd8e23fa7e3501a0487fc940-3581|Deal: Application Form
13:58:48.381 (4382406108)|FLOW_START_INTERVIEW_END|8001a578498f5bcdd8e23fa7e3501a0487fc940-3581|Deal: Application Form
13:58:48.381 (4382418008)|FLOW_START_INTERVIEWS_END|1
13:58:48.381 (4382482509)|FLOW_INTERVIEW_FINISHED|8001a578498f5bcdd8e23fa7e3501a0487fc940-3581|Deal: Application Form
13:58:48.328 (4384414660)|WF_FLOW_ACTION_END|09LPj0000000MgT
13:58:48.385 (4385704988)|FLOW_CREATE_INTERVIEW_BEGIN|00D30000000pE7X|3001O000000YRvu|3011O0000004hjJ
13:58:48.385 (4387013626)|FLOW_CREATE_INTERVIEW_END|8002a578498f5bcdd8e23fa7e3501a0487fc940-3582|Update UW manager in AI
13:58:48.328 (4387028666)|WF_FLOW_ACTION_BEGIN|09L1O000000L57s
13:58:48.387 (4387280807)|FLOW_START_INTERVIEWS_BEGIN|1
13:58:48.387 (4387301237)|FLOW_START_INTERVIEW_BEGIN|8002a578498f5bcdd8e23fa7e3501a0487fc940-3582|Update UW manager in AI
13:58:48.387 (4397382717)|FLOW_START_INTERVIEW_END|8002a578498f5bcdd8e23fa7e3501a0487fc940-3582|Update UW manager in AI
13:58:48.387 (4397409907)|FLOW_START_INTERVIEWS_END|1
13:58:48.387 (4397432077)|FLOW_INTERVIEW_FINISHED|8002a578498f5bcdd8e23fa7e3501a0487fc940-3582|Update UW manager in AI
13:58:48.328 (4399321658)|WF_FLOW_ACTION_END|09L1O000000L57s
13:58:48.401 (4401202409)|FLOW_CREATE_INTERVIEW_BEGIN|00D30000000pE7X|30014000000CKdr|30114000000LFEU
13:58:48.401 (4402746368)|FLOW_CREATE_INTERVIEW_END|8003a578498f5bcdd8e23fa7e3501a0487fc940-3583|Merchant Segregation PB - Sales Rep
13:58:48.328 (4402772929)|WF_FLOW_ACTION_BEGIN|09LPj0000002Wrp
13:58:48.403 (4403233681)|FLOW_START_INTERVIEWS_BEGIN|1
13:58:48.403 (4403270981)|FLOW_START_INTERVIEW_BEGIN|8003a578498f5bcdd8e23fa7e3501a0487fc940-3583|Merchant Segregation PB - Sales Rep
13:58:48.403 (4412589357)|FLOW_START_INTERVIEW_END|8003a578498f5bcdd8e23fa7e3501a0487fc940-3583|Merchant Segregation PB - Sales Rep
13:58:48.403 (4412606487)|FLOW_START_INTERVIEWS_END|1
13:58:48.403 (4412629187)|FLOW_INTERVIEW_FINISHED|8003a578498f5bcdd8e23fa7e3501a0487fc940-3583|Merchant Segregation PB - Sales Rep
13:58:48.328 (4414575839)|WF_FLOW_ACTION_END|09LPj0000002Wrp
13:58:48.416 (4416339789)|FLOW_CREATE_INTERVIEW_BEGIN|00D30000000pE7X|3001O000000wo9p|3011O000000kP03
13:58:48.416 (4417472336)|FLOW_CREATE_INTERVIEW_END|8004a578498f5bcdd8e23fa7e3501a0487fc940-3584|Closed CP Launch Flow
13:58:48.328 (4417491106)|WF_FLOW_ACTION_BEGIN|09LPj0000002ELR
13:58:48.417 (4417923728)|FLOW_START_INTERVIEWS_BEGIN|1
13:58:48.417 (4417959029)|FLOW_START_INTERVIEW_BEGIN|8004a578498f5bcdd8e23fa7e3501a0487fc940-3584|Closed CP Launch Flow
13:58:48.417 (4427251273)|FLOW_START_INTERVIEW_END|8004a578498f5bcdd8e23fa7e3501a0487fc940-3584|Closed CP Launch Flow
13:58:48.417 (4427268474)|FLOW_START_INTERVIEWS_END|1
13:58:48.417 (4427289944)|FLOW_INTERVIEW_FINISHED|8004a578498f5bcdd8e23fa7e3501a0487fc940-3584|Closed CP Launch Flow
13:58:48.328 (4429153365)|WF_FLOW_ACTION_END|09LPj0000002ELR
13:58:48.431 (4431082776)|FLOW_CREATE_INTERVIEW_BEGIN|00D30000000pE7X|3001400000086YG|30114000000TUoZ
13:58:48.431 (4432734696)|FLOW_CREATE_INTERVIEW_END|8005a578498f5bcdd8e23fa7e3501a0487fc940-3585|Risk Handlng
13:58:48.328 (4432755446)|WF_FLOW_ACTION_BEGIN|09L14000000PBuU
13:58:48.433 (4433156649)|FLOW_START_INTERVIEWS_BEGIN|1
13:58:48.433 (4433188419)|FLOW_START_INTERVIEW_BEGIN|8005a578498f5bcdd8e23fa7e3501a0487fc940-3585|Risk Handlng
13:58:48.433 (4441879730)|FLOW_START_INTERVIEW_END|8005a578498f5bcdd8e23fa7e3501a0487fc940-3585|Risk Handlng
13:58:48.433 (4441898030)|FLOW_START_INTERVIEWS_END|1
13:58:48.433 (4441921280)|FLOW_INTERVIEW_FINISHED|8005a578498f5bcdd8e23fa7e3501a0487fc940-3585|Risk Handlng
13:58:48.328 (4443968582)|WF_FLOW_ACTION_END|09L14000000PBuU
13:58:48.445 (4445351220)|FLOW_CREATE_INTERVIEW_BEGIN|00D30000000pE7X|3001O000000sdIN|301Pj00001DMSda
13:58:48.445 (4446634478)|FLOW_CREATE_INTERVIEW_END|8006a578498f5bcdd8e23fa7e3501a0487fc940-3586|Open Finance Admin automation
13:58:48.328 (4446655768)|WF_FLOW_ACTION_BEGIN|09LPj0000002Xsj
13:58:48.447 (4447132251)|FLOW_START_INTERVIEWS_BEGIN|1
13:58:48.447 (4447167231)|FLOW_START_INTERVIEW_BEGIN|8006a578498f5bcdd8e23fa7e3501a0487fc940-3586|Open Finance Admin automation
13:58:48.447 (4447653084)|FLOW_START_INTERVIEW_END|8006a578498f5bcdd8e23fa7e3501a0487fc940-3586|Open Finance Admin automation
13:58:48.447 (4447663494)|FLOW_START_INTERVIEWS_END|1
13:58:48.447 (4447700964)|FLOW_INTERVIEW_FINISHED|8006a578498f5bcdd8e23fa7e3501a0487fc940-3586|Open Finance Admin automation
13:58:48.328 (4449481855)|WF_FLOW_ACTION_END|09LPj0000002Xsj
13:58:48.450 (4450934234)|FLOW_CREATE_INTERVIEW_BEGIN|00D30000000pE7X|3001O000000wnvs|3011O000000kMDP
13:58:48.450 (4451949710)|FLOW_CREATE_INTERVIEW_END|8007a578498f5bcdd8e23fa7e3501a0487fc940-3587|Director approval
13:58:48.328 (4451969610)|WF_FLOW_ACTION_BEGIN|09L5Y0000002WEQ
13:58:48.452 (4452322342)|FLOW_START_INTERVIEWS_BEGIN|1
13:58:48.452 (4452398822)|FLOW_START_INTERVIEW_BEGIN|8007a578498f5bcdd8e23fa7e3501a0487fc940-3587|Director approval
13:58:48.452 (4461740347)|FLOW_START_INTERVIEW_END|8007a578498f5bcdd8e23fa7e3501a0487fc940-3587|Director approval
13:58:48.452 (4461756237)|FLOW_START_INTERVIEWS_END|1
13:58:48.452 (4461776327)|FLOW_INTERVIEW_FINISHED|8007a578498f5bcdd8e23fa7e3501a0487fc940-3587|Director approval
13:58:48.328 (4463700748)|WF_FLOW_ACTION_END|09L5Y0000002WEQ
13:58:48.465 (4465348838)|FLOW_CREATE_INTERVIEW_BEGIN|00D30000000pE7X|30014000000CKdp|301140000004Y2v
13:58:48.465 (4466745347)|FLOW_CREATE_INTERVIEW_END|8008a578498f5bcdd8e23fa7e3501a0487fc940-3588|Merchant Segregation PB - Account Manager
13:58:48.328 (4466782647)|WF_FLOW_ACTION_BEGIN|09LPj0000002YX3
13:58:48.467 (4467181739)|FLOW_START_INTERVIEWS_BEGIN|1
13:58:48.467 (4467210339)|FLOW_START_INTERVIEW_BEGIN|8008a578498f5bcdd8e23fa7e3501a0487fc940-3588|Merchant Segregation PB - Account Manager
13:58:48.467 (4476733586)|FLOW_START_INTERVIEW_END|8008a578498f5bcdd8e23fa7e3501a0487fc940-3588|Merchant Segregation PB - Account Manager
13:58:48.467 (4476752036)|FLOW_START_INTERVIEWS_END|1
13:58:48.467 (4476774116)|FLOW_INTERVIEW_FINISHED|8008a578498f5bcdd8e23fa7e3501a0487fc940-3588|Merchant Segregation PB - Account Manager
13:58:48.328 (4478807238)|WF_FLOW_ACTION_END|09LPj0000002YX3
13:58:48.480 (4480532808)|FLOW_CREATE_INTERVIEW_BEGIN|00D30000000pE7X|30014000000CKdq|30114000000LFES
13:58:48.480 (4481934646)|FLOW_CREATE_INTERVIEW_END|8009a578498f5bcdd8e23fa7e3501a0487fc940-3589|Merchant Segregation PB - Internal Sales
13:58:48.328 (4481958816)|WF_FLOW_ACTION_BEGIN|09LPj0000002WtR
13:58:48.482 (4482383949)|FLOW_START_INTERVIEWS_BEGIN|1
13:58:48.482 (4482413109)|FLOW_START_INTERVIEW_BEGIN|8009a578498f5bcdd8e23fa7e3501a0487fc940-3589|Merchant Segregation PB - Internal Sales
13:58:48.482 (4492518419)|FLOW_START_INTERVIEW_END|8009a578498f5bcdd8e23fa7e3501a0487fc940-3589|Merchant Segregation PB - Internal Sales
13:58:48.482 (4494107949)|FLOW_START_INTERVIEWS_END|1
13:58:48.482 (4494134979)|FLOW_INTERVIEW_FINISHED|8009a578498f5bcdd8e23fa7e3501a0487fc940-3589|Merchant Segregation PB - Internal Sales
13:58:48.328 (4496175621)|WF_FLOW_ACTION_END|09LPj0000002WtR
13:58:48.497 (4497836440)|FLOW_CREATE_INTERVIEW_BEGIN|00D30000000pE7X|3001O000000wnvx|3011O000000kMD7
13:58:48.497 (4499167308)|FLOW_CREATE_INTERVIEW_END|8010a578498f5bcdd8e23fa7e3501a0487fc940-358a|AMLCO approval
13:58:48.328 (4499193528)|WF_FLOW_ACTION_BEGIN|09L5Y000001EkQQ
13:58:48.499 (4499704811)|FLOW_START_INTERVIEWS_BEGIN|1
13:58:48.499 (4499737401)|FLOW_START_INTERVIEW_BEGIN|8010a578498f5bcdd8e23fa7e3501a0487fc940-358a|AMLCO approval
13:58:48.499 (4509516430)|FLOW_START_INTERVIEW_END|8010a578498f5bcdd8e23fa7e3501a0487fc940-358a|AMLCO approval
13:58:48.499 (4509545220)|FLOW_START_INTERVIEWS_END|1
13:58:48.499 (4509568740)|FLOW_INTERVIEW_FINISHED|8010a578498f5bcdd8e23fa7e3501a0487fc940-358a|AMLCO approval
13:58:48.328 (4511727933)|WF_FLOW_ACTION_END|09L5Y000001EkQQ
13:58:48.513 (4513490163)|FLOW_CREATE_INTERVIEW_BEGIN|00D30000000pE7X|3001O000000sdH0|3011O000000c8Ar
13:58:48.513 (4514925142)|FLOW_CREATE_INTERVIEW_END|8011a578498f5bcdd8e23fa7e3501a0487fc940-358b|Primary contact update
13:58:48.328 (4514952902)|WF_FLOW_ACTION_BEGIN|09L1O000000g3fr
13:58:48.515 (4515458305)|FLOW_START_INTERVIEWS_BEGIN|1
13:58:48.515 (4515491875)|FLOW_START_INTERVIEW_BEGIN|8011a578498f5bcdd8e23fa7e3501a0487fc940-358b|Primary contact update
13:58:48.515 (4525546524)|FLOW_START_INTERVIEW_END|8011a578498f5bcdd8e23fa7e3501a0487fc940-358b|Primary contact update
13:58:48.515 (4525586824)|FLOW_START_INTERVIEWS_END|1
13:58:48.515 (4525610794)|FLOW_INTERVIEW_FINISHED|8011a578498f5bcdd8e23fa7e3501a0487fc940-358b|Primary contact update
13:58:48.328 (4527522276)|WF_FLOW_ACTION_END|09L1O000000g3fr
13:58:48.529 (4529538138)|FLOW_CREATE_INTERVIEW_BEGIN|00D30000000pE7X|30014000000CKfH|301Pj000018hvIv
13:58:48.529 (4530958726)|FLOW_CREATE_INTERVIEW_END|8012a578498f5bcdd8e23fa7e3501a0487fc940-358c|From Approval to Live
13:58:48.328 (4530986586)|WF_FLOW_ACTION_BEGIN|09LPj0000002RH3
13:58:48.531 (4531436159)|FLOW_START_INTERVIEWS_BEGIN|1
13:58:48.531 (4531470709)|FLOW_START_INTERVIEW_BEGIN|8012a578498f5bcdd8e23fa7e3501a0487fc940-358c|From Approval to Live
13:58:48.531 (4532548606)|FLOW_START_INTERVIEW_END|8012a578498f5bcdd8e23fa7e3501a0487fc940-358c|From Approval to Live
13:58:48.531 (4532563296)|FLOW_START_INTERVIEWS_END|1
13:58:48.531 (4532585186)|FLOW_INTERVIEW_FINISHED|8012a578498f5bcdd8e23fa7e3501a0487fc940-358c|From Approval to Live
13:58:48.328 (4534454437)|WF_FLOW_ACTION_END|09LPj0000002RH3
13:58:48.536 (4536353628)|FLOW_CREATE_INTERVIEW_BEGIN|00D30000000pE7X|3001400000086Ui|30114000000Cvth
13:58:48.536 (4537935517)|FLOW_CREATE_INTERVIEW_END|8013a578498f5bcdd8e23fa7e3501a0487fc940-358d|Deal: PQ
13:58:48.328 (4537977017)|WF_FLOW_ACTION_BEGIN|09L14000000Cd7Z
13:58:48.538 (4538480160)|FLOW_START_INTERVIEWS_BEGIN|1
13:58:48.538 (4538513731)|FLOW_START_INTERVIEW_BEGIN|8013a578498f5bcdd8e23fa7e3501a0487fc940-358d|Deal: PQ
13:58:48.538 (4549419375)|FLOW_START_INTERVIEW_END|8013a578498f5bcdd8e23fa7e3501a0487fc940-358d|Deal: PQ
13:58:48.538 (4549439425)|FLOW_START_INTERVIEWS_END|1
13:58:48.538 (4549464425)|FLOW_INTERVIEW_FINISHED|8013a578498f5bcdd8e23fa7e3501a0487fc940-358d|Deal: PQ
13:58:48.328 (4551387697)|WF_FLOW_ACTION_END|09L14000000Cd7Z
13:58:48.328 (4551565458)|WF_TIME_TRIGGERS_BEGIN
13:58:48.328 (4554019143)|WF_ACTIONS_END| Flow Trigger: 13;
13:58:48.328 (4554032643)|CODE_UNIT_FINISHED|Workflow:01I300000027f4c
13:58:48.328 (4554161833)|CODE_UNIT_STARTED|[EXTERNAL]|Flow:01I300000027f4c
13:58:48.328 (4559248693)|CODE_UNIT_FINISHED|Flow:01I300000027f4c
13:58:48.328 (4561803848)|CODE_UNIT_STARTED|[EXTERNAL]|Flow:01I300000027f4c
13:58:48.328 (4565686381)|CODE_UNIT_FINISHED|Flow:01I300000027f4c
13:58:48.328 (4568987581)|DML_END|[524]
13:58:48.328 (4569896626)|METHOD_ENTRY|[527]|01pPj00000cpZZ8|NuveiConnectWebhookHandler.isApprovedStatus(String)
13:58:48.328 (4569936676)|VARIABLE_SCOPE_BEGIN|[102]|ncStatus|String|false|false
13:58:48.328 (4569958737)|VARIABLE_ASSIGNMENT|[102]|ncStatus|"SUBMITTED"
13:58:48.328 (4569980517)|HEAP_ALLOCATE|[103]|Bytes:5
13:58:48.328 (4569988737)|STATEMENT_EXECUTE|[102]
13:58:48.328 (4569990927)|STATEMENT_EXECUTE|[103]
13:58:48.328 (4570012527)|HEAP_ALLOCATE|[103]|Bytes:5
13:58:48.328 (4570019977)|METHOD_EXIT|[527]|01pPj00000cpZZ8|NuveiConnectWebhookHandler.isApprovedStatus(String)
13:58:48.328 (4570024047)|STATEMENT_EXECUTE|[527]
13:58:48.328 (4570024987)|STATEMENT_EXECUTE|[542]
13:58:48.328 (4570026377)|HEAP_ALLOCATE|[542]|Bytes:5
13:58:48.328 (4570032067)|METHOD_EXIT|[671]|01pPj00000cpZZ8|NuveiConnectWebhookHandler.handleStatusUpdate(Compliance__c, NuveiConnectWebhookHandler.NuveiConnectRequest)
13:58:48.328 (4570035237)|STATEMENT_EXECUTE|[675]
13:58:48.328 (4570047717)|METHOD_EXIT|[414]|01pPj00000cpZZ8|NuveiConnectWebhookHandler.createAllObjects(NuveiConnectWebhookHandler.NuveiConnectRequest)
13:58:48.328 (4570054187)|VARIABLE_SCOPE_BEGIN|[414]|complianceId|Id|false|false
13:58:48.328 (4570060157)|VARIABLE_ASSIGNMENT|[414]|complianceId|null
13:58:48.328 (4570062117)|STATEMENT_EXECUTE|[415]
13:58:48.328 (4570062777)|STATEMENT_EXECUTE|[418]
13:58:48.328 (4570072147)|HEAP_ALLOCATE|[418]|Bytes:5
13:58:48.328 (4570103037)|VARIABLE_ASSIGNMENT|[418]|this.success|true|0x1459b0fe
13:58:48.328 (4570106467)|STATEMENT_EXECUTE|[419]
13:58:48.328 (4570108557)|HEAP_ALLOCATE|[419]|Bytes:46
13:58:48.328 (4570157588)|HEAP_ALLOCATE|[419]|Bytes:55
13:58:48.328 (4570164398)|VARIABLE_ASSIGNMENT|[419]|this.message|"Status updated to (c (35 more) ..."|0x1459b0fe
13:58:48.328 (4570168118)|STATEMENT_EXECUTE|[434]
13:58:48.328 (4570171588)|METHOD_EXIT|[38]|01pPj00000cpZZ8|NuveiConnectWebhookHandler.processWebhook(NuveiConnectWebhookHandler.NuveiConnectRequest)
13:58:48.328 (4570174048)|VARIABLE_SCOPE_BEGIN|[37]|r|NuveiConnectWebhookHandler.WebhookResult|true|false
13:58:48.328 (4570218368)|VARIABLE_ASSIGNMENT|[37]|r|{"message":"Status updated to (c (35 more) ...","success":true}|0x1459b0fe
13:58:48.328 (4570220658)|STATEMENT_EXECUTE|[40]
13:58:48.328 (4570290159)|HEAP_ALLOCATE|[40]|Bytes:4
13:58:48.328 (4570373809)|HEAP_ALLOCATE|[41]|Bytes:28
13:58:48.328 (4571871248)|VARIABLE_ASSIGNMENT|[40]|this.Class_Name__c|"NuveiConnectWebhookQ (8 more) ..."|0x16b6a3f7
13:58:48.328 (4571886638)|HEAP_ALLOCATE|[42]|Bytes:7
13:58:48.328 (4571897118)|VARIABLE_ASSIGNMENT|[40]|this.Method_Name__c|"execute"|0x16b6a3f7
13:58:48.328 (4571901728)|HEAP_ALLOCATE|[43]|Bytes:4
13:58:48.328 (4571907928)|VARIABLE_ASSIGNMENT|[40]|this.Type__c|"Info"|0x16b6a3f7
13:58:48.328 (4571910238)|HEAP_ALLOCATE|[44]|Bytes:28
13:58:48.328 (4571912038)|HEAP_ALLOCATE|[44]|Bytes:2
13:58:48.328 (4571917338)|HEAP_ALLOCATE|[44]|Bytes:99
13:58:48.328 (4571923458)|VARIABLE_ASSIGNMENT|[40]|this.Note__c|"Async processing res (79 more) ..."|0x16b6a3f7
13:58:48.328 (4571960309)|HEAP_ALLOCATE|[40]|Bytes:8
13:58:48.328 (4573065865)|DML_BEGIN|[40]|Op:Insert|Type:Execution_Log__c|Rows:1
13:58:48.328 (4573167236)|HEAP_ALLOCATE|[EXTERNAL]|Bytes:8
13:58:48.328 (4573211946)|EXCEPTION_THROWN|[40]|System.SecurityException: Access to entity 'Execution_Log__c' denied
13:58:48.328 (4573250426)|HEAP_ALLOCATE|[40]|Bytes:46
13:58:48.328 (4573282356)|VARIABLE_SCOPE_BEGIN|[46]|e|Exception|true|false
13:58:48.328 (4573317617)|VARIABLE_ASSIGNMENT|[46]|e|"common.apex.runtime.impl.ExecutionException: Access to entity 'Execution_Log__c' denied"|0x107e95ca
13:58:48.328 (4573320977)|STATEMENT_EXECUTE|[46]
13:58:48.328 (4573321997)|STATEMENT_EXECUTE|[47]
13:58:48.328 (4573322517)|STATEMENT_EXECUTE|[47]
13:58:48.328 (4573323097)|STATEMENT_EXECUTE|[48]
13:58:48.328 (4573333367)|HEAP_ALLOCATE|[48]|Bytes:4
13:58:48.328 (4573355477)|VARIABLE_ASSIGNMENT|[48]|this.Class_Name__c|"NuveiConnectWebhookQ (8 more) ..."|0x33b49040
13:58:48.328 (4573363807)|VARIABLE_ASSIGNMENT|[48]|this.Method_Name__c|"execute"|0x33b49040
13:58:48.328 (4573366527)|HEAP_ALLOCATE|[51]|Bytes:5
13:58:48.328 (4573372167)|VARIABLE_ASSIGNMENT|[48]|this.Type__c|"Error"|0x33b49040
13:58:48.328 (4573374437)|HEAP_ALLOCATE|[52]|Bytes:28
13:58:48.328 (4573443147)|HEAP_ALLOCATE|[53]|Bytes:42
13:58:48.328 (4573450407)|HEAP_ALLOCATE|[52]|Bytes:86
13:58:48.328 (4573460917)|VARIABLE_ASSIGNMENT|[48]|this.Note__c|"Async processing FAI (66 more) ..."|0x33b49040
13:58:48.328 (4573484178)|HEAP_ALLOCATE|[54]|Bytes:61
13:58:48.328 (4573493938)|VARIABLE_ASSIGNMENT|[48]|this.Payload__c|"Class.NuveiConnectWe (41 more) ..."|0x33b49040
13:58:48.328 (4573506038)|HEAP_ALLOCATE|[48]|Bytes:8
13:58:48.328 (4573511638)|DML_BEGIN|[48]|Op:Insert|Type:Execution_Log__c|Rows:1
13:58:48.328 (4573526988)|HEAP_ALLOCATE|[EXTERNAL]|Bytes:8
13:58:48.328 (4573534128)|EXCEPTION_THROWN|[48]|System.SecurityException: Access to entity 'Execution_Log__c' denied
13:58:48.328 (4573541568)|HEAP_ALLOCATE|[48]|Bytes:46
13:58:48.328 (4573549338)|VARIABLE_SCOPE_BEGIN|[56]|ignore|Exception|true|false
13:58:48.328 (4573559268)|VARIABLE_ASSIGNMENT|[56]|ignore|"common.apex.runtime.impl.ExecutionException: Access to entity 'Execution_Log__c' denied"|0x4719efe6
13:58:48.328 (4573561678)|STATEMENT_EXECUTE|[56]
13:58:48.328 (4573606848)|CODE_UNIT_FINISHED|NuveiConnectWebhookQueueable
13:58:48.328 (4573614328)|EXECUTION_FINISHED
